bea_industry,industry_title,national_output_2017_usd,national_labor_compensation_per_output,national_value_added_per_output_2024,national_jobs_per_output_2024,national_earnings_per_output_2024,national_wage_per_output_2024,source_data_year,source_price_year,currency,price_year,download_url,sha256,fallback_status,mapping_status
1111A0,Oilseed farming,38216000000.0,0.02778940757797781,0.4623717814527946,4.767379089405546e-07,0.02778940757797781,0.022712900021999365,2017 production; 2024 satellite,2024,USD,2024,https://apps.bea.gov/industry/xls/io-annual/Use_SUT_Framework_2017_DET.xlsx;https://apps.bea.gov/industry/xls/io-annual/Supply_2017_DET.xlsx;https://data.bls.gov/cew/data/files/2024/csv/2024_annual_singlefile.zip,07aa2a21151e78ec1462c8f48142d274c153d90aff07bd797e07c6bc8486911e;7a3a403f7a7e8335e61776c1da6c423409d54090acaee597bbae738fa9a6703e;334ac1ec9101f516ed9698859a165666c6f6d08a51b35cb5fc1e1bf62e06b0da,none,resolved
1111B0,Grain farming,67413000000.0,0.04671205850503612,0.28685861777401983,7.978426438170804e-07,0.04671205850503611,0.03817880290069412,2017 production; 2024 satellite,2024,USD,2024,https://apps.bea.gov/industry/xls/io-annual/Use_SUT_Framework_2017_DET.xlsx;https://apps.bea.gov/industry/xls/io-annual/Supply_2017_DET.xlsx;https://data.bls.gov/cew/data/files/2024/csv/2024_annual_singlefile.zip,07aa2a21151e78ec1462c8f48142d274c153d90aff07bd797e07c6bc8486911e;7a3a403f7a7e8335e61776c1da6c423409d54090acaee597bbae738fa9a6703e;334ac1ec9101f516ed9698859a165666c6f6d08a51b35cb5fc1e1bf62e06b0da,none,resolved
111200,Vegetable and melon farming,18806000000.0,0.132776773370201,0.43342550249920236,2.6339968380123238e-06,0.132776773370201,0.10852140587519835,2017 production; 2024 satellite,2024,USD,2024,https://apps.bea.gov/industry/xls/io-annual/Use_SUT_Framework_2017_DET.xlsx;https://apps.bea.gov/industry/xls/io-annual/Supply_2017_DET.xlsx;https://data.bls.gov/cew/data/files/2024/csv/2024_annual_singlefile.zip,07aa2a21151e78ec1462c8f48142d274c153d90aff07bd797e07c6bc8486911e;7a3a403f7a7e8335e61776c1da6c423409d54090acaee597bbae738fa9a6703e;334ac1ec9101f516ed9698859a165666c6f6d08a51b35cb5fc1e1bf62e06b0da,none,resolved
111300,Fruit and tree nut farming,29958000000.0,0.1729754990319781,0.6086854930235663,4.261541983302027e-06,0.17297549903197812,0.14137671718062067,2017 production; 2024 satellite,2024,USD,2024,https://apps.bea.gov/industry/xls/io-annual/Use_SUT_Framework_2017_DET.xlsx;https://apps.bea.gov/industry/xls/io-annual/Supply_2017_DET.xlsx;https://data.bls.gov/cew/data/files/2024/csv/2024_annual_singlefile.zip,07aa2a21151e78ec1462c8f48142d274c153d90aff07bd797e07c6bc8486911e;7a3a403f7a7e8335e61776c1da6c423409d54090acaee597bbae738fa9a6703e;334ac1ec9101f516ed9698859a165666c6f6d08a51b35cb5fc1e1bf62e06b0da,none,resolved
111400,"Greenhouse, nursery, and floriculture production",19868000000.0,0.27461244211797864,0.5150493255486209,5.16355851079535e-06,0.27461244211797864,0.22444684814243923,2017 production; 2024 satellite,2024,USD,2024,https://apps.bea.gov/industry/xls/io-annual/Use_SUT_Framework_2017_DET.xlsx;https://apps.bea.gov/industry/xls/io-annual/Supply_2017_DET.xlsx;https://data.bls.gov/cew/data/files/2024/csv/2024_annual_singlefile.zip,07aa2a21151e78ec1462c8f48142d274c153d90aff07bd797e07c6bc8486911e;7a3a403f7a7e8335e61776c1da6c423409d54090acaee597bbae738fa9a6703e;334ac1ec9101f516ed9698859a165666c6f6d08a51b35cb5fc1e1bf62e06b0da,none,resolved
111900,Other crop farming,27160000000.0,0.17757731958762887,0.3558541973490427,3.2088248180509093e-06,0.1775773195876289,0.14513788732814503,2017 production; 2024 satellite,2024,USD,2024,https://apps.bea.gov/industry/xls/io-annual/Use_SUT_Framework_2017_DET.xlsx;https://apps.bea.gov/industry/xls/io-annual/Supply_2017_DET.xlsx;https://data.bls.gov/cew/data/files/2024/csv/2024_annual_singlefile.zip,07aa2a21151e78ec1462c8f48142d274c153d90aff07bd797e07c6bc8486911e;7a3a403f7a7e8335e61776c1da6c423409d54090acaee597bbae738fa9a6703e;334ac1ec9101f516ed9698859a165666c6f6d08a51b35cb5fc1e1bf62e06b0da,none,resolved
112120,Dairy cattle and milk production,38538000000.0,0.05654159530852665,0.24951995433079038,1.0339465138548392e-06,0.05654159530852665,0.04621270164624232,2017 production; 2024 satellite,2024,USD,2024,https://apps.bea.gov/industry/xls/io-annual/Use_SUT_Framework_2017_DET.xlsx;https://apps.bea.gov/industry/xls/io-annual/Supply_2017_DET.xlsx;https://data.bls.gov/cew/data/files/2024/csv/2024_annual_singlefile.zip,07aa2a21151e78ec1462c8f48142d274c153d90aff07bd797e07c6bc8486911e;7a3a403f7a7e8335e61776c1da6c423409d54090acaee597bbae738fa9a6703e;334ac1ec9101f516ed9698859a165666c6f6d08a51b35cb5fc1e1bf62e06b0da,none,resolved
1121A0,"Beef cattle ranching and farming, including feedlots and dual-purpose ranching and farming",88052000000.0,0.013980375232816972,0.3100667787216645,2.5410485640823787e-07,0.013980375232816972,0.011426471184820933,2017 production; 2024 satellite,2024,USD,2024,https://apps.bea.gov/industry/xls/io-annual/Use_SUT_Framework_2017_DET.xlsx;https://apps.bea.gov/industry/xls/io-annual/Supply_2017_DET.xlsx;https://data.bls.gov/cew/data/files/2024/csv/2024_annual_singlefile.zip,07aa2a21151e78ec1462c8f48142d274c153d90aff07bd797e07c6bc8486911e;7a3a403f7a7e8335e61776c1da6c423409d54090acaee597bbae738fa9a6703e;334ac1ec9101f516ed9698859a165666c6f6d08a51b35cb5fc1e1bf62e06b0da,none,resolved
112300,Poultry and egg production,44568000000.0,0.05656524860886735,0.13040746724106983,8.817887158141523e-07,0.05656524860886735,0.04623203401395549,2017 production; 2024 satellite,2024,USD,2024,https://apps.bea.gov/industry/xls/io-annual/Use_SUT_Framework_2017_DET.xlsx;https://apps.bea.gov/industry/xls/io-annual/Supply_2017_DET.xlsx;https://data.bls.gov/cew/data/files/2024/csv/2024_annual_singlefile.zip,07aa2a21151e78ec1462c8f48142d274c153d90aff07bd797e07c6bc8486911e;7a3a403f7a7e8335e61776c1da6c423409d54090acaee597bbae738fa9a6703e;334ac1ec9101f516ed9698859a165666c6f6d08a51b35cb5fc1e1bf62e06b0da,none,resolved
112A00,"Animal production, except cattle and poultry and eggs",33065000000.0,0.08350219265083926,0.6903674580371995,1.4552559215285076e-06,0.08350219265083926,0.06824819665458493,2017 production; 2024 satellite,2024,USD,2024,https://apps.bea.gov/industry/xls/io-annual/Use_SUT_Framework_2017_DET.xlsx;https://apps.bea.gov/industry/xls/io-annual/Supply_2017_DET.xlsx;https://data.bls.gov/cew/data/files/2024/csv/2024_annual_singlefile.zip,07aa2a21151e78ec1462c8f48142d274c153d90aff07bd797e07c6bc8486911e;7a3a403f7a7e8335e61776c1da6c423409d54090acaee597bbae738fa9a6703e;334ac1ec9101f516ed9698859a165666c6f6d08a51b35cb5fc1e1bf62e06b0da,none,resolved
113000,Forestry and logging,18766000000.0,0.441649792177342,0.5663433869764468,7.114860336645677e-06,0.441649792177342,0.36097018428021904,2017 production; 2024 satellite,2024,USD,2024,https://apps.bea.gov/industry/xls/io-annual/Use_SUT_Framework_2017_DET.xlsx;https://apps.bea.gov/industry/xls/io-annual/Supply_2017_DET.xlsx;https://data.bls.gov/cew/data/files/2024/csv/2024_annual_singlefile.zip,07aa2a21151e78ec1462c8f48142d274c153d90aff07bd797e07c6bc8486911e;7a3a403f7a7e8335e61776c1da6c423409d54090acaee597bbae738fa9a6703e;334ac1ec9101f516ed9698859a165666c6f6d08a51b35cb5fc1e1bf62e06b0da,none,resolved
114000,"Fishing, hunting and trapping",8480000000.0,0.10554245283018868,0.7589622641509434,1.733084478698512e-06,0.10554245283018868,0.08626219081792667,2017 production; 2024 satellite,2024,USD,2024,https://apps.bea.gov/industry/xls/io-annual/Use_SUT_Framework_2017_DET.xlsx;https://apps.bea.gov/industry/xls/io-annual/Supply_2017_DET.xlsx;https://data.bls.gov/cew/data/files/2024/csv/2024_annual_singlefile.zip,07aa2a21151e78ec1462c8f48142d274c153d90aff07bd797e07c6bc8486911e;7a3a403f7a7e8335e61776c1da6c423409d54090acaee597bbae738fa9a6703e;334ac1ec9101f516ed9698859a165666c6f6d08a51b35cb5fc1e1bf62e06b0da,none,resolved
115000,Support activities for agriculture and forestry,25650000000.0,0.629551656920078,0.8014424951267056,9.887343135885173e-06,0.629551656920078,0.5145465516739268,2017 production; 2024 satellite,2024,USD,2024,https://apps.bea.gov/industry/xls/io-annual/Use_SUT_Framework_2017_DET.xlsx;https://apps.bea.gov/industry/xls/io-annual/Supply_2017_DET.xlsx;https://data.bls.gov/cew/data/files/2024/csv/2024_annual_singlefile.zip,07aa2a21151e78ec1462c8f48142d274c153d90aff07bd797e07c6bc8486911e;7a3a403f7a7e8335e61776c1da6c423409d54090acaee597bbae738fa9a6703e;334ac1ec9101f516ed9698859a165666c6f6d08a51b35cb5fc1e1bf62e06b0da,none,resolved
211000,Oil and gas extraction,245652000000.0,0.1192459251298585,0.6218878739029196,9.266030146906958e-07,0.1192459251298585,0.09746234308541474,2017 production; 2024 satellite,2024,USD,2024,https://apps.bea.gov/industry/xls/io-annual/Use_SUT_Framework_2017_DET.xlsx;https://apps.bea.gov/industry/xls/io-annual/Supply_2017_DET.xlsx;https://data.bls.gov/cew/data/files/2024/csv/2024_annual_singlefile.zip,07aa2a21151e78ec1462c8f48142d274c153d90aff07bd797e07c6bc8486911e;7a3a403f7a7e8335e61776c1da6c423409d54090acaee597bbae738fa9a6703e;334ac1ec9101f516ed9698859a165666c6f6d08a51b35cb5fc1e1bf62e06b0da,none,resolved
212100,Coal mining,35823000000.0,0.1552354632498674,0.5059040281383469,1.2964113420159499e-06,0.1552354632498674,0.12687739192601977,2017 production; 2024 satellite,2024,USD,2024,https://apps.bea.gov/industry/xls/io-annual/Use_SUT_Framework_2017_DET.xlsx;https://apps.bea.gov/industry/xls/io-annual/Supply_2017_DET.xlsx;https://data.bls.gov/cew/data/files/2024/csv/2024_annual_singlefile.zip,07aa2a21151e78ec1462c8f48142d274c153d90aff07bd797e07c6bc8486911e;7a3a403f7a7e8335e61776c1da6c423409d54090acaee597bbae738fa9a6703e;334ac1ec9101f516ed9698859a165666c6f6d08a51b35cb5fc1e1bf62e06b0da,none,resolved
212230,"Copper, nickel, lead, and zinc mining",13355000000.0,0.11695994009734181,0.510295769374766,9.806374472784352e-07,0.11695994009734183,0.09559395674613616,2017 production; 2024 satellite,2024,USD,2024,https://apps.bea.gov/industry/xls/io-annual/Use_SUT_Framework_2017_DET.xlsx;https://apps.bea.gov/industry/xls/io-annual/Supply_2017_DET.xlsx;https://data.bls.gov/cew/data/files/2024/csv/2024_annual_singlefile.zip,07aa2a21151e78ec1462c8f48142d274c153d90aff07bd797e07c6bc8486911e;7a3a403f7a7e8335e61776c1da6c423409d54090acaee597bbae738fa9a6703e;334ac1ec9101f516ed9698859a165666c6f6d08a51b35cb5fc1e1bf62e06b0da,none,resolved
2122A0,"Iron, gold, silver, and other metal ore mining",15624000000.0,0.1834357398873528,0.4153225806451613,1.5228878956027521e-06,0.1834357398873528,0.1499261043558419,2017 production; 2024 satellite,2024,USD,2024,https://apps.bea.gov/industry/xls/io-annual/Use_SUT_Framework_2017_DET.xlsx;https://apps.bea.gov/industry/xls/io-annual/Supply_2017_DET.xlsx;https://data.bls.gov/cew/data/files/2024/csv/2024_annual_singlefile.zip,07aa2a21151e78ec1462c8f48142d274c153d90aff07bd797e07c6bc8486911e;7a3a403f7a7e8335e61776c1da6c423409d54090acaee597bbae738fa9a6703e;334ac1ec9101f516ed9698859a165666c6f6d08a51b35cb5fc1e1bf62e06b0da,none,resolved
212310,Stone mining and quarrying,16462000000.0,0.19566273842789456,0.5449520106912891,1.9392301238410263e-06,0.19566273842789456,0.15991950182720555,2017 production; 2024 satellite,2024,USD,2024,https://apps.bea.gov/industry/xls/io-annual/Use_SUT_Framework_2017_DET.xlsx;https://apps.bea.gov/industry/xls/io-annual/Supply_2017_DET.xlsx;https://data.bls.gov/cew/data/files/2024/csv/2024_annual_singlefile.zip,07aa2a21151e78ec1462c8f48142d274c153d90aff07bd797e07c6bc8486911e;7a3a403f7a7e8335e61776c1da6c423409d54090acaee597bbae738fa9a6703e;334ac1ec9101f516ed9698859a165666c6f6d08a51b35cb5fc1e1bf62e06b0da,none,resolved
2123A0,Other nonmetallic mineral mining and quarrying,18208000000.0,0.24242091388400702,0.5210896309314587,2.338070388983338e-06,0.24242091388400702,0.19813599713628144,2017 production; 2024 satellite,2024,USD,2024,https://apps.bea.gov/industry/xls/io-annual/Use_SUT_Framework_2017_DET.xlsx;https://apps.bea.gov/industry/xls/io-annual/Supply_2017_DET.xlsx;https://data.bls.gov/cew/data/files/2024/csv/2024_annual_singlefile.zip,07aa2a21151e78ec1462c8f48142d274c153d90aff07bd797e07c6bc8486911e;7a3a403f7a7e8335e61776c1da6c423409d54090acaee597bbae738fa9a6703e;334ac1ec9101f516ed9698859a165666c6f6d08a51b35cb5fc1e1bf62e06b0da,none,resolved
213111,Drilling oil and gas wells,26962000000.0,0.24697722720866405,0.4853126622654106,2.3146652030324783e-06,0.24697722720866405,0.20185997321318952,2017 production; 2024 satellite,2024,USD,2024,https://apps.bea.gov/industry/xls/io-annual/Use_SUT_Framework_2017_DET.xlsx;https://apps.bea.gov/industry/xls/io-annual/Supply_2017_DET.xlsx;https://data.bls.gov/cew/data/files/2024/csv/2024_annual_singlefile.zip,07aa2a21151e78ec1462c8f48142d274c153d90aff07bd797e07c6bc8486911e;7a3a403f7a7e8335e61776c1da6c423409d54090acaee597bbae738fa9a6703e;334ac1ec9101f516ed9698859a165666c6f6d08a51b35cb5fc1e1bf62e06b0da,none,resolved
21311A,Other support activities for mining,79752000000.0,0.2922309158391012,0.5094041528739092,2.511050354550693e-06,0.2922309158391012,0.2388468180246759,2017 production; 2024 satellite,2024,USD,2024,https://apps.bea.gov/industry/xls/io-annual/Use_SUT_Framework_2017_DET.xlsx;https://apps.bea.gov/industry/xls/io-annual/Supply_2017_DET.xlsx;https://data.bls.gov/cew/data/files/2024/csv/2024_annual_singlefile.zip,07aa2a21151e78ec1462c8f48142d274c153d90aff07bd797e07c6bc8486911e;7a3a403f7a7e8335e61776c1da6c423409d54090acaee597bbae738fa9a6703e;334ac1ec9101f516ed9698859a165666c6f6d08a51b35cb5fc1e1bf62e06b0da,none,resolved
221100,"Electric power generation, transmission, and distribution",365849000000.0,0.16566397612129594,0.6420053082009244,1.0351265441851195e-06,0.1656639761212959,0.13540084711527667,2017 production; 2024 satellite,2024,USD,2024,https://apps.bea.gov/industry/xls/io-annual/Use_SUT_Framework_2017_DET.xlsx;https://apps.bea.gov/industry/xls/io-annual/Supply_2017_DET.xlsx;https://data.bls.gov/cew/data/files/2024/csv/2024_annual_singlefile.zip,07aa2a21151e78ec1462c8f48142d274c153d90aff07bd797e07c6bc8486911e;7a3a403f7a7e8335e61776c1da6c423409d54090acaee597bbae738fa9a6703e;334ac1ec9101f516ed9698859a165666c6f6d08a51b35cb5fc1e1bf62e06b0da,none,resolved
221200,Natural gas distribution,64126000000.0,0.2622961045441786,0.6251442472632006,1.8377570880327524e-06,0.2622961045441786,0.2143804318949551,2017 production; 2024 satellite,2024,USD,2024,https://apps.bea.gov/industry/xls/io-annual/Use_SUT_Framework_2017_DET.xlsx;https://apps.bea.gov/industry/xls/io-annual/Supply_2017_DET.xlsx;https://data.bls.gov/cew/data/files/2024/csv/2024_annual_singlefile.zip,07aa2a21151e78ec1462c8f48142d274c153d90aff07bd797e07c6bc8486911e;7a3a403f7a7e8335e61776c1da6c423409d54090acaee597bbae738fa9a6703e;334ac1ec9101f516ed9698859a165666c6f6d08a51b35cb5fc1e1bf62e06b0da,none,resolved
221300,"Water, sewage and other systems",14813000000.0,0.2801593195166408,0.6355228515493148,2.9763764913717547e-06,0.2801593195166408,0.2289804342376657,2017 production; 2024 satellite,2024,USD,2024,https://apps.bea.gov/industry/xls/io-annual/Use_SUT_Framework_2017_DET.xlsx;https://apps.bea.gov/industry/xls/io-annual/Supply_2017_DET.xlsx;https://data.bls.gov/cew/data/files/2024/csv/2024_annual_singlefile.zip,07aa2a21151e78ec1462c8f48142d274c153d90aff07bd797e07c6bc8486911e;7a3a403f7a7e8335e61776c1da6c423409d54090acaee597bbae738fa9a6703e;334ac1ec9101f516ed9698859a165666c6f6d08a51b35cb5fc1e1bf62e06b0da,none,resolved
233210,Health care structures,45025000000.0,0.4503942254303165,0.6510605219322598,4.724631920301076e-06,0.4503942254303165,0.36811720379355506,2017 production; 2024 satellite,2024,USD,2024,https://apps.bea.gov/industry/xls/io-annual/Use_SUT_Framework_2017_DET.xlsx;https://apps.bea.gov/industry/xls/io-annual/Supply_2017_DET.xlsx;https://data.bls.gov/cew/data/files/2024/csv/2024_annual_singlefile.zip,07aa2a21151e78ec1462c8f48142d274c153d90aff07bd797e07c6bc8486911e;7a3a403f7a7e8335e61776c1da6c423409d54090acaee597bbae738fa9a6703e;334ac1ec9101f516ed9698859a165666c6f6d08a51b35cb5fc1e1bf62e06b0da,none,resolved
233262,Educational and vocational structures,94786000000.0,0.3644314561222121,0.564967400248982,3.822883139124963e-06,0.36443145612221217,0.2978579231870684,2017 production; 2024 satellite,2024,USD,2024,https://apps.bea.gov/industry/xls/io-annual/Use_SUT_Framework_2017_DET.xlsx;https://apps.bea.gov/industry/xls/io-annual/Supply_2017_DET.xlsx;https://data.bls.gov/cew/data/files/2024/csv/2024_annual_singlefile.zip,07aa2a21151e78ec1462c8f48142d274c153d90aff07bd797e07c6bc8486911e;7a3a403f7a7e8335e61776c1da6c423409d54090acaee597bbae738fa9a6703e;334ac1ec9101f516ed9698859a165666c6f6d08a51b35cb5fc1e1bf62e06b0da,none,resolved
230301,Nonresidential maintenance and repair,200524000000.0,0.30454209969878915,0.5063832758173585,3.1946442562350884e-06,0.30454209969878915,0.24890902202715115,2017 production; 2024 satellite,2024,USD,2024,https://apps.bea.gov/industry/xls/io-annual/Use_SUT_Framework_2017_DET.xlsx;https://apps.bea.gov/industry/xls/io-annual/Supply_2017_DET.xlsx;https://data.bls.gov/cew/data/files/2024/csv/2024_annual_singlefile.zip,07aa2a21151e78ec1462c8f48142d274c153d90aff07bd797e07c6bc8486911e;7a3a403f7a7e8335e61776c1da6c423409d54090acaee597bbae738fa9a6703e;334ac1ec9101f516ed9698859a165666c6f6d08a51b35cb5fc1e1bf62e06b0da,none,resolved
230302,Residential maintenance and repair,80273000000.0,0.3479127477483089,0.550060418820774,3.649602016812788e-06,0.3479127477483088,0.28435681594913104,2017 production; 2024 satellite,2024,USD,2024,https://apps.bea.gov/industry/xls/io-annual/Use_SUT_Framework_2017_DET.xlsx;https://apps.bea.gov/industry/xls/io-annual/Supply_2017_DET.xlsx;https://data.bls.gov/cew/data/files/2024/csv/2024_annual_singlefile.zip,07aa2a21151e78ec1462c8f48142d274c153d90aff07bd797e07c6bc8486911e;7a3a403f7a7e8335e61776c1da6c423409d54090acaee597bbae738fa9a6703e;334ac1ec9101f516ed9698859a165666c6f6d08a51b35cb5fc1e1bf62e06b0da,none,resolved
2332A0,Office and commercial structures,160242000000.0,0.3375394715492817,0.5068521361440821,3.5407864301981995e-06,0.3375394715492817,0.27587850691904575,2017 production; 2024 satellite,2024,USD,2024,https://apps.bea.gov/industry/xls/io-annual/Use_SUT_Framework_2017_DET.xlsx;https://apps.bea.gov/industry/xls/io-annual/Supply_2017_DET.xlsx;https://data.bls.gov/cew/data/files/2024/csv/2024_annual_singlefile.zip,07aa2a21151e78ec1462c8f48142d274c153d90aff07bd797e07c6bc8486911e;7a3a403f7a7e8335e61776c1da6c423409d54090acaee597bbae738fa9a6703e;334ac1ec9101f516ed9698859a165666c6f6d08a51b35cb5fc1e1bf62e06b0da,none,resolved
233412,Multifamily residential structures,75093000000.0,0.3421224348474558,0.5455901348993915,3.588861679536563e-06,0.3421224348474558,0.2796242646112108,2017 production; 2024 satellite,2024,USD,2024,https://apps.bea.gov/industry/xls/io-annual/Use_SUT_Framework_2017_DET.xlsx;https://apps.bea.gov/industry/xls/io-annual/Supply_2017_DET.xlsx;https://data.bls.gov/cew/data/files/2024/csv/2024_annual_singlefile.zip,07aa2a21151e78ec1462c8f48142d274c153d90aff07bd797e07c6bc8486911e;7a3a403f7a7e8335e61776c1da6c423409d54090acaee597bbae738fa9a6703e;334ac1ec9101f516ed9698859a165666c6f6d08a51b35cb5fc1e1bf62e06b0da,none,resolved
2334A0,Other residential structures,250167000000.0,0.20975988039989288,0.43271894374557796,2.2003795132786402e-06,0.20975988039989288,0.17144140906137295,2017 production; 2024 satellite,2024,USD,2024,https://apps.bea.gov/industry/xls/io-annual/Use_SUT_Framework_2017_DET.xlsx;https://apps.bea.gov/industry/xls/io-annual/Supply_2017_DET.xlsx;https://data.bls.gov/cew/data/files/2024/csv/2024_annual_singlefile.zip,07aa2a21151e78ec1462c8f48142d274c153d90aff07bd797e07c6bc8486911e;7a3a403f7a7e8335e61776c1da6c423409d54090acaee597bbae738fa9a6703e;334ac1ec9101f516ed9698859a165666c6f6d08a51b35cb5fc1e1bf62e06b0da,none,resolved
233230,Manufacturing structures,63523000000.0,0.37060592226437666,0.5714780473214426,3.887653240913495e-06,0.37060592226437666,0.3029044515012358,2017 production; 2024 satellite,2024,USD,2024,https://apps.bea.gov/industry/xls/io-annual/Use_SUT_Framework_2017_DET.xlsx;https://apps.bea.gov/industry/xls/io-annual/Supply_2017_DET.xlsx;https://data.bls.gov/cew/data/files/2024/csv/2024_annual_singlefile.zip,07aa2a21151e78ec1462c8f48142d274c153d90aff07bd797e07c6bc8486911e;7a3a403f7a7e8335e61776c1da6c423409d54090acaee597bbae738fa9a6703e;334ac1ec9101f516ed9698859a165666c6f6d08a51b35cb5fc1e1bf62e06b0da,none,resolved
2332D0,Other nonresidential structures,114163000000.0,0.37562082285854437,0.5774200047300789,3.94025950912598e-06,0.37562082285854437,0.3070032411388336,2017 production; 2024 satellite,2024,USD,2024,https://apps.bea.gov/industry/xls/io-annual/Use_SUT_Framework_2017_DET.xlsx;https://apps.bea.gov/industry/xls/io-annual/Supply_2017_DET.xlsx;https://data.bls.gov/cew/data/files/2024/csv/2024_annual_singlefile.zip,07aa2a21151e78ec1462c8f48142d274c153d90aff07bd797e07c6bc8486911e;7a3a403f7a7e8335e61776c1da6c423409d54090acaee597bbae738fa9a6703e;334ac1ec9101f516ed9698859a165666c6f6d08a51b35cb5fc1e1bf62e06b0da,none,resolved
233240,Power and communication structures,102085000000.0,0.38018318068276435,0.6802076700788559,3.988118607202894e-06,0.38018318068276435,0.3107321575194841,2017 production; 2024 satellite,2024,USD,2024,https://apps.bea.gov/industry/xls/io-annual/Use_SUT_Framework_2017_DET.xlsx;https://apps.bea.gov/industry/xls/io-annual/Supply_2017_DET.xlsx;https://data.bls.gov/cew/data/files/2024/csv/2024_annual_singlefile.zip,07aa2a21151e78ec1462c8f48142d274c153d90aff07bd797e07c6bc8486911e;7a3a403f7a7e8335e61776c1da6c423409d54090acaee597bbae738fa9a6703e;334ac1ec9101f516ed9698859a165666c6f6d08a51b35cb5fc1e1bf62e06b0da,none,resolved
233411,Single-family residential structures,254640000000.0,0.3715166509582155,0.5336592836946277,3.8972067778255954e-06,0.3715166509582155,0.30364881029018387,2017 production; 2024 satellite,2024,USD,2024,https://apps.bea.gov/industry/xls/io-annual/Use_SUT_Framework_2017_DET.xlsx;https://apps.bea.gov/industry/xls/io-annual/Supply_2017_DET.xlsx;https://data.bls.gov/cew/data/files/2024/csv/2024_annual_singlefile.zip,07aa2a21151e78ec1462c8f48142d274c153d90aff07bd797e07c6bc8486911e;7a3a403f7a7e8335e61776c1da6c423409d54090acaee597bbae738fa9a6703e;334ac1ec9101f516ed9698859a165666c6f6d08a51b35cb5fc1e1bf62e06b0da,none,resolved
2332C0,Transportation structures and highways and streets,135588000000.0,0.32829601439655426,0.5295970144850577,3.4438226365883096e-06,0.32829601439655426,0.26832362408901705,2017 production; 2024 satellite,2024,USD,2024,https://apps.bea.gov/industry/xls/io-annual/Use_SUT_Framework_2017_DET.xlsx;https://apps.bea.gov/industry/xls/io-annual/Supply_2017_DET.xlsx;https://data.bls.gov/cew/data/files/2024/csv/2024_annual_singlefile.zip,07aa2a21151e78ec1462c8f48142d274c153d90aff07bd797e07c6bc8486911e;7a3a403f7a7e8335e61776c1da6c423409d54090acaee597bbae738fa9a6703e;334ac1ec9101f516ed9698859a165666c6f6d08a51b35cb5fc1e1bf62e06b0da,none,resolved
321100,Sawmills and wood preservation,32968000000.0,0.1661914583838874,0.2807570977917981,2.102587460885362e-06,0.1661914583838874,0.13583197008398337,2017 production; 2024 satellite,2024,USD,2024,https://apps.bea.gov/industry/xls/io-annual/Use_SUT_Framework_2017_DET.xlsx;https://apps.bea.gov/industry/xls/io-annual/Supply_2017_DET.xlsx;https://data.bls.gov/cew/data/files/2024/csv/2024_annual_singlefile.zip,07aa2a21151e78ec1462c8f48142d274c153d90aff07bd797e07c6bc8486911e;7a3a403f7a7e8335e61776c1da6c423409d54090acaee597bbae738fa9a6703e;334ac1ec9101f516ed9698859a165666c6f6d08a51b35cb5fc1e1bf62e06b0da,none,resolved
321200,"Veneer, plywood, and engineered wood product manufacturing",24547000000.0,0.19900598851183443,0.3566219904672669,2.365870206605069e-06,0.19900598851183446,0.16265201437508883,2017 production; 2024 satellite,2024,USD,2024,https://apps.bea.gov/industry/xls/io-annual/Use_SUT_Framework_2017_DET.xlsx;https://apps.bea.gov/industry/xls/io-annual/Supply_2017_DET.xlsx;https://data.bls.gov/cew/data/files/2024/csv/2024_annual_singlefile.zip,07aa2a21151e78ec1462c8f48142d274c153d90aff07bd797e07c6bc8486911e;7a3a403f7a7e8335e61776c1da6c423409d54090acaee597bbae738fa9a6703e;334ac1ec9101f516ed9698859a165666c6f6d08a51b35cb5fc1e1bf62e06b0da,none,resolved
321910,Millwork,25614000000.0,0.2268681189974233,0.36054501444522524,3.0638335487106415e-06,0.22686811899742332,0.1854243524446696,2017 production; 2024 satellite,2024,USD,2024,https://apps.bea.gov/industry/xls/io-annual/Use_SUT_Framework_2017_DET.xlsx;https://apps.bea.gov/industry/xls/io-annual/Supply_2017_DET.xlsx;https://data.bls.gov/cew/data/files/2024/csv/2024_annual_singlefile.zip,07aa2a21151e78ec1462c8f48142d274c153d90aff07bd797e07c6bc8486911e;7a3a403f7a7e8335e61776c1da6c423409d54090acaee597bbae738fa9a6703e;334ac1ec9101f516ed9698859a165666c6f6d08a51b35cb5fc1e1bf62e06b0da,none,resolved
3219A0,All other wood product manufacturing,25206000000.0,0.24149012139966675,0.3301991589304134,3.4469342583107547e-06,0.24149012139966675,0.1973752397657356,2017 production; 2024 satellite,2024,USD,2024,https://apps.bea.gov/industry/xls/io-annual/Use_SUT_Framework_2017_DET.xlsx;https://apps.bea.gov/industry/xls/io-annual/Supply_2017_DET.xlsx;https://data.bls.gov/cew/data/files/2024/csv/2024_annual_singlefile.zip,07aa2a21151e78ec1462c8f48142d274c153d90aff07bd797e07c6bc8486911e;7a3a403f7a7e8335e61776c1da6c423409d54090acaee597bbae738fa9a6703e;334ac1ec9101f516ed9698859a165666c6f6d08a51b35cb5fc1e1bf62e06b0da,none,resolved
327100,Clay product and refractory manufacturing,8137000000.0,0.33415263610667323,0.4923190364999386,4.15340990015634e-06,0.33415263610667323,0.2731103710894828,2017 production; 2024 satellite,2024,USD,2024,https://apps.bea.gov/industry/xls/io-annual/Use_SUT_Framework_2017_DET.xlsx;https://apps.bea.gov/industry/xls/io-annual/Supply_2017_DET.xlsx;https://data.bls.gov/cew/data/files/2024/csv/2024_annual_singlefile.zip,07aa2a21151e78ec1462c8f48142d274c153d90aff07bd797e07c6bc8486911e;7a3a403f7a7e8335e61776c1da6c423409d54090acaee597bbae738fa9a6703e;334ac1ec9101f516ed9698859a165666c6f6d08a51b35cb5fc1e1bf62e06b0da,none,resolved
327200,Glass and glass product manufacturing,26370000000.0,0.23644292756920743,0.45369738339021615,2.912584547986515e-06,0.2364429275692074,0.19325005614887722,2017 production; 2024 satellite,2024,USD,2024,https://apps.bea.gov/industry/xls/io-annual/Use_SUT_Framework_2017_DET.xlsx;https://apps.bea.gov/industry/xls/io-annual/Supply_2017_DET.xlsx;https://data.bls.gov/cew/data/files/2024/csv/2024_annual_singlefile.zip,07aa2a21151e78ec1462c8f48142d274c153d90aff07bd797e07c6bc8486911e;7a3a403f7a7e8335e61776c1da6c423409d54090acaee597bbae738fa9a6703e;334ac1ec9101f516ed9698859a165666c6f6d08a51b35cb5fc1e1bf62e06b0da,none,resolved
327310,Cement manufacturing,8355000000.0,0.17067624177139437,0.5456612806702573,1.6594809023580825e-06,0.17067624177139437,0.13949748315456398,2017 production; 2024 satellite,2024,USD,2024,https://apps.bea.gov/industry/xls/io-annual/Use_SUT_Framework_2017_DET.xlsx;https://apps.bea.gov/industry/xls/io-annual/Supply_2017_DET.xlsx;https://data.bls.gov/cew/data/files/2024/csv/2024_annual_singlefile.zip,07aa2a21151e78ec1462c8f48142d274c153d90aff07bd797e07c6bc8486911e;7a3a403f7a7e8335e61776c1da6c423409d54090acaee597bbae738fa9a6703e;334ac1ec9101f516ed9698859a165666c6f6d08a51b35cb5fc1e1bf62e06b0da,none,resolved
327320,Ready-mix concrete manufacturing,31668000000.0,0.2211380573449539,0.3615953012504737,2.3383878351821133e-06,0.2211380573449539,0.18074104579024614,2017 production; 2024 satellite,2024,USD,2024,https://apps.bea.gov/industry/xls/io-annual/Use_SUT_Framework_2017_DET.xlsx;https://apps.bea.gov/industry/xls/io-annual/Supply_2017_DET.xlsx;https://data.bls.gov/cew/data/files/2024/csv/2024_annual_singlefile.zip,07aa2a21151e78ec1462c8f48142d274c153d90aff07bd797e07c6bc8486911e;7a3a403f7a7e8335e61776c1da6c423409d54090acaee597bbae738fa9a6703e;334ac1ec9101f516ed9698859a165666c6f6d08a51b35cb5fc1e1bf62e06b0da,none,resolved
327330,"Concrete pipe, brick, and block manufacturing",6424000000.0,0.2920298879202989,0.5076276463262764,3.2087720992560926e-06,0.2920298879202989,0.2386825134417669,2017 production; 2024 satellite,2024,USD,2024,https://apps.bea.gov/industry/xls/io-annual/Use_SUT_Framework_2017_DET.xlsx;https://apps.bea.gov/industry/xls/io-annual/Supply_2017_DET.xlsx;https://data.bls.gov/cew/data/files/2024/csv/2024_annual_singlefile.zip,07aa2a21151e78ec1462c8f48142d274c153d90aff07bd797e07c6bc8486911e;7a3a403f7a7e8335e61776c1da6c423409d54090acaee597bbae738fa9a6703e;334ac1ec9101f516ed9698859a165666c6f6d08a51b35cb5fc1e1bf62e06b0da,none,resolved
327390,Other concrete product manufacturing,12537000000.0,0.2851559384222701,0.486320491345617,3.250964365669168e-06,0.2851559384222701,0.23306428184518094,2017 production; 2024 satellite,2024,USD,2024,https://apps.bea.gov/industry/xls/io-annual/Use_SUT_Framework_2017_DET.xlsx;https://apps.bea.gov/industry/xls/io-annual/Supply_2017_DET.xlsx;https://data.bls.gov/cew/data/files/2024/csv/2024_annual_singlefile.zip,07aa2a21151e78ec1462c8f48142d274c153d90aff07bd797e07c6bc8486911e;7a3a403f7a7e8335e61776c1da6c423409d54090acaee597bbae738fa9a6703e;334ac1ec9101f516ed9698859a165666c6f6d08a51b35cb5fc1e1bf62e06b0da,none,resolved
327400,Lime and gypsum product manufacturing,8110000000.0,0.15906288532675708,0.4974106041923551,1.6084992042687686e-06,0.15906288532675708,0.13000562899730153,2017 production; 2024 satellite,2024,USD,2024,https://apps.bea.gov/industry/xls/io-annual/Use_SUT_Framework_2017_DET.xlsx;https://apps.bea.gov/industry/xls/io-annual/Supply_2017_DET.xlsx;https://data.bls.gov/cew/data/files/2024/csv/2024_annual_singlefile.zip,07aa2a21151e78ec1462c8f48142d274c153d90aff07bd797e07c6bc8486911e;7a3a403f7a7e8335e61776c1da6c423409d54090acaee597bbae738fa9a6703e;334ac1ec9101f516ed9698859a165666c6f6d08a51b35cb5fc1e1bf62e06b0da,none,resolved
327910,Abrasive product manufacturing,4835000000.0,0.16049638055842813,0.652947259565667,1.7941343925414264e-06,0.16049638055842813,0.1311772564883733,2017 production; 2024 satellite,2024,USD,2024,https://apps.bea.gov/industry/xls/io-annual/Use_SUT_Framework_2017_DET.xlsx;https://apps.bea.gov/industry/xls/io-annual/Supply_2017_DET.xlsx;https://data.bls.gov/cew/data/files/2024/csv/2024_annual_singlefile.zip,07aa2a21151e78ec1462c8f48142d274c153d90aff07bd797e07c6bc8486911e;7a3a403f7a7e8335e61776c1da6c423409d54090acaee597bbae738fa9a6703e;334ac1ec9101f516ed9698859a165666c6f6d08a51b35cb5fc1e1bf62e06b0da,none,resolved
327991,Cut stone and stone product manufacturing,5026000000.0,0.3380421806605651,0.4448865897333864,4.633331718245948e-06,0.3380421806605651,0.2762893822409715,2017 production; 2024 satellite,2024,USD,2024,https://apps.bea.gov/industry/xls/io-annual/Use_SUT_Framework_2017_DET.xlsx;https://apps.bea.gov/industry/xls/io-annual/Supply_2017_DET.xlsx;https://data.bls.gov/cew/data/files/2024/csv/2024_annual_singlefile.zip,07aa2a21151e78ec1462c8f48142d274c153d90aff07bd797e07c6bc8486911e;7a3a403f7a7e8335e61776c1da6c423409d54090acaee597bbae738fa9a6703e;334ac1ec9101f516ed9698859a165666c6f6d08a51b35cb5fc1e1bf62e06b0da,none,resolved
327992,Ground or treated mineral and earth manufacturing,4361000000.0,0.13093327218527862,0.4606741573033708,1.346833207552337e-06,0.13093327218527862,0.10701467141221681,2017 production; 2024 satellite,2024,USD,2024,https://apps.bea.gov/industry/xls/io-annual/Use_SUT_Framework_2017_DET.xlsx;https://apps.bea.gov/industry/xls/io-annual/Supply_2017_DET.xlsx;https://data.bls.gov/cew/data/files/2024/csv/2024_annual_singlefile.zip,07aa2a21151e78ec1462c8f48142d274c153d90aff07bd797e07c6bc8486911e;7a3a403f7a7e8335e61776c1da6c423409d54090acaee597bbae738fa9a6703e;334ac1ec9101f516ed9698859a165666c6f6d08a51b35cb5fc1e1bf62e06b0da,none,resolved
327993,Mineral wool manufacturing,6293000000.0,0.22803114571746386,0.5088193230573653,2.378858873343519e-06,0.22803114571746386,0.18637492001402392,2017 production; 2024 satellite,2024,USD,2024,https://apps.bea.gov/industry/xls/io-annual/Use_SUT_Framework_2017_DET.xlsx;https://apps.bea.gov/industry/xls/io-annual/Supply_2017_DET.xlsx;https://data.bls.gov/cew/data/files/2024/csv/2024_annual_singlefile.zip,07aa2a21151e78ec1462c8f48142d274c153d90aff07bd797e07c6bc8486911e;7a3a403f7a7e8335e61776c1da6c423409d54090acaee597bbae738fa9a6703e;334ac1ec9101f516ed9698859a165666c6f6d08a51b35cb5fc1e1bf62e06b0da,none,resolved
327999,Miscellaneous nonmetallic mineral products,5067000000.0,0.1705150976909414,0.4689165186500888,1.881484047279362e-06,0.1705150976909414,0.13936577651856621,2017 production; 2024 satellite,2024,USD,2024,https://apps.bea.gov/industry/xls/io-annual/Use_SUT_Framework_2017_DET.xlsx;https://apps.bea.gov/industry/xls/io-annual/Supply_2017_DET.xlsx;https://data.bls.gov/cew/data/files/2024/csv/2024_annual_singlefile.zip,07aa2a21151e78ec1462c8f48142d274c153d90aff07bd797e07c6bc8486911e;7a3a403f7a7e8335e61776c1da6c423409d54090acaee597bbae738fa9a6703e;334ac1ec9101f516ed9698859a165666c6f6d08a51b35cb5fc1e1bf62e06b0da,none,resolved
331110,Iron and steel mills and ferroalloy manufacturing,88108000000.0,0.10341853180187952,0.2402052027057702,9.36026739384168e-07,0.10341853180187952,0.0845262629887621,2017 production; 2024 satellite,2024,USD,2024,https://apps.bea.gov/industry/xls/io-annual/Use_SUT_Framework_2017_DET.xlsx;https://apps.bea.gov/industry/xls/io-annual/Supply_2017_DET.xlsx;https://data.bls.gov/cew/data/files/2024/csv/2024_annual_singlefile.zip,07aa2a21151e78ec1462c8f48142d274c153d90aff07bd797e07c6bc8486911e;7a3a403f7a7e8335e61776c1da6c423409d54090acaee597bbae738fa9a6703e;334ac1ec9101f516ed9698859a165666c6f6d08a51b35cb5fc1e1bf62e06b0da,none,resolved
331200,Steel product manufacturing from purchased steel,22941000000.0,0.1987707597750752,0.295366374613138,2.0678687148835747e-06,0.1987707597750752,0.16245975670405638,2017 production; 2024 satellite,2024,USD,2024,https://apps.bea.gov/industry/xls/io-annual/Use_SUT_Framework_2017_DET.xlsx;https://apps.bea.gov/industry/xls/io-annual/Supply_2017_DET.xlsx;https://data.bls.gov/cew/data/files/2024/csv/2024_annual_singlefile.zip,07aa2a21151e78ec1462c8f48142d274c153d90aff07bd797e07c6bc8486911e;7a3a403f7a7e8335e61776c1da6c423409d54090acaee597bbae738fa9a6703e;334ac1ec9101f516ed9698859a165666c6f6d08a51b35cb5fc1e1bf62e06b0da,none,resolved
331314,Secondary smelting and alloying of aluminum,5889000000.0,0.06418746816097809,0.13431822041093563,6.56906793224363e-07,0.06418746816097809,0.05246184334497606,2017 production; 2024 satellite,2024,USD,2024,https://apps.bea.gov/industry/xls/io-annual/Use_SUT_Framework_2017_DET.xlsx;https://apps.bea.gov/industry/xls/io-annual/Supply_2017_DET.xlsx;https://data.bls.gov/cew/data/files/2024/csv/2024_annual_singlefile.zip,07aa2a21151e78ec1462c8f48142d274c153d90aff07bd797e07c6bc8486911e;7a3a403f7a7e8335e61776c1da6c423409d54090acaee597bbae738fa9a6703e;334ac1ec9101f516ed9698859a165666c6f6d08a51b35cb5fc1e1bf62e06b0da,none,resolved
331313,Alumina refining and primary aluminum production,2796000000.0,0.17489270386266095,0.24177396280400573,1.7914636446742234e-06,0.17489270386266095,0.14294369127025555,2017 production; 2024 satellite,2024,USD,2024,https://apps.bea.gov/industry/xls/io-annual/Use_SUT_Framework_2017_DET.xlsx;https://apps.bea.gov/industry/xls/io-annual/Supply_2017_DET.xlsx;https://data.bls.gov/cew/data/files/2024/csv/2024_annual_singlefile.zip,07aa2a21151e78ec1462c8f48142d274c153d90aff07bd797e07c6bc8486911e;7a3a403f7a7e8335e61776c1da6c423409d54090acaee597bbae738fa9a6703e;334ac1ec9101f516ed9698859a165666c6f6d08a51b35cb5fc1e1bf62e06b0da,none,resolved
33131B,Aluminum product manufacturing from purchased aluminum,26934000000.0,0.13607336452068017,0.2418133214524393,1.434753894521499e-06,0.13607336452068017,0.11121578304045959,2017 production; 2024 satellite,2024,USD,2024,https://apps.bea.gov/industry/xls/io-annual/Use_SUT_Framework_2017_DET.xlsx;https://apps.bea.gov/industry/xls/io-annual/Supply_2017_DET.xlsx;https://data.bls.gov/cew/data/files/2024/csv/2024_annual_singlefile.zip,07aa2a21151e78ec1462c8f48142d274c153d90aff07bd797e07c6bc8486911e;7a3a403f7a7e8335e61776c1da6c423409d54090acaee597bbae738fa9a6703e;334ac1ec9101f516ed9698859a165666c6f6d08a51b35cb5fc1e1bf62e06b0da,none,resolved
331410,Nonferrous metal (except aluminum) smelting and refining,10252000000.0,0.0778384705423332,0.29886851346078813,7.943200301194924e-07,0.0778384705423332,0.06361911078285773,2017 production; 2024 satellite,2024,USD,2024,https://apps.bea.gov/industry/xls/io-annual/Use_SUT_Framework_2017_DET.xlsx;https://apps.bea.gov/industry/xls/io-annual/Supply_2017_DET.xlsx;https://data.bls.gov/cew/data/files/2024/csv/2024_annual_singlefile.zip,07aa2a21151e78ec1462c8f48142d274c153d90aff07bd797e07c6bc8486911e;7a3a403f7a7e8335e61776c1da6c423409d54090acaee597bbae738fa9a6703e;334ac1ec9101f516ed9698859a165666c6f6d08a51b35cb5fc1e1bf62e06b0da,none,resolved
331420,"Copper rolling, drawing, extruding and alloying",21923000000.0,0.1135337316973042,0.17894448752451764,1.1617761069919937e-06,0.11353373169730421,0.09279364052398474,2017 production; 2024 satellite,2024,USD,2024,https://apps.bea.gov/industry/xls/io-annual/Use_SUT_Framework_2017_DET.xlsx;https://apps.bea.gov/industry/xls/io-annual/Supply_2017_DET.xlsx;https://data.bls.gov/cew/data/files/2024/csv/2024_annual_singlefile.zip,07aa2a21151e78ec1462c8f48142d274c153d90aff07bd797e07c6bc8486911e;7a3a403f7a7e8335e61776c1da6c423409d54090acaee597bbae738fa9a6703e;334ac1ec9101f516ed9698859a165666c6f6d08a51b35cb5fc1e1bf62e06b0da,none,resolved
331490,"Nonferrous metal (except copper and aluminum) rolling, drawing, extruding and alloying",14050000000.0,0.14640569395017794,0.32142348754448397,1.5131419125516704e-06,0.14640569395017794,0.11966062536637223,2017 production; 2024 satellite,2024,USD,2024,https://apps.bea.gov/industry/xls/io-annual/Use_SUT_Framework_2017_DET.xlsx;https://apps.bea.gov/industry/xls/io-annual/Supply_2017_DET.xlsx;https://data.bls.gov/cew/data/files/2024/csv/2024_annual_singlefile.zip,07aa2a21151e78ec1462c8f48142d274c153d90aff07bd797e07c6bc8486911e;7a3a403f7a7e8335e61776c1da6c423409d54090acaee597bbae738fa9a6703e;334ac1ec9101f516ed9698859a165666c6f6d08a51b35cb5fc1e1bf62e06b0da,none,resolved
331510,Ferrous metal foundries,17089000000.0,0.2696471414360115,0.41137573877933176,2.8776201726792646e-06,0.2696471414360115,0.22038859761470733,2017 production; 2024 satellite,2024,USD,2024,https://apps.bea.gov/industry/xls/io-annual/Use_SUT_Framework_2017_DET.xlsx;https://apps.bea.gov/industry/xls/io-annual/Supply_2017_DET.xlsx;https://data.bls.gov/cew/data/files/2024/csv/2024_annual_singlefile.zip,07aa2a21151e78ec1462c8f48142d274c153d90aff07bd797e07c6bc8486911e;7a3a403f7a7e8335e61776c1da6c423409d54090acaee597bbae738fa9a6703e;334ac1ec9101f516ed9698859a165666c6f6d08a51b35cb5fc1e1bf62e06b0da,none,resolved
331520,Nonferrous metal foundries,12768000000.0,0.28250313283208023,0.40617167919799496,3.4429178738357077e-06,0.28250313283208023,0.23089608491695524,2017 production; 2024 satellite,2024,USD,2024,https://apps.bea.gov/industry/xls/io-annual/Use_SUT_Framework_2017_DET.xlsx;https://apps.bea.gov/industry/xls/io-annual/Supply_2017_DET.xlsx;https://data.bls.gov/cew/data/files/2024/csv/2024_annual_singlefile.zip,07aa2a21151e78ec1462c8f48142d274c153d90aff07bd797e07c6bc8486911e;7a3a403f7a7e8335e61776c1da6c423409d54090acaee597bbae738fa9a6703e;334ac1ec9101f516ed9698859a165666c6f6d08a51b35cb5fc1e1bf62e06b0da,none,resolved
332114,Custom roll forming,6790000000.0,0.09941089837997054,0.27628865979381445,1.1154759852692603e-06,0.09941089837997054,0.08125073518266465,2017 production; 2024 satellite,2024,USD,2024,https://apps.bea.gov/industry/xls/io-annual/Use_SUT_Framework_2017_DET.xlsx;https://apps.bea.gov/industry/xls/io-annual/Supply_2017_DET.xlsx;https://data.bls.gov/cew/data/files/2024/csv/2024_annual_singlefile.zip,07aa2a21151e78ec1462c8f48142d274c153d90aff07bd797e07c6bc8486911e;7a3a403f7a7e8335e61776c1da6c423409d54090acaee597bbae738fa9a6703e;334ac1ec9101f516ed9698859a165666c6f6d08a51b35cb5fc1e1bf62e06b0da,none,resolved
33211A,"All other forging, stamping, and sintering",12960000000.0,0.24266975308641975,0.34922839506172837,2.673004554340517e-06,0.24266975308641975,0.19833937894318374,2017 production; 2024 satellite,2024,USD,2024,https://apps.bea.gov/industry/xls/io-annual/Use_SUT_Framework_2017_DET.xlsx;https://apps.bea.gov/industry/xls/io-annual/Supply_2017_DET.xlsx;https://data.bls.gov/cew/data/files/2024/csv/2024_annual_singlefile.zip,07aa2a21151e78ec1462c8f48142d274c153d90aff07bd797e07c6bc8486911e;7a3a403f7a7e8335e61776c1da6c423409d54090acaee597bbae738fa9a6703e;334ac1ec9101f516ed9698859a165666c6f6d08a51b35cb5fc1e1bf62e06b0da,none,resolved
332119,"Metal crown, closure, and other metal stamping (except automotive)",11231000000.0,0.31083607871071145,0.41002582138723176,3.82285186528886e-06,0.31083607871071145,0.25405323086417725,2017 production; 2024 satellite,2024,USD,2024,https://apps.bea.gov/industry/xls/io-annual/Use_SUT_Framework_2017_DET.xlsx;https://apps.bea.gov/industry/xls/io-annual/Supply_2017_DET.xlsx;https://data.bls.gov/cew/data/files/2024/csv/2024_annual_singlefile.zip,07aa2a21151e78ec1462c8f48142d274c153d90aff07bd797e07c6bc8486911e;7a3a403f7a7e8335e61776c1da6c423409d54090acaee597bbae738fa9a6703e;334ac1ec9101f516ed9698859a165666c6f6d08a51b35cb5fc1e1bf62e06b0da,none,resolved
332200,Cutlery and handtool manufacturing,9451000000.0,0.3024018622368003,0.4653475822664268,3.6412237945757237e-06,0.3024018622368003,0.24715975841434884,2017 production; 2024 satellite,2024,USD,2024,https://apps.bea.gov/industry/xls/io-annual/Use_SUT_Framework_2017_DET.xlsx;https://apps.bea.gov/industry/xls/io-annual/Supply_2017_DET.xlsx;https://data.bls.gov/cew/data/files/2024/csv/2024_annual_singlefile.zip,07aa2a21151e78ec1462c8f48142d274c153d90aff07bd797e07c6bc8486911e;7a3a403f7a7e8335e61776c1da6c423409d54090acaee597bbae738fa9a6703e;334ac1ec9101f516ed9698859a165666c6f6d08a51b35cb5fc1e1bf62e06b0da,none,resolved
332310,Plate work and fabricated structural product manufacturing,46725000000.0,0.24483681112894595,0.3425789192081327,2.660645938689967e-06,0.24483681112894595,0.20011056361214993,2017 production; 2024 satellite,2024,USD,2024,https://apps.bea.gov/industry/xls/io-annual/Use_SUT_Framework_2017_DET.xlsx;https://apps.bea.gov/industry/xls/io-annual/Supply_2017_DET.xlsx;https://data.bls.gov/cew/data/files/2024/csv/2024_annual_singlefile.zip,07aa2a21151e78ec1462c8f48142d274c153d90aff07bd797e07c6bc8486911e;7a3a403f7a7e8335e61776c1da6c423409d54090acaee597bbae738fa9a6703e;334ac1ec9101f516ed9698859a165666c6f6d08a51b35cb5fc1e1bf62e06b0da,none,resolved
332320,Ornamental and architectural metal products manufacturing,43479000000.0,0.3037788357597921,0.41093401412175995,3.7290499547839772e-06,0.3037788357597921,0.24828518945755815,2017 production; 2024 satellite,2024,USD,2024,https://apps.bea.gov/industry/xls/io-annual/Use_SUT_Framework_2017_DET.xlsx;https://apps.bea.gov/industry/xls/io-annual/Supply_2017_DET.xlsx;https://data.bls.gov/cew/data/files/2024/csv/2024_annual_singlefile.zip,07aa2a21151e78ec1462c8f48142d274c153d90aff07bd797e07c6bc8486911e;7a3a403f7a7e8335e61776c1da6c423409d54090acaee597bbae738fa9a6703e;334ac1ec9101f516ed9698859a165666c6f6d08a51b35cb5fc1e1bf62e06b0da,none,resolved
332410,Power boiler and heat exchanger manufacturing,7144000000.0,0.2589585666293393,0.4143337066069429,2.6663966748422866e-06,0.2589585666293393,0.21165258802974618,2017 production; 2024 satellite,2024,USD,2024,https://apps.bea.gov/industry/xls/io-annual/Use_SUT_Framework_2017_DET.xlsx;https://apps.bea.gov/industry/xls/io-annual/Supply_2017_DET.xlsx;https://data.bls.gov/cew/data/files/2024/csv/2024_annual_singlefile.zip,07aa2a21151e78ec1462c8f48142d274c153d90aff07bd797e07c6bc8486911e;7a3a403f7a7e8335e61776c1da6c423409d54090acaee597bbae738fa9a6703e;334ac1ec9101f516ed9698859a165666c6f6d08a51b35cb5fc1e1bf62e06b0da,none,resolved
332420,Metal tank (heavy gauge) manufacturing,8392000000.0,0.30374165872259296,0.4330314585319352,3.203813946306244e-06,0.30374165872259296,0.24825480383934556,2017 production; 2024 satellite,2024,USD,2024,https://apps.bea.gov/industry/xls/io-annual/Use_SUT_Framework_2017_DET.xlsx;https://apps.bea.gov/industry/xls/io-annual/Supply_2017_DET.xlsx;https://data.bls.gov/cew/data/files/2024/csv/2024_annual_singlefile.zip,07aa2a21151e78ec1462c8f48142d274c153d90aff07bd797e07c6bc8486911e;7a3a403f7a7e8335e61776c1da6c423409d54090acaee597bbae738fa9a6703e;334ac1ec9101f516ed9698859a165666c6f6d08a51b35cb5fc1e1bf62e06b0da,none,resolved
332430,"Metal can, box, and other metal container (light gauge) manufacturing",17955000000.0,0.2176552492341966,0.34346978557504876,2.3282805783778862e-06,0.21765524923419663,0.17789446936743214,2017 production; 2024 satellite,2024,USD,2024,https://apps.bea.gov/industry/xls/io-annual/Use_SUT_Framework_2017_DET.xlsx;https://apps.bea.gov/industry/xls/io-annual/Supply_2017_DET.xlsx;https://data.bls.gov/cew/data/files/2024/csv/2024_annual_singlefile.zip,07aa2a21151e78ec1462c8f48142d274c153d90aff07bd797e07c6bc8486911e;7a3a403f7a7e8335e61776c1da6c423409d54090acaee597bbae738fa9a6703e;334ac1ec9101f516ed9698859a165666c6f6d08a51b35cb5fc1e1bf62e06b0da,none,resolved
332500,Hardware manufacturing,8650000000.0,0.22971098265895953,0.34508670520231216,2.6147674439288115e-06,0.22971098265895953,0.18774788805583595,2017 production; 2024 satellite,2024,USD,2024,https://apps.bea.gov/industry/xls/io-annual/Use_SUT_Framework_2017_DET.xlsx;https://apps.bea.gov/industry/xls/io-annual/Supply_2017_DET.xlsx;https://data.bls.gov/cew/data/files/2024/csv/2024_annual_singlefile.zip,07aa2a21151e78ec1462c8f48142d274c153d90aff07bd797e07c6bc8486911e;7a3a403f7a7e8335e61776c1da6c423409d54090acaee597bbae738fa9a6703e;334ac1ec9101f516ed9698859a165666c6f6d08a51b35cb5fc1e1bf62e06b0da,none,resolved
332600,Spring and wire product manufacturing,9202000000.0,0.30960660725929146,0.41295370571614864,3.6865928232405606e-06,0.30960660725929146,0.2530483565401152,2017 production; 2024 satellite,2024,USD,2024,https://apps.bea.gov/industry/xls/io-annual/Use_SUT_Framework_2017_DET.xlsx;https://apps.bea.gov/industry/xls/io-annual/Supply_2017_DET.xlsx;https://data.bls.gov/cew/data/files/2024/csv/2024_annual_singlefile.zip,07aa2a21151e78ec1462c8f48142d274c153d90aff07bd797e07c6bc8486911e;7a3a403f7a7e8335e61776c1da6c423409d54090acaee597bbae738fa9a6703e;334ac1ec9101f516ed9698859a165666c6f6d08a51b35cb5fc1e1bf62e06b0da,none,resolved
332710,Machine shops,37941000000.0,0.43962995176721753,0.5121899791781978,5.387804313522869e-06,0.43962995176721753,0.359319323851949,2017 production; 2024 satellite,2024,USD,2024,https://apps.bea.gov/industry/xls/io-annual/Use_SUT_Framework_2017_DET.xlsx;https://apps.bea.gov/industry/xls/io-annual/Supply_2017_DET.xlsx;https://data.bls.gov/cew/data/files/2024/csv/2024_annual_singlefile.zip,07aa2a21151e78ec1462c8f48142d274c153d90aff07bd797e07c6bc8486911e;7a3a403f7a7e8335e61776c1da6c423409d54090acaee597bbae738fa9a6703e;334ac1ec9101f516ed9698859a165666c6f6d08a51b35cb5fc1e1bf62e06b0da,none,resolved
332720,"Turned product and screw, nut, and bolt manufacturing",29569000000.0,0.19398694578781833,0.40386891677094255,2.2276837319322676e-06,0.19398694578781833,0.15854983928276842,2017 production; 2024 satellite,2024,USD,2024,https://apps.bea.gov/industry/xls/io-annual/Use_SUT_Framework_2017_DET.xlsx;https://apps.bea.gov/industry/xls/io-annual/Supply_2017_DET.xlsx;https://data.bls.gov/cew/data/files/2024/csv/2024_annual_singlefile.zip,07aa2a21151e78ec1462c8f48142d274c153d90aff07bd797e07c6bc8486911e;7a3a403f7a7e8335e61776c1da6c423409d54090acaee597bbae738fa9a6703e;334ac1ec9101f516ed9698859a165666c6f6d08a51b35cb5fc1e1bf62e06b0da,none,resolved
332800,"Coating, engraving, heat treating and allied activities",25930000000.0,0.3181257231006556,0.480948708060162,4.021908800243556e-06,0.3181257231006556,0.2600112191285956,2017 production; 2024 satellite,2024,USD,2024,https://apps.bea.gov/industry/xls/io-annual/Use_SUT_Framework_2017_DET.xlsx;https://apps.bea.gov/industry/xls/io-annual/Supply_2017_DET.xlsx;https://data.bls.gov/cew/data/files/2024/csv/2024_annual_singlefile.zip,07aa2a21151e78ec1462c8f48142d274c153d90aff07bd797e07c6bc8486911e;7a3a403f7a7e8335e61776c1da6c423409d54090acaee597bbae738fa9a6703e;334ac1ec9101f516ed9698859a165666c6f6d08a51b35cb5fc1e1bf62e06b0da,none,resolved
332913,Plumbing fixture fitting and trim manufacturing,4851000000.0,0.17233560090702948,0.3584827870542156,1.9105785288736493e-06,0.17233560090702948,0.14085371423082982,2017 production; 2024 satellite,2024,USD,2024,https://apps.bea.gov/industry/xls/io-annual/Use_SUT_Framework_2017_DET.xlsx;https://apps.bea.gov/industry/xls/io-annual/Supply_2017_DET.xlsx;https://data.bls.gov/cew/data/files/2024/csv/2024_annual_singlefile.zip,07aa2a21151e78ec1462c8f48142d274c153d90aff07bd797e07c6bc8486911e;7a3a403f7a7e8335e61776c1da6c423409d54090acaee597bbae738fa9a6703e;334ac1ec9101f516ed9698859a165666c6f6d08a51b35cb5fc1e1bf62e06b0da,none,resolved
33291A,Valve and fittings other than plumbing,26070000000.0,0.2753739930955121,0.4507479861910242,2.840227428344409e-06,0.2753739930955121,0.2250692806705828,2017 production; 2024 satellite,2024,USD,2024,https://apps.bea.gov/industry/xls/io-annual/Use_SUT_Framework_2017_DET.xlsx;https://apps.bea.gov/industry/xls/io-annual/Supply_2017_DET.xlsx;https://data.bls.gov/cew/data/files/2024/csv/2024_annual_singlefile.zip,07aa2a21151e78ec1462c8f48142d274c153d90aff07bd797e07c6bc8486911e;7a3a403f7a7e8335e61776c1da6c423409d54090acaee597bbae738fa9a6703e;334ac1ec9101f516ed9698859a165666c6f6d08a51b35cb5fc1e1bf62e06b0da,none,resolved
332991,Ball and roller bearing manufacturing,6198000000.0,0.3423685059696676,0.49386898999677314,3.645428707163291e-06,0.3423685059696676,0.2798253840046853,2017 production; 2024 satellite,2024,USD,2024,https://apps.bea.gov/industry/xls/io-annual/Use_SUT_Framework_2017_DET.xlsx;https://apps.bea.gov/industry/xls/io-annual/Supply_2017_DET.xlsx;https://data.bls.gov/cew/data/files/2024/csv/2024_annual_singlefile.zip,07aa2a21151e78ec1462c8f48142d274c153d90aff07bd797e07c6bc8486911e;7a3a403f7a7e8335e61776c1da6c423409d54090acaee597bbae738fa9a6703e;334ac1ec9101f516ed9698859a165666c6f6d08a51b35cb5fc1e1bf62e06b0da,none,resolved
332996,Fabricated pipe and pipe fitting manufacturing,6195000000.0,0.3738498789346247,0.49007263922518157,4.211688336031541e-06,0.3738498789346247,0.3055558093367814,2017 production; 2024 satellite,2024,USD,2024,https://apps.bea.gov/industry/xls/io-annual/Use_SUT_Framework_2017_DET.xlsx;https://apps.bea.gov/industry/xls/io-annual/Supply_2017_DET.xlsx;https://data.bls.gov/cew/data/files/2024/csv/2024_annual_singlefile.zip,07aa2a21151e78ec1462c8f48142d274c153d90aff07bd797e07c6bc8486911e;7a3a403f7a7e8335e61776c1da6c423409d54090acaee597bbae738fa9a6703e;334ac1ec9101f516ed9698859a165666c6f6d08a51b35cb5fc1e1bf62e06b0da,none,resolved
33299A,"Ammunition, arms, ordnance, and accessories manufacturing",13043000000.0,0.2978609215671241,0.4800276010120371,3.3591216176530837e-06,0.2978609215671241,0.2434483467497864,2017 production; 2024 satellite,2024,USD,2024,https://apps.bea.gov/industry/xls/io-annual/Use_SUT_Framework_2017_DET.xlsx;https://apps.bea.gov/industry/xls/io-annual/Supply_2017_DET.xlsx;https://data.bls.gov/cew/data/files/2024/csv/2024_annual_singlefile.zip,07aa2a21151e78ec1462c8f48142d274c153d90aff07bd797e07c6bc8486911e;7a3a403f7a7e8335e61776c1da6c423409d54090acaee597bbae738fa9a6703e;334ac1ec9101f516ed9698859a165666c6f6d08a51b35cb5fc1e1bf62e06b0da,none,resolved
332999,Other fabricated metal manufacturing,13875000000.0,0.3155315315315315,0.4051171171171171,3.923153005357737e-06,0.3155315315315315,0.25789092874161657,2017 production; 2024 satellite,2024,USD,2024,https://apps.bea.gov/industry/xls/io-annual/Use_SUT_Framework_2017_DET.xlsx;https://apps.bea.gov/industry/xls/io-annual/Supply_2017_DET.xlsx;https://data.bls.gov/cew/data/files/2024/csv/2024_annual_singlefile.zip,07aa2a21151e78ec1462c8f48142d274c153d90aff07bd797e07c6bc8486911e;7a3a403f7a7e8335e61776c1da6c423409d54090acaee597bbae738fa9a6703e;334ac1ec9101f516ed9698859a165666c6f6d08a51b35cb5fc1e1bf62e06b0da,none,resolved
333111,Farm machinery and equipment manufacturing,25067000000.0,0.22886663741173655,0.3882794111780428,2.4956801688896228e-06,0.22886663741173655,0.18705778593219718,2017 production; 2024 satellite,2024,USD,2024,https://apps.bea.gov/industry/xls/io-annual/Use_SUT_Framework_2017_DET.xlsx;https://apps.bea.gov/industry/xls/io-annual/Supply_2017_DET.xlsx;https://data.bls.gov/cew/data/files/2024/csv/2024_annual_singlefile.zip,07aa2a21151e78ec1462c8f48142d274c153d90aff07bd797e07c6bc8486911e;7a3a403f7a7e8335e61776c1da6c423409d54090acaee597bbae738fa9a6703e;334ac1ec9101f516ed9698859a165666c6f6d08a51b35cb5fc1e1bf62e06b0da,none,resolved
333112,Lawn and garden equipment manufacturing,7948000000.0,0.25188726723704075,0.3482637141419225,2.9401857560020323e-06,0.25188726723704075,0.20587305798139136,2017 production; 2024 satellite,2024,USD,2024,https://apps.bea.gov/industry/xls/io-annual/Use_SUT_Framework_2017_DET.xlsx;https://apps.bea.gov/industry/xls/io-annual/Supply_2017_DET.xlsx;https://data.bls.gov/cew/data/files/2024/csv/2024_annual_singlefile.zip,07aa2a21151e78ec1462c8f48142d274c153d90aff07bd797e07c6bc8486911e;7a3a403f7a7e8335e61776c1da6c423409d54090acaee597bbae738fa9a6703e;334ac1ec9101f516ed9698859a165666c6f6d08a51b35cb5fc1e1bf62e06b0da,none,resolved
333120,Construction machinery manufacturing,32486000000.0,0.19737733177368713,0.381856799852244,2.0524094619980127e-06,0.19737733177368713,0.16132087705019638,2017 production; 2024 satellite,2024,USD,2024,https://apps.bea.gov/industry/xls/io-annual/Use_SUT_Framework_2017_DET.xlsx;https://apps.bea.gov/industry/xls/io-annual/Supply_2017_DET.xlsx;https://data.bls.gov/cew/data/files/2024/csv/2024_annual_singlefile.zip,07aa2a21151e78ec1462c8f48142d274c153d90aff07bd797e07c6bc8486911e;7a3a403f7a7e8335e61776c1da6c423409d54090acaee597bbae738fa9a6703e;334ac1ec9101f516ed9698859a165666c6f6d08a51b35cb5fc1e1bf62e06b0da,none,resolved
333130,Mining and oil and gas field machinery manufacturing,17586000000.0,0.3041624019106107,0.3501649039008302,3.0602986442795347e-06,0.3041624019106107,0.24859868659170614,2017 production; 2024 satellite,2024,USD,2024,https://apps.bea.gov/industry/xls/io-annual/Use_SUT_Framework_2017_DET.xlsx;https://apps.bea.gov/industry/xls/io-annual/Supply_2017_DET.xlsx;https://data.bls.gov/cew/data/files/2024/csv/2024_annual_singlefile.zip,07aa2a21151e78ec1462c8f48142d274c153d90aff07bd797e07c6bc8486911e;7a3a403f7a7e8335e61776c1da6c423409d54090acaee597bbae738fa9a6703e;334ac1ec9101f516ed9698859a165666c6f6d08a51b35cb5fc1e1bf62e06b0da,none,resolved
333242,Semiconductor machinery manufacturing,8827000000.0,0.47388693780446356,0.5905743740795287,4.451483740655472e-06,0.47388693780446356,0.3873183193949701,2017 production; 2024 satellite,2024,USD,2024,https://apps.bea.gov/industry/xls/io-annual/Use_SUT_Framework_2017_DET.xlsx;https://apps.bea.gov/industry/xls/io-annual/Supply_2017_DET.xlsx;https://data.bls.gov/cew/data/files/2024/csv/2024_annual_singlefile.zip,07aa2a21151e78ec1462c8f48142d274c153d90aff07bd797e07c6bc8486911e;7a3a403f7a7e8335e61776c1da6c423409d54090acaee597bbae738fa9a6703e;334ac1ec9101f516ed9698859a165666c6f6d08a51b35cb5fc1e1bf62e06b0da,none,resolved
33329A,Other industrial machinery manufacturing,31444000000.0,0.25022261798753337,0.3769876606029767,2.576795372502466e-06,0.25022261798753337,0.20451250317756314,2017 production; 2024 satellite,2024,USD,2024,https://apps.bea.gov/industry/xls/io-annual/Use_SUT_Framework_2017_DET.xlsx;https://apps.bea.gov/industry/xls/io-annual/Supply_2017_DET.xlsx;https://data.bls.gov/cew/data/files/2024/csv/2024_annual_singlefile.zip,07aa2a21151e78ec1462c8f48142d274c153d90aff07bd797e07c6bc8486911e;7a3a403f7a7e8335e61776c1da6c423409d54090acaee597bbae738fa9a6703e;334ac1ec9101f516ed9698859a165666c6f6d08a51b35cb5fc1e1bf62e06b0da,none,resolved
333314,Optical instrument and lens manufacturing,4912000000.0,0.438314332247557,0.4519543973941368,4.52779122064814e-06,0.438314332247557,0.3582440387983475,2017 production; 2024 satellite,2024,USD,2024,https://apps.bea.gov/industry/xls/io-annual/Use_SUT_Framework_2017_DET.xlsx;https://apps.bea.gov/industry/xls/io-annual/Supply_2017_DET.xlsx;https://data.bls.gov/cew/data/files/2024/csv/2024_annual_singlefile.zip,07aa2a21151e78ec1462c8f48142d274c153d90aff07bd797e07c6bc8486911e;7a3a403f7a7e8335e61776c1da6c423409d54090acaee597bbae738fa9a6703e;334ac1ec9101f516ed9698859a165666c6f6d08a51b35cb5fc1e1bf62e06b0da,none,resolved
333316,Photographic and photocopying equipment manufacturing,1645000000.0,0.4279635258358663,0.46990881458966566,4.42086729197539e-06,0.4279635258358663,0.3497840948245109,2017 production; 2024 satellite,2024,USD,2024,https://apps.bea.gov/industry/xls/io-annual/Use_SUT_Framework_2017_DET.xlsx;https://apps.bea.gov/industry/xls/io-annual/Supply_2017_DET.xlsx;https://data.bls.gov/cew/data/files/2024/csv/2024_annual_singlefile.zip,07aa2a21151e78ec1462c8f48142d274c153d90aff07bd797e07c6bc8486911e;7a3a403f7a7e8335e61776c1da6c423409d54090acaee597bbae738fa9a6703e;334ac1ec9101f516ed9698859a165666c6f6d08a51b35cb5fc1e1bf62e06b0da,none,resolved
333318,Other commercial and service industry machinery manufacturing,19850000000.0,0.2734508816120907,0.40272040302267004,2.8247502076715836e-06,0.2734508816120907,0.22349747894247676,2017 production; 2024 satellite,2024,USD,2024,https://apps.bea.gov/industry/xls/io-annual/Use_SUT_Framework_2017_DET.xlsx;https://apps.bea.gov/industry/xls/io-annual/Supply_2017_DET.xlsx;https://data.bls.gov/cew/data/files/2024/csv/2024_annual_singlefile.zip,07aa2a21151e78ec1462c8f48142d274c153d90aff07bd797e07c6bc8486911e;7a3a403f7a7e8335e61776c1da6c423409d54090acaee597bbae738fa9a6703e;334ac1ec9101f516ed9698859a165666c6f6d08a51b35cb5fc1e1bf62e06b0da,none,resolved
333414,Heating equipment (except warm air furnaces) manufacturing,4453000000.0,0.22524141028520098,0.4217381540534471,2.538410578701428e-06,0.22524141028520098,0.1840948072846317,2017 production; 2024 satellite,2024,USD,2024,https://apps.bea.gov/industry/xls/io-annual/Use_SUT_Framework_2017_DET.xlsx;https://apps.bea.gov/industry/xls/io-annual/Supply_2017_DET.xlsx;https://data.bls.gov/cew/data/files/2024/csv/2024_annual_singlefile.zip,07aa2a21151e78ec1462c8f48142d274c153d90aff07bd797e07c6bc8486911e;7a3a403f7a7e8335e61776c1da6c423409d54090acaee597bbae738fa9a6703e;334ac1ec9101f516ed9698859a165666c6f6d08a51b35cb5fc1e1bf62e06b0da,none,resolved
333415,"Air conditioning, refrigeration, and warm air heating equipment manufacturing",33255000000.0,0.1924522628176214,0.38995639753420536,2.14619965519639e-06,0.1924522628176214,0.15729550880559873,2017 production; 2024 satellite,2024,USD,2024,https://apps.bea.gov/industry/xls/io-annual/Use_SUT_Framework_2017_DET.xlsx;https://apps.bea.gov/industry/xls/io-annual/Supply_2017_DET.xlsx;https://data.bls.gov/cew/data/files/2024/csv/2024_annual_singlefile.zip,07aa2a21151e78ec1462c8f48142d274c153d90aff07bd797e07c6bc8486911e;7a3a403f7a7e8335e61776c1da6c423409d54090acaee597bbae738fa9a6703e;334ac1ec9101f516ed9698859a165666c6f6d08a51b35cb5fc1e1bf62e06b0da,none,resolved
333413,Industrial and commercial fan and blower and air purification equipment manufacturing,6028000000.0,0.34124087591240876,0.4198739216987392,3.832416665022462e-06,0.3412408759124088,0.2789037469139897,2017 production; 2024 satellite,2024,USD,2024,https://apps.bea.gov/industry/xls/io-annual/Use_SUT_Framework_2017_DET.xlsx;https://apps.bea.gov/industry/xls/io-annual/Supply_2017_DET.xlsx;https://data.bls.gov/cew/data/files/2024/csv/2024_annual_singlefile.zip,07aa2a21151e78ec1462c8f48142d274c153d90aff07bd797e07c6bc8486911e;7a3a403f7a7e8335e61776c1da6c423409d54090acaee597bbae738fa9a6703e;334ac1ec9101f516ed9698859a165666c6f6d08a51b35cb5fc1e1bf62e06b0da,none,resolved
333511,Industrial mold manufacturing,6595000000.0,0.4115238817285823,0.4580742987111448,4.891447479600598e-06,0.4115238817285823,0.33634760856771523,2017 production; 2024 satellite,2024,USD,2024,https://apps.bea.gov/industry/xls/io-annual/Use_SUT_Framework_2017_DET.xlsx;https://apps.bea.gov/industry/xls/io-annual/Supply_2017_DET.xlsx;https://data.bls.gov/cew/data/files/2024/csv/2024_annual_singlefile.zip,07aa2a21151e78ec1462c8f48142d274c153d90aff07bd797e07c6bc8486911e;7a3a403f7a7e8335e61776c1da6c423409d54090acaee597bbae738fa9a6703e;334ac1ec9101f516ed9698859a165666c6f6d08a51b35cb5fc1e1bf62e06b0da,none,resolved
333514,"Special tool, die, jig, and fixture manufacturing",9465000000.0,0.49223454833597463,0.5218172213417855,5.64213123452737e-06,0.4922345483359746,0.40231422898661734,2017 production; 2024 satellite,2024,USD,2024,https://apps.bea.gov/industry/xls/io-annual/Use_SUT_Framework_2017_DET.xlsx;https://apps.bea.gov/industry/xls/io-annual/Supply_2017_DET.xlsx;https://data.bls.gov/cew/data/files/2024/csv/2024_annual_singlefile.zip,07aa2a21151e78ec1462c8f48142d274c153d90aff07bd797e07c6bc8486911e;7a3a403f7a7e8335e61776c1da6c423409d54090acaee597bbae738fa9a6703e;334ac1ec9101f516ed9698859a165666c6f6d08a51b35cb5fc1e1bf62e06b0da,none,resolved
333517,Machine tool manufacturing,7891000000.0,0.39627423647193005,0.43175769864402486,4.47556362467555e-06,0.39627423647193,0.3238837348016627,2017 production; 2024 satellite,2024,USD,2024,https://apps.bea.gov/industry/xls/io-annual/Use_SUT_Framework_2017_DET.xlsx;https://apps.bea.gov/industry/xls/io-annual/Supply_2017_DET.xlsx;https://data.bls.gov/cew/data/files/2024/csv/2024_annual_singlefile.zip,07aa2a21151e78ec1462c8f48142d274c153d90aff07bd797e07c6bc8486911e;7a3a403f7a7e8335e61776c1da6c423409d54090acaee597bbae738fa9a6703e;334ac1ec9101f516ed9698859a165666c6f6d08a51b35cb5fc1e1bf62e06b0da,none,resolved
33351B,"Cutting and machine tool accessory, rolling mill, and other metalworking machinery manufacturing",8983000000.0,0.31938105310030057,0.4028720917288211,3.5990462783757367e-06,0.3193810531003005,0.26103722821844566,2017 production; 2024 satellite,2024,USD,2024,https://apps.bea.gov/industry/xls/io-annual/Use_SUT_Framework_2017_DET.xlsx;https://apps.bea.gov/industry/xls/io-annual/Supply_2017_DET.xlsx;https://data.bls.gov/cew/data/files/2024/csv/2024_annual_singlefile.zip,07aa2a21151e78ec1462c8f48142d274c153d90aff07bd797e07c6bc8486911e;7a3a403f7a7e8335e61776c1da6c423409d54090acaee597bbae738fa9a6703e;334ac1ec9101f516ed9698859a165666c6f6d08a51b35cb5fc1e1bf62e06b0da,none,resolved
333611,Turbine and turbine generator set units manufacturing,12997000000.0,0.2225128875894437,0.42417480957143955,2.0518850745942763e-06,0.22251288758944368,0.18186472508433313,2017 production; 2024 satellite,2024,USD,2024,https://apps.bea.gov/industry/xls/io-annual/Use_SUT_Framework_2017_DET.xlsx;https://apps.bea.gov/industry/xls/io-annual/Supply_2017_DET.xlsx;https://data.bls.gov/cew/data/files/2024/csv/2024_annual_singlefile.zip,07aa2a21151e78ec1462c8f48142d274c153d90aff07bd797e07c6bc8486911e;7a3a403f7a7e8335e61776c1da6c423409d54090acaee597bbae738fa9a6703e;334ac1ec9101f516ed9698859a165666c6f6d08a51b35cb5fc1e1bf62e06b0da,none,resolved
333612,"Speed changer, industrial high-speed drive, and gear manufacturing",3175000000.0,0.29606299212598425,0.4129133858267717,3.1474351928256143e-06,0.29606299212598425,0.2419788590851562,2017 production; 2024 satellite,2024,USD,2024,https://apps.bea.gov/industry/xls/io-annual/Use_SUT_Framework_2017_DET.xlsx;https://apps.bea.gov/industry/xls/io-annual/Supply_2017_DET.xlsx;https://data.bls.gov/cew/data/files/2024/csv/2024_annual_singlefile.zip,07aa2a21151e78ec1462c8f48142d274c153d90aff07bd797e07c6bc8486911e;7a3a403f7a7e8335e61776c1da6c423409d54090acaee597bbae738fa9a6703e;334ac1ec9101f516ed9698859a165666c6f6d08a51b35cb5fc1e1bf62e06b0da,none,resolved
333613,Mechanical power transmission equipment manufacturing,4976000000.0,0.2059887459807074,0.4437299035369775,2.211595095382994e-06,0.2059887459807074,0.1683591771428934,2017 production; 2024 satellite,2024,USD,2024,https://apps.bea.gov/industry/xls/io-annual/Use_SUT_Framework_2017_DET.xlsx;https://apps.bea.gov/industry/xls/io-annual/Supply_2017_DET.xlsx;https://data.bls.gov/cew/data/files/2024/csv/2024_annual_singlefile.zip,07aa2a21151e78ec1462c8f48142d274c153d90aff07bd797e07c6bc8486911e;7a3a403f7a7e8335e61776c1da6c423409d54090acaee597bbae738fa9a6703e;334ac1ec9101f516ed9698859a165666c6f6d08a51b35cb5fc1e1bf62e06b0da,none,resolved
333618,Other engine equipment manufacturing,25654000000.0,0.18917127933265768,0.23770172292819833,1.9300821898339747e-06,0.18917127933265768,0.15461388813201274,2017 production; 2024 satellite,2024,USD,2024,https://apps.bea.gov/industry/xls/io-annual/Use_SUT_Framework_2017_DET.xlsx;https://apps.bea.gov/industry/xls/io-annual/Supply_2017_DET.xlsx;https://data.bls.gov/cew/data/files/2024/csv/2024_annual_singlefile.zip,07aa2a21151e78ec1462c8f48142d274c153d90aff07bd797e07c6bc8486911e;7a3a403f7a7e8335e61776c1da6c423409d54090acaee597bbae738fa9a6703e;334ac1ec9101f516ed9698859a165666c6f6d08a51b35cb5fc1e1bf62e06b0da,none,resolved
333912,Air and gas compressor manufacturing,9160000000.0,0.21528384279475982,0.3457423580786026,2.1207808122019e-06,0.21528384279475982,0.1759562662150506,2017 production; 2024 satellite,2024,USD,2024,https://apps.bea.gov/industry/xls/io-annual/Use_SUT_Framework_2017_DET.xlsx;https://apps.bea.gov/industry/xls/io-annual/Supply_2017_DET.xlsx;https://data.bls.gov/cew/data/files/2024/csv/2024_annual_singlefile.zip,07aa2a21151e78ec1462c8f48142d274c153d90aff07bd797e07c6bc8486911e;7a3a403f7a7e8335e61776c1da6c423409d54090acaee597bbae738fa9a6703e;334ac1ec9101f516ed9698859a165666c6f6d08a51b35cb5fc1e1bf62e06b0da,none,resolved
333914,"Measuring, dispensing, and other pumping equipment manufacturing",17513000000.0,0.15297207788499972,0.404385313766916,1.5980983601981945e-06,0.15297207788499972,0.12502747679705403,2017 production; 2024 satellite,2024,USD,2024,https://apps.bea.gov/industry/xls/io-annual/Use_SUT_Framework_2017_DET.xlsx;https://apps.bea.gov/industry/xls/io-annual/Supply_2017_DET.xlsx;https://data.bls.gov/cew/data/files/2024/csv/2024_annual_singlefile.zip,07aa2a21151e78ec1462c8f48142d274c153d90aff07bd797e07c6bc8486911e;7a3a403f7a7e8335e61776c1da6c423409d54090acaee597bbae738fa9a6703e;334ac1ec9101f516ed9698859a165666c6f6d08a51b35cb5fc1e1bf62e06b0da,none,resolved
333920,Material handling equipment manufacturing,30348000000.0,0.21095294582839066,0.3789047054171609,2.135468822661667e-06,0.21095294582839066,0.1724165279343153,2017 production; 2024 satellite,2024,USD,2024,https://apps.bea.gov/industry/xls/io-annual/Use_SUT_Framework_2017_DET.xlsx;https://apps.bea.gov/industry/xls/io-annual/Supply_2017_DET.xlsx;https://data.bls.gov/cew/data/files/2024/csv/2024_annual_singlefile.zip,07aa2a21151e78ec1462c8f48142d274c153d90aff07bd797e07c6bc8486911e;7a3a403f7a7e8335e61776c1da6c423409d54090acaee597bbae738fa9a6703e;334ac1ec9101f516ed9698859a165666c6f6d08a51b35cb5fc1e1bf62e06b0da,none,resolved
333991,Power-driven handtool manufacturing,3355000000.0,0.2292101341281669,0.43219076005961254,2.4047272200291605e-06,0.2292101341281669,0.18733853342766915,2017 production; 2024 satellite,2024,USD,2024,https://apps.bea.gov/industry/xls/io-annual/Use_SUT_Framework_2017_DET.xlsx;https://apps.bea.gov/industry/xls/io-annual/Supply_2017_DET.xlsx;https://data.bls.gov/cew/data/files/2024/csv/2024_annual_singlefile.zip,07aa2a21151e78ec1462c8f48142d274c153d90aff07bd797e07c6bc8486911e;7a3a403f7a7e8335e61776c1da6c423409d54090acaee597bbae738fa9a6703e;334ac1ec9101f516ed9698859a165666c6f6d08a51b35cb5fc1e1bf62e06b0da,none,resolved
333993,Packaging machinery manufacturing,7006000000.0,0.2544961461604339,0.4015129888666857,2.614099633063451e-06,0.2544961461604339,0.20800535266922374,2017 production; 2024 satellite,2024,USD,2024,https://apps.bea.gov/industry/xls/io-annual/Use_SUT_Framework_2017_DET.xlsx;https://apps.bea.gov/industry/xls/io-annual/Supply_2017_DET.xlsx;https://data.bls.gov/cew/data/files/2024/csv/2024_annual_singlefile.zip,07aa2a21151e78ec1462c8f48142d274c153d90aff07bd797e07c6bc8486911e;7a3a403f7a7e8335e61776c1da6c423409d54090acaee597bbae738fa9a6703e;334ac1ec9101f516ed9698859a165666c6f6d08a51b35cb5fc1e1bf62e06b0da,none,resolved
333994,Industrial process furnace and oven manufacturing,2653000000.0,0.2989068978514889,0.39690915944214095,3.0905056270054833e-06,0.2989068978514889,0.24430324639834838,2017 production; 2024 satellite,2024,USD,2024,https://apps.bea.gov/industry/xls/io-annual/Use_SUT_Framework_2017_DET.xlsx;https://apps.bea.gov/industry/xls/io-annual/Supply_2017_DET.xlsx;https://data.bls.gov/cew/data/files/2024/csv/2024_annual_singlefile.zip,07aa2a21151e78ec1462c8f48142d274c153d90aff07bd797e07c6bc8486911e;7a3a403f7a7e8335e61776c1da6c423409d54090acaee597bbae738fa9a6703e;334ac1ec9101f516ed9698859a165666c6f6d08a51b35cb5fc1e1bf62e06b0da,none,resolved
33399A,Other general purpose machinery manufacturing,23115000000.0,0.21159420289855072,0.4082197707116591,2.3456376458962757e-06,0.21159420289855072,0.17294064158020994,2017 production; 2024 satellite,2024,USD,2024,https://apps.bea.gov/industry/xls/io-annual/Use_SUT_Framework_2017_DET.xlsx;https://apps.bea.gov/industry/xls/io-annual/Supply_2017_DET.xlsx;https://data.bls.gov/cew/data/files/2024/csv/2024_annual_singlefile.zip,07aa2a21151e78ec1462c8f48142d274c153d90aff07bd797e07c6bc8486911e;7a3a403f7a7e8335e61776c1da6c423409d54090acaee597bbae738fa9a6703e;334ac1ec9101f516ed9698859a165666c6f6d08a51b35cb5fc1e1bf62e06b0da,none,resolved
33399B,Fluid power process machinery,11651000000.0,0.26753068406145397,0.3691528624152433,2.838537050073564e-06,0.26753068406145397,0.2186587699955233,2017 production; 2024 satellite,2024,USD,2024,https://apps.bea.gov/industry/xls/io-annual/Use_SUT_Framework_2017_DET.xlsx;https://apps.bea.gov/industry/xls/io-annual/Supply_2017_DET.xlsx;https://data.bls.gov/cew/data/files/2024/csv/2024_annual_singlefile.zip,07aa2a21151e78ec1462c8f48142d274c153d90aff07bd797e07c6bc8486911e;7a3a403f7a7e8335e61776c1da6c423409d54090acaee597bbae738fa9a6703e;334ac1ec9101f516ed9698859a165666c6f6d08a51b35cb5fc1e1bf62e06b0da,none,resolved
334111,Electronic computer manufacturing,19035000000.0,0.402153926976622,0.6772786971368532,3.5154810103135064e-06,0.402153926976622,0.3286893364402956,2017 production; 2024 satellite,2024,USD,2024,https://apps.bea.gov/industry/xls/io-annual/Use_SUT_Framework_2017_DET.xlsx;https://apps.bea.gov/industry/xls/io-annual/Supply_2017_DET.xlsx;https://data.bls.gov/cew/data/files/2024/csv/2024_annual_singlefile.zip,07aa2a21151e78ec1462c8f48142d274c153d90aff07bd797e07c6bc8486911e;7a3a403f7a7e8335e61776c1da6c423409d54090acaee597bbae738fa9a6703e;334ac1ec9101f516ed9698859a165666c6f6d08a51b35cb5fc1e1bf62e06b0da,none,resolved
334112,Computer storage device manufacturing,5298000000.0,0.4292185730464326,0.7025292563231408,3.846923594652711e-06,0.4292185730464326,0.35080987278456616,2017 production; 2024 satellite,2024,USD,2024,https://apps.bea.gov/industry/xls/io-annual/Use_SUT_Framework_2017_DET.xlsx;https://apps.bea.gov/industry/xls/io-annual/Supply_2017_DET.xlsx;https://data.bls.gov/cew/data/files/2024/csv/2024_annual_singlefile.zip,07aa2a21151e78ec1462c8f48142d274c153d90aff07bd797e07c6bc8486911e;7a3a403f7a7e8335e61776c1da6c423409d54090acaee597bbae738fa9a6703e;334ac1ec9101f516ed9698859a165666c6f6d08a51b35cb5fc1e1bf62e06b0da,none,resolved
334118,Computer terminals and other computer peripheral equipment manufacturing,8751000000.0,0.37390012569992,0.6520397668837847,3.495517559764646e-06,0.37390012569992,0.3055968771340483,2017 production; 2024 satellite,2024,USD,2024,https://apps.bea.gov/industry/xls/io-annual/Use_SUT_Framework_2017_DET.xlsx;https://apps.bea.gov/industry/xls/io-annual/Supply_2017_DET.xlsx;https://data.bls.gov/cew/data/files/2024/csv/2024_annual_singlefile.zip,07aa2a21151e78ec1462c8f48142d274c153d90aff07bd797e07c6bc8486911e;7a3a403f7a7e8335e61776c1da6c423409d54090acaee597bbae738fa9a6703e;334ac1ec9101f516ed9698859a165666c6f6d08a51b35cb5fc1e1bf62e06b0da,none,resolved
334210,Telephone apparatus manufacturing,7908000000.0,0.3756954982296409,0.6495953464845726,3.538686181974431e-06,0.3756954982296409,0.3070642749781863,2017 production; 2024 satellite,2024,USD,2024,https://apps.bea.gov/industry/xls/io-annual/Use_SUT_Framework_2017_DET.xlsx;https://apps.bea.gov/industry/xls/io-annual/Supply_2017_DET.xlsx;https://data.bls.gov/cew/data/files/2024/csv/2024_annual_singlefile.zip,07aa2a21151e78ec1462c8f48142d274c153d90aff07bd797e07c6bc8486911e;7a3a403f7a7e8335e61776c1da6c423409d54090acaee597bbae738fa9a6703e;334ac1ec9101f516ed9698859a165666c6f6d08a51b35cb5fc1e1bf62e06b0da,none,resolved
334220,Broadcast and wireless communications equipment,29741000000.0,0.4261121011398406,0.700211828788541,3.894500313268233e-06,0.4261121011398406,0.3482708842999218,2017 production; 2024 satellite,2024,USD,2024,https://apps.bea.gov/industry/xls/io-annual/Use_SUT_Framework_2017_DET.xlsx;https://apps.bea.gov/industry/xls/io-annual/Supply_2017_DET.xlsx;https://data.bls.gov/cew/data/files/2024/csv/2024_annual_singlefile.zip,07aa2a21151e78ec1462c8f48142d274c153d90aff07bd797e07c6bc8486911e;7a3a403f7a7e8335e61776c1da6c423409d54090acaee597bbae738fa9a6703e;334ac1ec9101f516ed9698859a165666c6f6d08a51b35cb5fc1e1bf62e06b0da,none,resolved
334290,Other communications equipment manufacturing,5448000000.0,0.40987518355359764,0.6881424375917768,4.0440534980170555e-06,0.40987518355359764,0.3350000909313711,2017 production; 2024 satellite,2024,USD,2024,https://apps.bea.gov/industry/xls/io-annual/Use_SUT_Framework_2017_DET.xlsx;https://apps.bea.gov/industry/xls/io-annual/Supply_2017_DET.xlsx;https://data.bls.gov/cew/data/files/2024/csv/2024_annual_singlefile.zip,07aa2a21151e78ec1462c8f48142d274c153d90aff07bd797e07c6bc8486911e;7a3a403f7a7e8335e61776c1da6c423409d54090acaee597bbae738fa9a6703e;334ac1ec9101f516ed9698859a165666c6f6d08a51b35cb5fc1e1bf62e06b0da,none,resolved
334413,Semiconductor and related device manufacturing,64183000000.0,0.4175248897683187,0.7554025209167536,3.3323520065410303e-06,0.4175248897683187,0.3412523657222276,2017 production; 2024 satellite,2024,USD,2024,https://apps.bea.gov/industry/xls/io-annual/Use_SUT_Framework_2017_DET.xlsx;https://apps.bea.gov/industry/xls/io-annual/Supply_2017_DET.xlsx;https://data.bls.gov/cew/data/files/2024/csv/2024_annual_singlefile.zip,07aa2a21151e78ec1462c8f48142d274c153d90aff07bd797e07c6bc8486911e;7a3a403f7a7e8335e61776c1da6c423409d54090acaee597bbae738fa9a6703e;334ac1ec9101f516ed9698859a165666c6f6d08a51b35cb5fc1e1bf62e06b0da,none,resolved
334418,Printed circuit assembly (electronic assembly) manufacturing,20012000000.0,0.4212972216669998,0.693383969618229,4.924834670608391e-06,0.4212972216669998,0.34433557636729517,2017 production; 2024 satellite,2024,USD,2024,https://apps.bea.gov/industry/xls/io-annual/Use_SUT_Framework_2017_DET.xlsx;https://apps.bea.gov/industry/xls/io-annual/Supply_2017_DET.xlsx;https://data.bls.gov/cew/data/files/2024/csv/2024_annual_singlefile.zip,07aa2a21151e78ec1462c8f48142d274c153d90aff07bd797e07c6bc8486911e;7a3a403f7a7e8335e61776c1da6c423409d54090acaee597bbae738fa9a6703e;334ac1ec9101f516ed9698859a165666c6f6d08a51b35cb5fc1e1bf62e06b0da,none,resolved
33441A,Other electronic component manufacturing,30058000000.0,0.5562579013906448,0.7003459977377071,6.135421933253647e-06,0.5562579013906448,0.4546419374101774,2017 production; 2024 satellite,2024,USD,2024,https://apps.bea.gov/industry/xls/io-annual/Use_SUT_Framework_2017_DET.xlsx;https://apps.bea.gov/industry/xls/io-annual/Supply_2017_DET.xlsx;https://data.bls.gov/cew/data/files/2024/csv/2024_annual_singlefile.zip,07aa2a21151e78ec1462c8f48142d274c153d90aff07bd797e07c6bc8486911e;7a3a403f7a7e8335e61776c1da6c423409d54090acaee597bbae738fa9a6703e;334ac1ec9101f516ed9698859a165666c6f6d08a51b35cb5fc1e1bf62e06b0da,none,resolved
334510,Electromedical and electrotherapeutic apparatus manufacturing,33425000000.0,0.3312490650710546,0.6399700822737472,2.840973038885725e-06,0.3312490650710546,0.2707372179931554,2017 production; 2024 satellite,2024,USD,2024,https://apps.bea.gov/industry/xls/io-annual/Use_SUT_Framework_2017_DET.xlsx;https://apps.bea.gov/industry/xls/io-annual/Supply_2017_DET.xlsx;https://data.bls.gov/cew/data/files/2024/csv/2024_annual_singlefile.zip,07aa2a21151e78ec1462c8f48142d274c153d90aff07bd797e07c6bc8486911e;7a3a403f7a7e8335e61776c1da6c423409d54090acaee597bbae738fa9a6703e;334ac1ec9101f516ed9698859a165666c6f6d08a51b35cb5fc1e1bf62e06b0da,none,resolved
334511,"Search, detection, and navigation instruments manufacturing",53861000000.0,0.4283433281966543,0.7317910918846661,3.6239909961208867e-06,0.4283433281966543,0.3500945157294723,2017 production; 2024 satellite,2024,USD,2024,https://apps.bea.gov/industry/xls/io-annual/Use_SUT_Framework_2017_DET.xlsx;https://apps.bea.gov/industry/xls/io-annual/Supply_2017_DET.xlsx;https://data.bls.gov/cew/data/files/2024/csv/2024_annual_singlefile.zip,07aa2a21151e78ec1462c8f48142d274c153d90aff07bd797e07c6bc8486911e;7a3a403f7a7e8335e61776c1da6c423409d54090acaee597bbae738fa9a6703e;334ac1ec9101f516ed9698859a165666c6f6d08a51b35cb5fc1e1bf62e06b0da,none,resolved
334512,Automatic environmental control manufacturing,3195000000.0,0.4591549295774648,0.7420970266040688,4.821039554358263e-06,0.4591549295774648,0.37527752187007934,2017 production; 2024 satellite,2024,USD,2024,https://apps.bea.gov/industry/xls/io-annual/Use_SUT_Framework_2017_DET.xlsx;https://apps.bea.gov/industry/xls/io-annual/Supply_2017_DET.xlsx;https://data.bls.gov/cew/data/files/2024/csv/2024_annual_singlefile.zip,07aa2a21151e78ec1462c8f48142d274c153d90aff07bd797e07c6bc8486911e;7a3a403f7a7e8335e61776c1da6c423409d54090acaee597bbae738fa9a6703e;334ac1ec9101f516ed9698859a165666c6f6d08a51b35cb5fc1e1bf62e06b0da,none,resolved
334513,Industrial process variable instruments manufacturing,11471000000.0,0.6985441548252114,0.7562549036701247,6.986128203203826e-06,0.6985441548252114,0.5709356525495104,2017 production; 2024 satellite,2024,USD,2024,https://apps.bea.gov/industry/xls/io-annual/Use_SUT_Framework_2017_DET.xlsx;https://apps.bea.gov/industry/xls/io-annual/Supply_2017_DET.xlsx;https://data.bls.gov/cew/data/files/2024/csv/2024_annual_singlefile.zip,07aa2a21151e78ec1462c8f48142d274c153d90aff07bd797e07c6bc8486911e;7a3a403f7a7e8335e61776c1da6c423409d54090acaee597bbae738fa9a6703e;334ac1ec9101f516ed9698859a165666c6f6d08a51b35cb5fc1e1bf62e06b0da,none,resolved
334514,Totalizing fluid meter and counting device manufacturing,5904000000.0,0.2640582655826558,0.5413279132791328,2.753627180506303e-06,0.2640582655826558,0.21582068524966544,2017 production; 2024 satellite,2024,USD,2024,https://apps.bea.gov/industry/xls/io-annual/Use_SUT_Framework_2017_DET.xlsx;https://apps.bea.gov/industry/xls/io-annual/Supply_2017_DET.xlsx;https://data.bls.gov/cew/data/files/2024/csv/2024_annual_singlefile.zip,07aa2a21151e78ec1462c8f48142d274c153d90aff07bd797e07c6bc8486911e;7a3a403f7a7e8335e61776c1da6c423409d54090acaee597bbae738fa9a6703e;334ac1ec9101f516ed9698859a165666c6f6d08a51b35cb5fc1e1bf62e06b0da,none,resolved
334515,Electricity and signal testing instruments manufacturing,12042000000.0,0.39993356585284834,0.6758844045839562,3.5765206883417385e-06,0.39993356585284834,0.32687458597915336,2017 production; 2024 satellite,2024,USD,2024,https://apps.bea.gov/industry/xls/io-annual/Use_SUT_Framework_2017_DET.xlsx;https://apps.bea.gov/industry/xls/io-annual/Supply_2017_DET.xlsx;https://data.bls.gov/cew/data/files/2024/csv/2024_annual_singlefile.zip,07aa2a21151e78ec1462c8f48142d274c153d90aff07bd797e07c6bc8486911e;7a3a403f7a7e8335e61776c1da6c423409d54090acaee597bbae738fa9a6703e;334ac1ec9101f516ed9698859a165666c6f6d08a51b35cb5fc1e1bf62e06b0da,none,resolved
334516,Analytical laboratory instrument manufacturing,15890000000.0,0.42567652611705475,0.7023285084959093,3.909551420219941e-06,0.42567652611705475,0.34791487915958713,2017 production; 2024 satellite,2024,USD,2024,https://apps.bea.gov/industry/xls/io-annual/Use_SUT_Framework_2017_DET.xlsx;https://apps.bea.gov/industry/xls/io-annual/Supply_2017_DET.xlsx;https://data.bls.gov/cew/data/files/2024/csv/2024_annual_singlefile.zip,07aa2a21151e78ec1462c8f48142d274c153d90aff07bd797e07c6bc8486911e;7a3a403f7a7e8335e61776c1da6c423409d54090acaee597bbae738fa9a6703e;334ac1ec9101f516ed9698859a165666c6f6d08a51b35cb5fc1e1bf62e06b0da,none,resolved
334517,Irradiation apparatus manufacturing,9526000000.0,0.39082511022464833,0.6678563930296032,3.818029487327739e-06,0.39082511022464833,0.31943004289353283,2017 production; 2024 satellite,2024,USD,2024,https://apps.bea.gov/industry/xls/io-annual/Use_SUT_Framework_2017_DET.xlsx;https://apps.bea.gov/industry/xls/io-annual/Supply_2017_DET.xlsx;https://data.bls.gov/cew/data/files/2024/csv/2024_annual_singlefile.zip,07aa2a21151e78ec1462c8f48142d274c153d90aff07bd797e07c6bc8486911e;7a3a403f7a7e8335e61776c1da6c423409d54090acaee597bbae738fa9a6703e;334ac1ec9101f516ed9698859a165666c6f6d08a51b35cb5fc1e1bf62e06b0da,none,resolved
33451A,"Watch, clock, and other measuring and controlling device manufacturing",13200000000.0,0.39136363636363636,0.6671969696969697,3.873509965461017e-06,0.3913636363636364,0.31987019226770524,2017 production; 2024 satellite,2024,USD,2024,https://apps.bea.gov/industry/xls/io-annual/Use_SUT_Framework_2017_DET.xlsx;https://apps.bea.gov/industry/xls/io-annual/Supply_2017_DET.xlsx;https://data.bls.gov/cew/data/files/2024/csv/2024_annual_singlefile.zip,07aa2a21151e78ec1462c8f48142d274c153d90aff07bd797e07c6bc8486911e;7a3a403f7a7e8335e61776c1da6c423409d54090acaee597bbae738fa9a6703e;334ac1ec9101f516ed9698859a165666c6f6d08a51b35cb5fc1e1bf62e06b0da,none,resolved
334300,Audio and video equipment manufacturing,3111000000.0,0.37254901960784315,0.6496303439408551,3.687568768123915e-06,0.37254901960784315,0.30449258811664687,2017 production; 2024 satellite,2024,USD,2024,https://apps.bea.gov/industry/xls/io-annual/Use_SUT_Framework_2017_DET.xlsx;https://apps.bea.gov/industry/xls/io-annual/Supply_2017_DET.xlsx;https://data.bls.gov/cew/data/files/2024/csv/2024_annual_singlefile.zip,07aa2a21151e78ec1462c8f48142d274c153d90aff07bd797e07c6bc8486911e;7a3a403f7a7e8335e61776c1da6c423409d54090acaee597bbae738fa9a6703e;334ac1ec9101f516ed9698859a165666c6f6d08a51b35cb5fc1e1bf62e06b0da,none,resolved
334610,Manufacturing and reproducing magnetic and optical media,1867000000.0,0.4654525977504017,0.7423674343867167,4.337187854258317e-06,0.46545259775040165,0.38042474594033976,2017 production; 2024 satellite,2024,USD,2024,https://apps.bea.gov/industry/xls/io-annual/Use_SUT_Framework_2017_DET.xlsx;https://apps.bea.gov/industry/xls/io-annual/Supply_2017_DET.xlsx;https://data.bls.gov/cew/data/files/2024/csv/2024_annual_singlefile.zip,07aa2a21151e78ec1462c8f48142d274c153d90aff07bd797e07c6bc8486911e;7a3a403f7a7e8335e61776c1da6c423409d54090acaee597bbae738fa9a6703e;334ac1ec9101f516ed9698859a165666c6f6d08a51b35cb5fc1e1bf62e06b0da,none,resolved
335110,Electric lamp bulb and part manufacturing,1500000000.0,0.5353333333333333,0.576,5.5299984245506745e-06,0.5353333333333333,0.43753982319793117,2017 production; 2024 satellite,2024,USD,2024,https://apps.bea.gov/industry/xls/io-annual/Use_SUT_Framework_2017_DET.xlsx;https://apps.bea.gov/industry/xls/io-annual/Supply_2017_DET.xlsx;https://data.bls.gov/cew/data/files/2024/csv/2024_annual_singlefile.zip,07aa2a21151e78ec1462c8f48142d274c153d90aff07bd797e07c6bc8486911e;7a3a403f7a7e8335e61776c1da6c423409d54090acaee597bbae738fa9a6703e;334ac1ec9101f516ed9698859a165666c6f6d08a51b35cb5fc1e1bf62e06b0da,none,resolved
335120,Lighting fixture manufacturing,11951000000.0,0.28499707137478036,0.4714249853568739,2.944022457728689e-06,0.28499707137478036,0.23293443627879745,2017 production; 2024 satellite,2024,USD,2024,https://apps.bea.gov/industry/xls/io-annual/Use_SUT_Framework_2017_DET.xlsx;https://apps.bea.gov/industry/xls/io-annual/Supply_2017_DET.xlsx;https://data.bls.gov/cew/data/files/2024/csv/2024_annual_singlefile.zip,07aa2a21151e78ec1462c8f48142d274c153d90aff07bd797e07c6bc8486911e;7a3a403f7a7e8335e61776c1da6c423409d54090acaee597bbae738fa9a6703e;334ac1ec9101f516ed9698859a165666c6f6d08a51b35cb5fc1e1bf62e06b0da,none,resolved
335210,Small electrical appliance manufacturing,3595000000.0,0.2787204450625869,0.5349095966620306,2.881327691667843e-06,0.2787204450625869,0.22780441018866682,2017 production; 2024 satellite,2024,USD,2024,https://apps.bea.gov/industry/xls/io-annual/Use_SUT_Framework_2017_DET.xlsx;https://apps.bea.gov/industry/xls/io-annual/Supply_2017_DET.xlsx;https://data.bls.gov/cew/data/files/2024/csv/2024_annual_singlefile.zip,07aa2a21151e78ec1462c8f48142d274c153d90aff07bd797e07c6bc8486911e;7a3a403f7a7e8335e61776c1da6c423409d54090acaee597bbae738fa9a6703e;334ac1ec9101f516ed9698859a165666c6f6d08a51b35cb5fc1e1bf62e06b0da,none,resolved
335220,Major household appliance manufacturing,19044000000.0,0.25,0.4839844570468389,2.7108833929205762e-06,0.25,0.2043305525519604,2017 production; 2024 satellite,2024,USD,2024,https://apps.bea.gov/industry/xls/io-annual/Use_SUT_Framework_2017_DET.xlsx;https://apps.bea.gov/industry/xls/io-annual/Supply_2017_DET.xlsx;https://data.bls.gov/cew/data/files/2024/csv/2024_annual_singlefile.zip,07aa2a21151e78ec1462c8f48142d274c153d90aff07bd797e07c6bc8486911e;7a3a403f7a7e8335e61776c1da6c423409d54090acaee597bbae738fa9a6703e;334ac1ec9101f516ed9698859a165666c6f6d08a51b35cb5fc1e1bf62e06b0da,none,resolved
335311,"Power, distribution, and specialty transformer manufacturing",5345000000.0,0.462488306828812,0.5494855004677268,4.744614802653092e-06,0.4624883068288119,0.378001965132607,2017 production; 2024 satellite,2024,USD,2024,https://apps.bea.gov/industry/xls/io-annual/Use_SUT_Framework_2017_DET.xlsx;https://apps.bea.gov/industry/xls/io-annual/Supply_2017_DET.xlsx;https://data.bls.gov/cew/data/files/2024/csv/2024_annual_singlefile.zip,07aa2a21151e78ec1462c8f48142d274c153d90aff07bd797e07c6bc8486911e;7a3a403f7a7e8335e61776c1da6c423409d54090acaee597bbae738fa9a6703e;334ac1ec9101f516ed9698859a165666c6f6d08a51b35cb5fc1e1bf62e06b0da,none,resolved
335312,Motor and generator manufacturing,10290000000.0,0.30097181729834793,0.3835762876579203,3.138386811551123e-06,0.30097181729834793,0.24599095092455636,2017 production; 2024 satellite,2024,USD,2024,https://apps.bea.gov/industry/xls/io-annual/Use_SUT_Framework_2017_DET.xlsx;https://apps.bea.gov/industry/xls/io-annual/Supply_2017_DET.xlsx;https://data.bls.gov/cew/data/files/2024/csv/2024_annual_singlefile.zip,07aa2a21151e78ec1462c8f48142d274c153d90aff07bd797e07c6bc8486911e;7a3a403f7a7e8335e61776c1da6c423409d54090acaee597bbae738fa9a6703e;334ac1ec9101f516ed9698859a165666c6f6d08a51b35cb5fc1e1bf62e06b0da,none,resolved
335313,Switchgear and switchboard apparatus manufacturing,12093000000.0,0.2736293723641776,0.4505912511370214,2.7325305183302586e-06,0.2736293723641776,0.2236433633984741,2017 production; 2024 satellite,2024,USD,2024,https://apps.bea.gov/industry/xls/io-annual/Use_SUT_Framework_2017_DET.xlsx;https://apps.bea.gov/industry/xls/io-annual/Supply_2017_DET.xlsx;https://data.bls.gov/cew/data/files/2024/csv/2024_annual_singlefile.zip,07aa2a21151e78ec1462c8f48142d274c153d90aff07bd797e07c6bc8486911e;7a3a403f7a7e8335e61776c1da6c423409d54090acaee597bbae738fa9a6703e;334ac1ec9101f516ed9698859a165666c6f6d08a51b35cb5fc1e1bf62e06b0da,none,resolved
335314,Relay and industrial control manufacturing,10666000000.0,0.4604350271891993,0.4824676542283893,4.711828913961031e-06,0.4604350271891993,0.37632377407938394,2017 production; 2024 satellite,2024,USD,2024,https://apps.bea.gov/industry/xls/io-annual/Use_SUT_Framework_2017_DET.xlsx;https://apps.bea.gov/industry/xls/io-annual/Supply_2017_DET.xlsx;https://data.bls.gov/cew/data/files/2024/csv/2024_annual_singlefile.zip,07aa2a21151e78ec1462c8f48142d274c153d90aff07bd797e07c6bc8486911e;7a3a403f7a7e8335e61776c1da6c423409d54090acaee597bbae738fa9a6703e;334ac1ec9101f516ed9698859a165666c6f6d08a51b35cb5fc1e1bf62e06b0da,none,resolved
335911,Storage battery manufacturing,7502000000.0,0.24513463076512929,0.35310583844308185,2.5322430671244886e-06,0.24513463076512929,0.2003539782154386,2017 production; 2024 satellite,2024,USD,2024,https://apps.bea.gov/industry/xls/io-annual/Use_SUT_Framework_2017_DET.xlsx;https://apps.bea.gov/industry/xls/io-annual/Supply_2017_DET.xlsx;https://data.bls.gov/cew/data/files/2024/csv/2024_annual_singlefile.zip,07aa2a21151e78ec1462c8f48142d274c153d90aff07bd797e07c6bc8486911e;7a3a403f7a7e8335e61776c1da6c423409d54090acaee597bbae738fa9a6703e;334ac1ec9101f516ed9698859a165666c6f6d08a51b35cb5fc1e1bf62e06b0da,none,resolved
335912,Primary battery manufacturing,2423000000.0,0.448204704911267,0.738340899711102,4.629958864325354e-06,0.448204704911267,0.36632766004363015,2017 production; 2024 satellite,2024,USD,2024,https://apps.bea.gov/industry/xls/io-annual/Use_SUT_Framework_2017_DET.xlsx;https://apps.bea.gov/industry/xls/io-annual/Supply_2017_DET.xlsx;https://data.bls.gov/cew/data/files/2024/csv/2024_annual_singlefile.zip,07aa2a21151e78ec1462c8f48142d274c153d90aff07bd797e07c6bc8486911e;7a3a403f7a7e8335e61776c1da6c423409d54090acaee597bbae738fa9a6703e;334ac1ec9101f516ed9698859a165666c6f6d08a51b35cb5fc1e1bf62e06b0da,none,resolved
335920,Communication and energy wire and cable manufacturing,11411000000.0,0.20418894049601263,0.34247655770747526,2.1734236550046885e-06,0.20418894049601263,0.16688815614619848,2017 production; 2024 satellite,2024,USD,2024,https://apps.bea.gov/industry/xls/io-annual/Use_SUT_Framework_2017_DET.xlsx;https://apps.bea.gov/industry/xls/io-annual/Supply_2017_DET.xlsx;https://data.bls.gov/cew/data/files/2024/csv/2024_annual_singlefile.zip,07aa2a21151e78ec1462c8f48142d274c153d90aff07bd797e07c6bc8486911e;7a3a403f7a7e8335e61776c1da6c423409d54090acaee597bbae738fa9a6703e;334ac1ec9101f516ed9698859a165666c6f6d08a51b35cb5fc1e1bf62e06b0da,none,resolved
335930,Wiring device manufacturing,14313000000.0,0.2766715573255083,0.5480332564801229,2.8983597812573894e-06,0.2766715573255083,0.22612980873492997,2017 production; 2024 satellite,2024,USD,2024,https://apps.bea.gov/industry/xls/io-annual/Use_SUT_Framework_2017_DET.xlsx;https://apps.bea.gov/industry/xls/io-annual/Supply_2017_DET.xlsx;https://data.bls.gov/cew/data/files/2024/csv/2024_annual_singlefile.zip,07aa2a21151e78ec1462c8f48142d274c153d90aff07bd797e07c6bc8486911e;7a3a403f7a7e8335e61776c1da6c423409d54090acaee597bbae738fa9a6703e;334ac1ec9101f516ed9698859a165666c6f6d08a51b35cb5fc1e1bf62e06b0da,none,resolved
335991,Carbon and graphite product manufacturing,3439000000.0,0.2079092759523117,0.5455074149462052,2.165253291205348e-06,0.20790927595231168,0.16992886894405543,2017 production; 2024 satellite,2024,USD,2024,https://apps.bea.gov/industry/xls/io-annual/Use_SUT_Framework_2017_DET.xlsx;https://apps.bea.gov/industry/xls/io-annual/Supply_2017_DET.xlsx;https://data.bls.gov/cew/data/files/2024/csv/2024_annual_singlefile.zip,07aa2a21151e78ec1462c8f48142d274c153d90aff07bd797e07c6bc8486911e;7a3a403f7a7e8335e61776c1da6c423409d54090acaee597bbae738fa9a6703e;334ac1ec9101f516ed9698859a165666c6f6d08a51b35cb5fc1e1bf62e06b0da,none,resolved
335999,All other miscellaneous electrical equipment and component manufacturing,10835000000.0,0.25537609598523303,0.4243654822335025,2.520577409873773e-06,0.25537609598523303,0.20872455520490055,2017 production; 2024 satellite,2024,USD,2024,https://apps.bea.gov/industry/xls/io-annual/Use_SUT_Framework_2017_DET.xlsx;https://apps.bea.gov/industry/xls/io-annual/Supply_2017_DET.xlsx;https://data.bls.gov/cew/data/files/2024/csv/2024_annual_singlefile.zip,07aa2a21151e78ec1462c8f48142d274c153d90aff07bd797e07c6bc8486911e;7a3a403f7a7e8335e61776c1da6c423409d54090acaee597bbae738fa9a6703e;334ac1ec9101f516ed9698859a165666c6f6d08a51b35cb5fc1e1bf62e06b0da,none,resolved
336111,Automobile manufacturing,40000000000.0,0.15955,0.298725,1.6481530173793152e-06,0.15955,0.1304037586386611,2017 production; 2024 satellite,2024,USD,2024,https://apps.bea.gov/industry/xls/io-annual/Use_SUT_Framework_2017_DET.xlsx;https://apps.bea.gov/industry/xls/io-annual/Supply_2017_DET.xlsx;https://data.bls.gov/cew/data/files/2024/csv/2024_annual_singlefile.zip,07aa2a21151e78ec1462c8f48142d274c153d90aff07bd797e07c6bc8486911e;7a3a403f7a7e8335e61776c1da6c423409d54090acaee597bbae738fa9a6703e;334ac1ec9101f516ed9698859a165666c6f6d08a51b35cb5fc1e1bf62e06b0da,none,resolved
336112,Light truck and utility vehicle manufacturing,212846000000.0,0.0667618841791718,0.26184189507907124,6.896508985009737e-07,0.0667618841791718,0.05456597073496062,2017 production; 2024 satellite,2024,USD,2024,https://apps.bea.gov/industry/xls/io-annual/Use_SUT_Framework_2017_DET.xlsx;https://apps.bea.gov/industry/xls/io-annual/Supply_2017_DET.xlsx;https://data.bls.gov/cew/data/files/2024/csv/2024_annual_singlefile.zip,07aa2a21151e78ec1462c8f48142d274c153d90aff07bd797e07c6bc8486911e;7a3a403f7a7e8335e61776c1da6c423409d54090acaee597bbae738fa9a6703e;334ac1ec9101f516ed9698859a165666c6f6d08a51b35cb5fc1e1bf62e06b0da,none,resolved
336120,Heavy duty truck manufacturing,26192000000.0,0.0999923640806353,0.2135003054367746,1.0493869657752582e-06,0.09999236408063532,0.08172598001429203,2017 production; 2024 satellite,2024,USD,2024,https://apps.bea.gov/industry/xls/io-annual/Use_SUT_Framework_2017_DET.xlsx;https://apps.bea.gov/industry/xls/io-annual/Supply_2017_DET.xlsx;https://data.bls.gov/cew/data/files/2024/csv/2024_annual_singlefile.zip,07aa2a21151e78ec1462c8f48142d274c153d90aff07bd797e07c6bc8486911e;7a3a403f7a7e8335e61776c1da6c423409d54090acaee597bbae738fa9a6703e;334ac1ec9101f516ed9698859a165666c6f6d08a51b35cb5fc1e1bf62e06b0da,none,resolved
336211,Motor vehicle body manufacturing,14892000000.0,0.24563524039752888,0.2765914585012087,2.772024477522492e-06,0.24563524039752885,0.20076313758664277,2017 production; 2024 satellite,2024,USD,2024,https://apps.bea.gov/industry/xls/io-annual/Use_SUT_Framework_2017_DET.xlsx;https://apps.bea.gov/industry/xls/io-annual/Supply_2017_DET.xlsx;https://data.bls.gov/cew/data/files/2024/csv/2024_annual_singlefile.zip,07aa2a21151e78ec1462c8f48142d274c153d90aff07bd797e07c6bc8486911e;7a3a403f7a7e8335e61776c1da6c423409d54090acaee597bbae738fa9a6703e;334ac1ec9101f516ed9698859a165666c6f6d08a51b35cb5fc1e1bf62e06b0da,none,resolved
336212,Truck trailer manufacturing,11042000000.0,0.19045462778482158,0.2606411881905452,2.287728595182829e-06,0.19045462778482158,0.15566279732540217,2017 production; 2024 satellite,2024,USD,2024,https://apps.bea.gov/industry/xls/io-annual/Use_SUT_Framework_2017_DET.xlsx;https://apps.bea.gov/industry/xls/io-annual/Supply_2017_DET.xlsx;https://data.bls.gov/cew/data/files/2024/csv/2024_annual_singlefile.zip,07aa2a21151e78ec1462c8f48142d274c153d90aff07bd797e07c6bc8486911e;7a3a403f7a7e8335e61776c1da6c423409d54090acaee597bbae738fa9a6703e;334ac1ec9101f516ed9698859a165666c6f6d08a51b35cb5fc1e1bf62e06b0da,none,resolved
336213,Motor home manufacturing,5565000000.0,0.23683737646001796,0.24582210242587602,2.523796223687432e-06,0.23683737646001796,0.1935724479881285,2017 production; 2024 satellite,2024,USD,2024,https://apps.bea.gov/industry/xls/io-annual/Use_SUT_Framework_2017_DET.xlsx;https://apps.bea.gov/industry/xls/io-annual/Supply_2017_DET.xlsx;https://data.bls.gov/cew/data/files/2024/csv/2024_annual_singlefile.zip,07aa2a21151e78ec1462c8f48142d274c153d90aff07bd797e07c6bc8486911e;7a3a403f7a7e8335e61776c1da6c423409d54090acaee597bbae738fa9a6703e;334ac1ec9101f516ed9698859a165666c6f6d08a51b35cb5fc1e1bf62e06b0da,none,resolved
336214,Travel trailer and camper manufacturing,17704000000.0,0.16295752372345232,0.34252146407591505,2.0359991646583496e-06,0.16295752372345232,0.1331888034596488,2017 production; 2024 satellite,2024,USD,2024,https://apps.bea.gov/industry/xls/io-annual/Use_SUT_Framework_2017_DET.xlsx;https://apps.bea.gov/industry/xls/io-annual/Supply_2017_DET.xlsx;https://data.bls.gov/cew/data/files/2024/csv/2024_annual_singlefile.zip,07aa2a21151e78ec1462c8f48142d274c153d90aff07bd797e07c6bc8486911e;7a3a403f7a7e8335e61776c1da6c423409d54090acaee597bbae738fa9a6703e;334ac1ec9101f516ed9698859a165666c6f6d08a51b35cb5fc1e1bf62e06b0da,none,resolved
336310,Motor vehicle gasoline engine and engine parts manufacturing,39889000000.0,0.12810549274236005,0.2207375466920705,1.5221793732961132e-06,0.12810549274236005,0.10470346446795031,2017 production; 2024 satellite,2024,USD,2024,https://apps.bea.gov/industry/xls/io-annual/Use_SUT_Framework_2017_DET.xlsx;https://apps.bea.gov/industry/xls/io-annual/Supply_2017_DET.xlsx;https://data.bls.gov/cew/data/files/2024/csv/2024_annual_singlefile.zip,07aa2a21151e78ec1462c8f48142d274c153d90aff07bd797e07c6bc8486911e;7a3a403f7a7e8335e61776c1da6c423409d54090acaee597bbae738fa9a6703e;334ac1ec9101f516ed9698859a165666c6f6d08a51b35cb5fc1e1bf62e06b0da,none,resolved
336320,Motor vehicle electrical and electronic equipment manufacturing,24026000000.0,0.18163656039290768,0.2640472821110464,2.136921499799058e-06,0.18163656039290768,0.1484555949948814,2017 production; 2024 satellite,2024,USD,2024,https://apps.bea.gov/industry/xls/io-annual/Use_SUT_Framework_2017_DET.xlsx;https://apps.bea.gov/industry/xls/io-annual/Supply_2017_DET.xlsx;https://data.bls.gov/cew/data/files/2024/csv/2024_annual_singlefile.zip,07aa2a21151e78ec1462c8f48142d274c153d90aff07bd797e07c6bc8486911e;7a3a403f7a7e8335e61776c1da6c423409d54090acaee597bbae738fa9a6703e;334ac1ec9101f516ed9698859a165666c6f6d08a51b35cb5fc1e1bf62e06b0da,none,resolved
336350,Motor vehicle transmission and power train parts manufacturing,41967000000.0,0.16994305049205327,0.29768627731312697,1.8672229713430578e-06,0.16994305049205327,0.13889822963762777,2017 production; 2024 satellite,2024,USD,2024,https://apps.bea.gov/industry/xls/io-annual/Use_SUT_Framework_2017_DET.xlsx;https://apps.bea.gov/industry/xls/io-annual/Supply_2017_DET.xlsx;https://data.bls.gov/cew/data/files/2024/csv/2024_annual_singlefile.zip,07aa2a21151e78ec1462c8f48142d274c153d90aff07bd797e07c6bc8486911e;7a3a403f7a7e8335e61776c1da6c423409d54090acaee597bbae738fa9a6703e;334ac1ec9101f516ed9698859a165666c6f6d08a51b35cb5fc1e1bf62e06b0da,none,resolved
336360,Motor vehicle seating and interior trim manufacturing,31795000000.0,0.14788488756093726,0.2548828432143419,1.7649938179279362e-06,0.14788488756093726,0.12086960315764336,2017 production; 2024 satellite,2024,USD,2024,https://apps.bea.gov/industry/xls/io-annual/Use_SUT_Framework_2017_DET.xlsx;https://apps.bea.gov/industry/xls/io-annual/Supply_2017_DET.xlsx;https://data.bls.gov/cew/data/files/2024/csv/2024_annual_singlefile.zip,07aa2a21151e78ec1462c8f48142d274c153d90aff07bd797e07c6bc8486911e;7a3a403f7a7e8335e61776c1da6c423409d54090acaee597bbae738fa9a6703e;334ac1ec9101f516ed9698859a165666c6f6d08a51b35cb5fc1e1bf62e06b0da,none,resolved
336370,Motor vehicle metal stamping,37909000000.0,0.1710939354770635,0.2948903954206125,1.91128972147913e-06,0.1710939354770635,0.13983887349727137,2017 production; 2024 satellite,2024,USD,2024,https://apps.bea.gov/industry/xls/io-annual/Use_SUT_Framework_2017_DET.xlsx;https://apps.bea.gov/industry/xls/io-annual/Supply_2017_DET.xlsx;https://data.bls.gov/cew/data/files/2024/csv/2024_annual_singlefile.zip,07aa2a21151e78ec1462c8f48142d274c153d90aff07bd797e07c6bc8486911e;7a3a403f7a7e8335e61776c1da6c423409d54090acaee597bbae738fa9a6703e;334ac1ec9101f516ed9698859a165666c6f6d08a51b35cb5fc1e1bf62e06b0da,none,resolved
336390,Other motor vehicle parts manufacturing,65677000000.0,0.1518796534555476,0.27282001309438614,1.8336633147155394e-06,0.1518796534555476,0.1241346140478892,2017 production; 2024 satellite,2024,USD,2024,https://apps.bea.gov/industry/xls/io-annual/Use_SUT_Framework_2017_DET.xlsx;https://apps.bea.gov/industry/xls/io-annual/Supply_2017_DET.xlsx;https://data.bls.gov/cew/data/files/2024/csv/2024_annual_singlefile.zip,07aa2a21151e78ec1462c8f48142d274c153d90aff07bd797e07c6bc8486911e;7a3a403f7a7e8335e61776c1da6c423409d54090acaee597bbae738fa9a6703e;334ac1ec9101f516ed9698859a165666c6f6d08a51b35cb5fc1e1bf62e06b0da,none,resolved
3363A0,"Motor vehicle steering, suspension component (except spring), and brake systems manufacturing",27452000000.0,0.16006119772694158,0.23189567244645198,1.7794552624610155e-06,0.16006119772694158,0.13082157189469823,2017 production; 2024 satellite,2024,USD,2024,https://apps.bea.gov/industry/xls/io-annual/Use_SUT_Framework_2017_DET.xlsx;https://apps.bea.gov/industry/xls/io-annual/Supply_2017_DET.xlsx;https://data.bls.gov/cew/data/files/2024/csv/2024_annual_singlefile.zip,07aa2a21151e78ec1462c8f48142d274c153d90aff07bd797e07c6bc8486911e;7a3a403f7a7e8335e61776c1da6c423409d54090acaee597bbae738fa9a6703e;334ac1ec9101f516ed9698859a165666c6f6d08a51b35cb5fc1e1bf62e06b0da,none,resolved
336411,Aircraft manufacturing,149569000000.0,0.1947596092773235,0.4975830553122639,1.8758093302282555e-06,0.19475960927732353,0.15918135431375766,2017 production; 2024 satellite,2024,USD,2024,https://apps.bea.gov/industry/xls/io-annual/Use_SUT_Framework_2017_DET.xlsx;https://apps.bea.gov/industry/xls/io-annual/Supply_2017_DET.xlsx;https://data.bls.gov/cew/data/files/2024/csv/2024_annual_singlefile.zip,07aa2a21151e78ec1462c8f48142d274c153d90aff07bd797e07c6bc8486911e;7a3a403f7a7e8335e61776c1da6c423409d54090acaee597bbae738fa9a6703e;334ac1ec9101f516ed9698859a165666c6f6d08a51b35cb5fc1e1bf62e06b0da,none,resolved
336412,Aircraft engine and engine parts manufacturing,46666000000.0,0.19414563065186646,0.39351990742724896,1.8222594244397063e-06,0.19414563065186646,0.15867953594657874,2017 production; 2024 satellite,2024,USD,2024,https://apps.bea.gov/industry/xls/io-annual/Use_SUT_Framework_2017_DET.xlsx;https://apps.bea.gov/industry/xls/io-annual/Supply_2017_DET.xlsx;https://data.bls.gov/cew/data/files/2024/csv/2024_annual_singlefile.zip,07aa2a21151e78ec1462c8f48142d274c153d90aff07bd797e07c6bc8486911e;7a3a403f7a7e8335e61776c1da6c423409d54090acaee597bbae738fa9a6703e;334ac1ec9101f516ed9698859a165666c6f6d08a51b35cb5fc1e1bf62e06b0da,none,resolved
336413,Other aircraft parts and auxiliary equipment manufacturing,37139000000.0,0.2572497913244837,0.4716066668461725,2.5247315973375036e-06,0.2572497913244837,0.21025596802083305,2017 production; 2024 satellite,2024,USD,2024,https://apps.bea.gov/industry/xls/io-annual/Use_SUT_Framework_2017_DET.xlsx;https://apps.bea.gov/industry/xls/io-annual/Supply_2017_DET.xlsx;https://data.bls.gov/cew/data/files/2024/csv/2024_annual_singlefile.zip,07aa2a21151e78ec1462c8f48142d274c153d90aff07bd797e07c6bc8486911e;7a3a403f7a7e8335e61776c1da6c423409d54090acaee597bbae738fa9a6703e;334ac1ec9101f516ed9698859a165666c6f6d08a51b35cb5fc1e1bf62e06b0da,none,resolved
336414,Guided missile and space vehicle manufacturing,19803000000.0,0.4965409281422007,0.508912790991264,4.926633357164954e-06,0.4965409281422007,0.4058339288478364,2017 production; 2024 satellite,2024,USD,2024,https://apps.bea.gov/industry/xls/io-annual/Use_SUT_Framework_2017_DET.xlsx;https://apps.bea.gov/industry/xls/io-annual/Supply_2017_DET.xlsx;https://data.bls.gov/cew/data/files/2024/csv/2024_annual_singlefile.zip,07aa2a21151e78ec1462c8f48142d274c153d90aff07bd797e07c6bc8486911e;7a3a403f7a7e8335e61776c1da6c423409d54090acaee597bbae738fa9a6703e;334ac1ec9101f516ed9698859a165666c6f6d08a51b35cb5fc1e1bf62e06b0da,none,resolved
33641A,Propulsion units and parts for space vehicles and guided missiles,9506000000.0,0.20755312434252052,0.26099305701662107,2.101536354201763e-06,0.20755312434252052,0.16963777832317184,2017 production; 2024 satellite,2024,USD,2024,https://apps.bea.gov/industry/xls/io-annual/Use_SUT_Framework_2017_DET.xlsx;https://apps.bea.gov/industry/xls/io-annual/Supply_2017_DET.xlsx;https://data.bls.gov/cew/data/files/2024/csv/2024_annual_singlefile.zip,07aa2a21151e78ec1462c8f48142d274c153d90aff07bd797e07c6bc8486911e;7a3a403f7a7e8335e61776c1da6c423409d54090acaee597bbae738fa9a6703e;334ac1ec9101f516ed9698859a165666c6f6d08a51b35cb5fc1e1bf62e06b0da,none,resolved
336500,Railroad rolling stock manufacturing,12800000000.0,0.115625,0.244921875,1.1960205864698439e-06,0.115625,0.09450288055528167,2017 production; 2024 satellite,2024,USD,2024,https://apps.bea.gov/industry/xls/io-annual/Use_SUT_Framework_2017_DET.xlsx;https://apps.bea.gov/industry/xls/io-annual/Supply_2017_DET.xlsx;https://data.bls.gov/cew/data/files/2024/csv/2024_annual_singlefile.zip,07aa2a21151e78ec1462c8f48142d274c153d90aff07bd797e07c6bc8486911e;7a3a403f7a7e8335e61776c1da6c423409d54090acaee597bbae738fa9a6703e;334ac1ec9101f516ed9698859a165666c6f6d08a51b35cb5fc1e1bf62e06b0da,none,resolved
336611,Ship building and repairing,25522000000.0,0.4072956664838179,0.47895932920617507,4.2682744650414185e-06,0.4072956664838179,0.33289179433862987,2017 production; 2024 satellite,2024,USD,2024,https://apps.bea.gov/industry/xls/io-annual/Use_SUT_Framework_2017_DET.xlsx;https://apps.bea.gov/industry/xls/io-annual/Supply_2017_DET.xlsx;https://data.bls.gov/cew/data/files/2024/csv/2024_annual_singlefile.zip,07aa2a21151e78ec1462c8f48142d274c153d90aff07bd797e07c6bc8486911e;7a3a403f7a7e8335e61776c1da6c423409d54090acaee597bbae738fa9a6703e;334ac1ec9101f516ed9698859a165666c6f6d08a51b35cb5fc1e1bf62e06b0da,none,resolved
336612,Boat building,10467000000.0,0.19633132702780165,0.2610107958345276,2.3959007004835053e-06,0.19633132702780165,0.16046595413940137,2017 production; 2024 satellite,2024,USD,2024,https://apps.bea.gov/industry/xls/io-annual/Use_SUT_Framework_2017_DET.xlsx;https://apps.bea.gov/industry/xls/io-annual/Supply_2017_DET.xlsx;https://data.bls.gov/cew/data/files/2024/csv/2024_annual_singlefile.zip,07aa2a21151e78ec1462c8f48142d274c153d90aff07bd797e07c6bc8486911e;7a3a403f7a7e8335e61776c1da6c423409d54090acaee597bbae738fa9a6703e;334ac1ec9101f516ed9698859a165666c6f6d08a51b35cb5fc1e1bf62e06b0da,none,resolved
336991,"Motorcycle, bicycle, and parts manufacturing",7579000000.0,0.28869243963583585,0.48951048951048953,3.312144873707721e-06,0.28869243963583585,0.23595474283345524,2017 production; 2024 satellite,2024,USD,2024,https://apps.bea.gov/industry/xls/io-annual/Use_SUT_Framework_2017_DET.xlsx;https://apps.bea.gov/industry/xls/io-annual/Supply_2017_DET.xlsx;https://data.bls.gov/cew/data/files/2024/csv/2024_annual_singlefile.zip,07aa2a21151e78ec1462c8f48142d274c153d90aff07bd797e07c6bc8486911e;7a3a403f7a7e8335e61776c1da6c423409d54090acaee597bbae738fa9a6703e;334ac1ec9101f516ed9698859a165666c6f6d08a51b35cb5fc1e1bf62e06b0da,none,resolved
336992,"Military armored vehicle, tank, and tank component manufacturing",7647000000.0,0.2406172355171963,0.44344187262978946,2.4188288903744762e-06,0.2406172355171963,0.1966618107470156,2017 production; 2024 satellite,2024,USD,2024,https://apps.bea.gov/industry/xls/io-annual/Use_SUT_Framework_2017_DET.xlsx;https://apps.bea.gov/industry/xls/io-annual/Supply_2017_DET.xlsx;https://data.bls.gov/cew/data/files/2024/csv/2024_annual_singlefile.zip,07aa2a21151e78ec1462c8f48142d274c153d90aff07bd797e07c6bc8486911e;7a3a403f7a7e8335e61776c1da6c423409d54090acaee597bbae738fa9a6703e;334ac1ec9101f516ed9698859a165666c6f6d08a51b35cb5fc1e1bf62e06b0da,none,resolved
336999,All other transportation equipment manufacturing,8768000000.0,0.16617244525547445,0.3145529197080292,1.89085239971282e-06,0.16617244525547445,0.13581643023184592,2017 production; 2024 satellite,2024,USD,2024,https://apps.bea.gov/industry/xls/io-annual/Use_SUT_Framework_2017_DET.xlsx;https://apps.bea.gov/industry/xls/io-annual/Supply_2017_DET.xlsx;https://data.bls.gov/cew/data/files/2024/csv/2024_annual_singlefile.zip,07aa2a21151e78ec1462c8f48142d274c153d90aff07bd797e07c6bc8486911e;7a3a403f7a7e8335e61776c1da6c423409d54090acaee597bbae738fa9a6703e;334ac1ec9101f516ed9698859a165666c6f6d08a51b35cb5fc1e1bf62e06b0da,none,resolved
337110,Wood kitchen cabinet and countertop manufacturing,15060000000.0,0.400597609561753,0.44687915006640105,5.988774356875013e-06,0.40059760956175294,0.3274173236509899,2017 production; 2024 satellite,2024,USD,2024,https://apps.bea.gov/industry/xls/io-annual/Use_SUT_Framework_2017_DET.xlsx;https://apps.bea.gov/industry/xls/io-annual/Supply_2017_DET.xlsx;https://data.bls.gov/cew/data/files/2024/csv/2024_annual_singlefile.zip,07aa2a21151e78ec1462c8f48142d274c153d90aff07bd797e07c6bc8486911e;7a3a403f7a7e8335e61776c1da6c423409d54090acaee597bbae738fa9a6703e;334ac1ec9101f516ed9698859a165666c6f6d08a51b35cb5fc1e1bf62e06b0da,none,resolved
337121,Upholstered household furniture manufacturing,12304000000.0,0.24073472041612484,0.3418400520156047,3.176735579988204e-06,0.24073472041612484,0.19675783376427392,2017 production; 2024 satellite,2024,USD,2024,https://apps.bea.gov/industry/xls/io-annual/Use_SUT_Framework_2017_DET.xlsx;https://apps.bea.gov/industry/xls/io-annual/Supply_2017_DET.xlsx;https://data.bls.gov/cew/data/files/2024/csv/2024_annual_singlefile.zip,07aa2a21151e78ec1462c8f48142d274c153d90aff07bd797e07c6bc8486911e;7a3a403f7a7e8335e61776c1da6c423409d54090acaee597bbae738fa9a6703e;334ac1ec9101f516ed9698859a165666c6f6d08a51b35cb5fc1e1bf62e06b0da,none,resolved
337122,Nonupholstered wood household furniture manufacturing,4086000000.0,0.3675966715614293,0.39402838962310327,5.949388907345954e-06,0.3675966715614292,0.30044492406563333,2017 production; 2024 satellite,2024,USD,2024,https://apps.bea.gov/industry/xls/io-annual/Use_SUT_Framework_2017_DET.xlsx;https://apps.bea.gov/industry/xls/io-annual/Supply_2017_DET.xlsx;https://data.bls.gov/cew/data/files/2024/csv/2024_annual_singlefile.zip,07aa2a21151e78ec1462c8f48142d274c153d90aff07bd797e07c6bc8486911e;7a3a403f7a7e8335e61776c1da6c423409d54090acaee597bbae738fa9a6703e;334ac1ec9101f516ed9698859a165666c6f6d08a51b35cb5fc1e1bf62e06b0da,none,resolved
337127,Institutional furniture manufacturing,4910000000.0,0.3083503054989817,0.39083503054989815,3.922971653666518e-06,0.3083503054989817,0.25202155320869085,2017 production; 2024 satellite,2024,USD,2024,https://apps.bea.gov/industry/xls/io-annual/Use_SUT_Framework_2017_DET.xlsx;https://apps.bea.gov/industry/xls/io-annual/Supply_2017_DET.xlsx;https://data.bls.gov/cew/data/files/2024/csv/2024_annual_singlefile.zip,07aa2a21151e78ec1462c8f48142d274c153d90aff07bd797e07c6bc8486911e;7a3a403f7a7e8335e61776c1da6c423409d54090acaee597bbae738fa9a6703e;334ac1ec9101f516ed9698859a165666c6f6d08a51b35cb5fc1e1bf62e06b0da,none,resolved
33712N,Other household nonupholstered furniture,3377000000.0,0.18892508143322476,0.2887177968611193,1.95159788795238e-06,0.18892508143322476,0.1544126651206997,2017 production; 2024 satellite,2024,USD,2024,https://apps.bea.gov/industry/xls/io-annual/Use_SUT_Framework_2017_DET.xlsx;https://apps.bea.gov/industry/xls/io-annual/Supply_2017_DET.xlsx;https://data.bls.gov/cew/data/files/2024/csv/2024_annual_singlefile.zip,07aa2a21151e78ec1462c8f48142d274c153d90aff07bd797e07c6bc8486911e;7a3a403f7a7e8335e61776c1da6c423409d54090acaee597bbae738fa9a6703e;334ac1ec9101f516ed9698859a165666c6f6d08a51b35cb5fc1e1bf62e06b0da,none,resolved
337215,"Showcase, partition, shelving, and locker manufacturing",7293000000.0,0.3699437817084876,0.41423282599753186,4.669463163652099e-06,0.3699437817084876,0.3023632693186283,2017 production; 2024 satellite,2024,USD,2024,https://apps.bea.gov/industry/xls/io-annual/Use_SUT_Framework_2017_DET.xlsx;https://apps.bea.gov/industry/xls/io-annual/Supply_2017_DET.xlsx;https://data.bls.gov/cew/data/files/2024/csv/2024_annual_singlefile.zip,07aa2a21151e78ec1462c8f48142d274c153d90aff07bd797e07c6bc8486911e;7a3a403f7a7e8335e61776c1da6c423409d54090acaee597bbae738fa9a6703e;334ac1ec9101f516ed9698859a165666c6f6d08a51b35cb5fc1e1bf62e06b0da,none,resolved
33721A,Office furniture and custom architectural woodwork and millwork manufacturing,19020000000.0,0.2395373291272345,0.3737644584647739,2.99773706340976e-06,0.2395373291272345,0.19577917926955446,2017 production; 2024 satellite,2024,USD,2024,https://apps.bea.gov/industry/xls/io-annual/Use_SUT_Framework_2017_DET.xlsx;https://apps.bea.gov/industry/xls/io-annual/Supply_2017_DET.xlsx;https://data.bls.gov/cew/data/files/2024/csv/2024_annual_singlefile.zip,07aa2a21151e78ec1462c8f48142d274c153d90aff07bd797e07c6bc8486911e;7a3a403f7a7e8335e61776c1da6c423409d54090acaee597bbae738fa9a6703e;334ac1ec9101f516ed9698859a165666c6f6d08a51b35cb5fc1e1bf62e06b0da,none,resolved
337900,Other furniture related product manufacturing,10189000000.0,0.20168809500441653,0.3224065168318775,2.4382704567935945e-06,0.20168809500441653,0.16484415958161883,2017 production; 2024 satellite,2024,USD,2024,https://apps.bea.gov/industry/xls/io-annual/Use_SUT_Framework_2017_DET.xlsx;https://apps.bea.gov/industry/xls/io-annual/Supply_2017_DET.xlsx;https://data.bls.gov/cew/data/files/2024/csv/2024_annual_singlefile.zip,07aa2a21151e78ec1462c8f48142d274c153d90aff07bd797e07c6bc8486911e;7a3a403f7a7e8335e61776c1da6c423409d54090acaee597bbae738fa9a6703e;334ac1ec9101f516ed9698859a165666c6f6d08a51b35cb5fc1e1bf62e06b0da,none,resolved
339112,Surgical and medical instrument manufacturing,42948000000.0,0.3519605103846512,0.6394477042004284,3.2272216333943995e-06,0.3519605103846512,0.28766514225346307,2017 production; 2024 satellite,2024,USD,2024,https://apps.bea.gov/industry/xls/io-annual/Use_SUT_Framework_2017_DET.xlsx;https://apps.bea.gov/industry/xls/io-annual/Supply_2017_DET.xlsx;https://data.bls.gov/cew/data/files/2024/csv/2024_annual_singlefile.zip,07aa2a21151e78ec1462c8f48142d274c153d90aff07bd797e07c6bc8486911e;7a3a403f7a7e8335e61776c1da6c423409d54090acaee597bbae738fa9a6703e;334ac1ec9101f516ed9698859a165666c6f6d08a51b35cb5fc1e1bf62e06b0da,none,resolved
339113,Surgical appliance and supplies manufacturing,35082000000.0,0.3182828801094578,0.5855424434182772,3.3935257638536688e-06,0.3182828801094578,0.26013966704237945,2017 production; 2024 satellite,2024,USD,2024,https://apps.bea.gov/industry/xls/io-annual/Use_SUT_Framework_2017_DET.xlsx;https://apps.bea.gov/industry/xls/io-annual/Supply_2017_DET.xlsx;https://data.bls.gov/cew/data/files/2024/csv/2024_annual_singlefile.zip,07aa2a21151e78ec1462c8f48142d274c153d90aff07bd797e07c6bc8486911e;7a3a403f7a7e8335e61776c1da6c423409d54090acaee597bbae738fa9a6703e;334ac1ec9101f516ed9698859a165666c6f6d08a51b35cb5fc1e1bf62e06b0da,none,resolved
339114,Dental equipment and supplies manufacturing,4760000000.0,0.31029411764705883,0.5237394957983194,3.253167956520592e-06,0.31029411764705883,0.2536102740497861,2017 production; 2024 satellite,2024,USD,2024,https://apps.bea.gov/industry/xls/io-annual/Use_SUT_Framework_2017_DET.xlsx;https://apps.bea.gov/industry/xls/io-annual/Supply_2017_DET.xlsx;https://data.bls.gov/cew/data/files/2024/csv/2024_annual_singlefile.zip,07aa2a21151e78ec1462c8f48142d274c153d90aff07bd797e07c6bc8486911e;7a3a403f7a7e8335e61776c1da6c423409d54090acaee597bbae738fa9a6703e;334ac1ec9101f516ed9698859a165666c6f6d08a51b35cb5fc1e1bf62e06b0da,none,resolved
339115,Ophthalmic goods manufacturing,6467000000.0,0.3539508272769445,0.6188340807174888,3.996237156127661e-06,0.3539508272769445,0.28929187245488625,2017 production; 2024 satellite,2024,USD,2024,https://apps.bea.gov/industry/xls/io-annual/Use_SUT_Framework_2017_DET.xlsx;https://apps.bea.gov/industry/xls/io-annual/Supply_2017_DET.xlsx;https://data.bls.gov/cew/data/files/2024/csv/2024_annual_singlefile.zip,07aa2a21151e78ec1462c8f48142d274c153d90aff07bd797e07c6bc8486911e;7a3a403f7a7e8335e61776c1da6c423409d54090acaee597bbae738fa9a6703e;334ac1ec9101f516ed9698859a165666c6f6d08a51b35cb5fc1e1bf62e06b0da,none,resolved
339116,Dental laboratories,5671000000.0,0.47257979192382293,0.5499911832128372,6.94428367205035e-06,0.47257979192382293,0.38624996003474077,2017 production; 2024 satellite,2024,USD,2024,https://apps.bea.gov/industry/xls/io-annual/Use_SUT_Framework_2017_DET.xlsx;https://apps.bea.gov/industry/xls/io-annual/Supply_2017_DET.xlsx;https://data.bls.gov/cew/data/files/2024/csv/2024_annual_singlefile.zip,07aa2a21151e78ec1462c8f48142d274c153d90aff07bd797e07c6bc8486911e;7a3a403f7a7e8335e61776c1da6c423409d54090acaee597bbae738fa9a6703e;334ac1ec9101f516ed9698859a165666c6f6d08a51b35cb5fc1e1bf62e06b0da,none,resolved
339910,Jewelry and silverware manufacturing,7951000000.0,0.21670230159728335,0.366997861904163,3.5496756455410712e-06,0.21670230159728335,0.17711560409861787,2017 production; 2024 satellite,2024,USD,2024,https://apps.bea.gov/industry/xls/io-annual/Use_SUT_Framework_2017_DET.xlsx;https://apps.bea.gov/industry/xls/io-annual/Supply_2017_DET.xlsx;https://data.bls.gov/cew/data/files/2024/csv/2024_annual_singlefile.zip,07aa2a21151e78ec1462c8f48142d274c153d90aff07bd797e07c6bc8486911e;7a3a403f7a7e8335e61776c1da6c423409d54090acaee597bbae738fa9a6703e;334ac1ec9101f516ed9698859a165666c6f6d08a51b35cb5fc1e1bf62e06b0da,none,resolved
339920,Sporting and athletic goods manufacturing,10286000000.0,0.3308380322768812,0.4650009721952168,4.067092328602233e-06,0.3308380322768812,0.2704012717613537,2017 production; 2024 satellite,2024,USD,2024,https://apps.bea.gov/industry/xls/io-annual/Use_SUT_Framework_2017_DET.xlsx;https://apps.bea.gov/industry/xls/io-annual/Supply_2017_DET.xlsx;https://data.bls.gov/cew/data/files/2024/csv/2024_annual_singlefile.zip,07aa2a21151e78ec1462c8f48142d274c153d90aff07bd797e07c6bc8486911e;7a3a403f7a7e8335e61776c1da6c423409d54090acaee597bbae738fa9a6703e;334ac1ec9101f516ed9698859a165666c6f6d08a51b35cb5fc1e1bf62e06b0da,none,resolved
339930,"Doll, toy, and game manufacturing",2016000000.0,0.5649801587301587,0.6463293650793651,6.401749005747794e-06,0.5649801587301587,0.4617708320569104,2017 production; 2024 satellite,2024,USD,2024,https://apps.bea.gov/industry/xls/io-annual/Use_SUT_Framework_2017_DET.xlsx;https://apps.bea.gov/industry/xls/io-annual/Supply_2017_DET.xlsx;https://data.bls.gov/cew/data/files/2024/csv/2024_annual_singlefile.zip,07aa2a21151e78ec1462c8f48142d274c153d90aff07bd797e07c6bc8486911e;7a3a403f7a7e8335e61776c1da6c423409d54090acaee597bbae738fa9a6703e;334ac1ec9101f516ed9698859a165666c6f6d08a51b35cb5fc1e1bf62e06b0da,none,resolved
339940,Office supplies (except paper) manufacturing,2851000000.0,0.27744650999649245,0.3360224482637671,3.391534555895427e-06,0.27744650999649245,0.22676319476478518,2017 production; 2024 satellite,2024,USD,2024,https://apps.bea.gov/industry/xls/io-annual/Use_SUT_Framework_2017_DET.xlsx;https://apps.bea.gov/industry/xls/io-annual/Supply_2017_DET.xlsx;https://data.bls.gov/cew/data/files/2024/csv/2024_annual_singlefile.zip,07aa2a21151e78ec1462c8f48142d274c153d90aff07bd797e07c6bc8486911e;7a3a403f7a7e8335e61776c1da6c423409d54090acaee597bbae738fa9a6703e;334ac1ec9101f516ed9698859a165666c6f6d08a51b35cb5fc1e1bf62e06b0da,none,resolved
339950,Sign manufacturing,13727000000.0,0.3788883222845487,0.43250528156188534,5.214008316005887e-06,0.3788883222845487,0.3096738409915483,2017 production; 2024 satellite,2024,USD,2024,https://apps.bea.gov/industry/xls/io-annual/Use_SUT_Framework_2017_DET.xlsx;https://apps.bea.gov/industry/xls/io-annual/Supply_2017_DET.xlsx;https://data.bls.gov/cew/data/files/2024/csv/2024_annual_singlefile.zip,07aa2a21151e78ec1462c8f48142d274c153d90aff07bd797e07c6bc8486911e;7a3a403f7a7e8335e61776c1da6c423409d54090acaee597bbae738fa9a6703e;334ac1ec9101f516ed9698859a165666c6f6d08a51b35cb5fc1e1bf62e06b0da,none,resolved
339990,All other miscellaneous manufacturing,26862000000.0,0.32830764648946464,0.47881766063584247,4.269099936037822e-06,0.3283076464894647,0.26833313125690395,2017 production; 2024 satellite,2024,USD,2024,https://apps.bea.gov/industry/xls/io-annual/Use_SUT_Framework_2017_DET.xlsx;https://apps.bea.gov/industry/xls/io-annual/Supply_2017_DET.xlsx;https://data.bls.gov/cew/data/files/2024/csv/2024_annual_singlefile.zip,07aa2a21151e78ec1462c8f48142d274c153d90aff07bd797e07c6bc8486911e;7a3a403f7a7e8335e61776c1da6c423409d54090acaee597bbae738fa9a6703e;334ac1ec9101f516ed9698859a165666c6f6d08a51b35cb5fc1e1bf62e06b0da,none,resolved
311111,Dog and cat food manufacturing,23248000000.0,0.09686854783207158,0.27056090846524433,1.0813337219631732e-06,0.09686854783207156,0.07917281561373275,2017 production; 2024 satellite,2024,USD,2024,https://apps.bea.gov/industry/xls/io-annual/Use_SUT_Framework_2017_DET.xlsx;https://apps.bea.gov/industry/xls/io-annual/Supply_2017_DET.xlsx;https://data.bls.gov/cew/data/files/2024/csv/2024_annual_singlefile.zip,07aa2a21151e78ec1462c8f48142d274c153d90aff07bd797e07c6bc8486911e;7a3a403f7a7e8335e61776c1da6c423409d54090acaee597bbae738fa9a6703e;334ac1ec9101f516ed9698859a165666c6f6d08a51b35cb5fc1e1bf62e06b0da,none,resolved
311119,Other animal food manufacturing,31524000000.0,0.07920949118132217,0.14598401218119528,8.738287909834073e-07,0.07920949118132217,0.06473967640175676,2017 production; 2024 satellite,2024,USD,2024,https://apps.bea.gov/industry/xls/io-annual/Use_SUT_Framework_2017_DET.xlsx;https://apps.bea.gov/industry/xls/io-annual/Supply_2017_DET.xlsx;https://data.bls.gov/cew/data/files/2024/csv/2024_annual_singlefile.zip,07aa2a21151e78ec1462c8f48142d274c153d90aff07bd797e07c6bc8486911e;7a3a403f7a7e8335e61776c1da6c423409d54090acaee597bbae738fa9a6703e;334ac1ec9101f516ed9698859a165666c6f6d08a51b35cb5fc1e1bf62e06b0da,none,resolved
311210,Flour milling and malt manufacturing,16381000000.0,0.09620902264818998,0.21170868689335207,9.808238458273773e-07,0.09620902264818998,0.07863377103275491,2017 production; 2024 satellite,2024,USD,2024,https://apps.bea.gov/industry/xls/io-annual/Use_SUT_Framework_2017_DET.xlsx;https://apps.bea.gov/industry/xls/io-annual/Supply_2017_DET.xlsx;https://data.bls.gov/cew/data/files/2024/csv/2024_annual_singlefile.zip,07aa2a21151e78ec1462c8f48142d274c153d90aff07bd797e07c6bc8486911e;7a3a403f7a7e8335e61776c1da6c423409d54090acaee597bbae738fa9a6703e;334ac1ec9101f516ed9698859a165666c6f6d08a51b35cb5fc1e1bf62e06b0da,none,resolved
311221,Wet corn milling,9737000000.0,0.16072712334394576,0.22943411728458457,1.6174199176028995e-06,0.16072712334394573,0.1313658476918221,2017 production; 2024 satellite,2024,USD,2024,https://apps.bea.gov/industry/xls/io-annual/Use_SUT_Framework_2017_DET.xlsx;https://apps.bea.gov/industry/xls/io-annual/Supply_2017_DET.xlsx;https://data.bls.gov/cew/data/files/2024/csv/2024_annual_singlefile.zip,07aa2a21151e78ec1462c8f48142d274c153d90aff07bd797e07c6bc8486911e;7a3a403f7a7e8335e61776c1da6c423409d54090acaee597bbae738fa9a6703e;334ac1ec9101f516ed9698859a165666c6f6d08a51b35cb5fc1e1bf62e06b0da,none,resolved
311225,Fats and oils refining and blending,9471000000.0,0.056804983634251925,0.14855875831485588,5.907586667541772e-07,0.056804983634251925,0.046427974774767046,2017 production; 2024 satellite,2024,USD,2024,https://apps.bea.gov/industry/xls/io-annual/Use_SUT_Framework_2017_DET.xlsx;https://apps.bea.gov/industry/xls/io-annual/Supply_2017_DET.xlsx;https://data.bls.gov/cew/data/files/2024/csv/2024_annual_singlefile.zip,07aa2a21151e78ec1462c8f48142d274c153d90aff07bd797e07c6bc8486911e;7a3a403f7a7e8335e61776c1da6c423409d54090acaee597bbae738fa9a6703e;334ac1ec9101f516ed9698859a165666c6f6d08a51b35cb5fc1e1bf62e06b0da,none,resolved
311224,Soybean and other oilseed processing,32660000000.0,0.021922841396203308,0.1027862829148806,2.1985594365479695e-07,0.021922841396203308,0.01791802518398085,2017 production; 2024 satellite,2024,USD,2024,https://apps.bea.gov/industry/xls/io-annual/Use_SUT_Framework_2017_DET.xlsx;https://apps.bea.gov/industry/xls/io-annual/Supply_2017_DET.xlsx;https://data.bls.gov/cew/data/files/2024/csv/2024_annual_singlefile.zip,07aa2a21151e78ec1462c8f48142d274c153d90aff07bd797e07c6bc8486911e;7a3a403f7a7e8335e61776c1da6c423409d54090acaee597bbae738fa9a6703e;334ac1ec9101f516ed9698859a165666c6f6d08a51b35cb5fc1e1bf62e06b0da,none,resolved
311230,Breakfast cereal manufacturing,10140000000.0,0.12445759368836291,0.295069033530572,1.3513580102646063e-06,0.12445759368836291,0.10172195555052227,2017 production; 2024 satellite,2024,USD,2024,https://apps.bea.gov/industry/xls/io-annual/Use_SUT_Framework_2017_DET.xlsx;https://apps.bea.gov/industry/xls/io-annual/Supply_2017_DET.xlsx;https://data.bls.gov/cew/data/files/2024/csv/2024_annual_singlefile.zip,07aa2a21151e78ec1462c8f48142d274c153d90aff07bd797e07c6bc8486911e;7a3a403f7a7e8335e61776c1da6c423409d54090acaee597bbae738fa9a6703e;334ac1ec9101f516ed9698859a165666c6f6d08a51b35cb5fc1e1bf62e06b0da,none,resolved
311300,Sugar and confectionery product manufacturing,37006000000.0,0.13305950386423823,0.2643084905150516,2.0114580859244243e-06,0.13305950386423823,0.10875248778747801,2017 production; 2024 satellite,2024,USD,2024,https://apps.bea.gov/industry/xls/io-annual/Use_SUT_Framework_2017_DET.xlsx;https://apps.bea.gov/industry/xls/io-annual/Supply_2017_DET.xlsx;https://data.bls.gov/cew/data/files/2024/csv/2024_annual_singlefile.zip,07aa2a21151e78ec1462c8f48142d274c153d90aff07bd797e07c6bc8486911e;7a3a403f7a7e8335e61776c1da6c423409d54090acaee597bbae738fa9a6703e;334ac1ec9101f516ed9698859a165666c6f6d08a51b35cb5fc1e1bf62e06b0da,none,resolved
311410,Frozen food manufacturing,32474000000.0,0.1619757344337008,0.28589025066206813,1.964695583152879e-06,0.1619757344337008,0.13238636526739073,2017 production; 2024 satellite,2024,USD,2024,https://apps.bea.gov/industry/xls/io-annual/Use_SUT_Framework_2017_DET.xlsx;https://apps.bea.gov/industry/xls/io-annual/Supply_2017_DET.xlsx;https://data.bls.gov/cew/data/files/2024/csv/2024_annual_singlefile.zip,07aa2a21151e78ec1462c8f48142d274c153d90aff07bd797e07c6bc8486911e;7a3a403f7a7e8335e61776c1da6c423409d54090acaee597bbae738fa9a6703e;334ac1ec9101f516ed9698859a165666c6f6d08a51b35cb5fc1e1bf62e06b0da,none,resolved
311420,"Fruit and vegetable canning, pickling, and drying",33515000000.0,0.14850067134119052,0.23878860211845443,1.8628882270631755e-06,0.14850067134119052,0.1213728969179301,2017 production; 2024 satellite,2024,USD,2024,https://apps.bea.gov/industry/xls/io-annual/Use_SUT_Framework_2017_DET.xlsx;https://apps.bea.gov/industry/xls/io-annual/Supply_2017_DET.xlsx;https://data.bls.gov/cew/data/files/2024/csv/2024_annual_singlefile.zip,07aa2a21151e78ec1462c8f48142d274c153d90aff07bd797e07c6bc8486911e;7a3a403f7a7e8335e61776c1da6c423409d54090acaee597bbae738fa9a6703e;334ac1ec9101f516ed9698859a165666c6f6d08a51b35cb5fc1e1bf62e06b0da,none,resolved
311513,Cheese manufacturing,47785000000.0,0.071842628439887,0.16743748038087267,8.06169295011324e-07,0.071842628439887,0.05871857586362916,2017 production; 2024 satellite,2024,USD,2024,https://apps.bea.gov/industry/xls/io-annual/Use_SUT_Framework_2017_DET.xlsx;https://apps.bea.gov/industry/xls/io-annual/Supply_2017_DET.xlsx;https://data.bls.gov/cew/data/files/2024/csv/2024_annual_singlefile.zip,07aa2a21151e78ec1462c8f48142d274c153d90aff07bd797e07c6bc8486911e;7a3a403f7a7e8335e61776c1da6c423409d54090acaee597bbae738fa9a6703e;334ac1ec9101f516ed9698859a165666c6f6d08a51b35cb5fc1e1bf62e06b0da,none,resolved
311514,"Dry, condensed, and evaporated dairy product manufacturing",23871000000.0,0.10171337606300532,0.3035901302836077,1.0464985955199954e-06,0.10171337606300532,0.08313260133151687,2017 production; 2024 satellite,2024,USD,2024,https://apps.bea.gov/industry/xls/io-annual/Use_SUT_Framework_2017_DET.xlsx;https://apps.bea.gov/industry/xls/io-annual/Supply_2017_DET.xlsx;https://data.bls.gov/cew/data/files/2024/csv/2024_annual_singlefile.zip,07aa2a21151e78ec1462c8f48142d274c153d90aff07bd797e07c6bc8486911e;7a3a403f7a7e8335e61776c1da6c423409d54090acaee597bbae738fa9a6703e;334ac1ec9101f516ed9698859a165666c6f6d08a51b35cb5fc1e1bf62e06b0da,none,resolved
31151A,Fluid milk and butter manufacturing,43719000000.0,0.10254122921384295,0.19382877009995655,1.1314254073602063e-06,0.10254122921384295,0.08380922409848701,2017 production; 2024 satellite,2024,USD,2024,https://apps.bea.gov/industry/xls/io-annual/Use_SUT_Framework_2017_DET.xlsx;https://apps.bea.gov/industry/xls/io-annual/Supply_2017_DET.xlsx;https://data.bls.gov/cew/data/files/2024/csv/2024_annual_singlefile.zip,07aa2a21151e78ec1462c8f48142d274c153d90aff07bd797e07c6bc8486911e;7a3a403f7a7e8335e61776c1da6c423409d54090acaee597bbae738fa9a6703e;334ac1ec9101f516ed9698859a165666c6f6d08a51b35cb5fc1e1bf62e06b0da,none,resolved
311520,Ice cream and frozen dessert manufacturing,7772000000.0,0.1688111168296449,0.25411734431291816,2.5445990993534533e-06,0.1688111168296449,0.1379730751148595,2017 production; 2024 satellite,2024,USD,2024,https://apps.bea.gov/industry/xls/io-annual/Use_SUT_Framework_2017_DET.xlsx;https://apps.bea.gov/industry/xls/io-annual/Supply_2017_DET.xlsx;https://data.bls.gov/cew/data/files/2024/csv/2024_annual_singlefile.zip,07aa2a21151e78ec1462c8f48142d274c153d90aff07bd797e07c6bc8486911e;7a3a403f7a7e8335e61776c1da6c423409d54090acaee597bbae738fa9a6703e;334ac1ec9101f516ed9698859a165666c6f6d08a51b35cb5fc1e1bf62e06b0da,none,resolved
311615,Poultry processing,67560000000.0,0.14487862640615748,0.2631142687981054,1.8475505534269586e-06,0.14487862640615748,0.11841251914615679,2017 production; 2024 satellite,2024,USD,2024,https://apps.bea.gov/industry/xls/io-annual/Use_SUT_Framework_2017_DET.xlsx;https://apps.bea.gov/industry/xls/io-annual/Supply_2017_DET.xlsx;https://data.bls.gov/cew/data/files/2024/csv/2024_annual_singlefile.zip,07aa2a21151e78ec1462c8f48142d274c153d90aff07bd797e07c6bc8486911e;7a3a403f7a7e8335e61776c1da6c423409d54090acaee597bbae738fa9a6703e;334ac1ec9101f516ed9698859a165666c6f6d08a51b35cb5fc1e1bf62e06b0da,none,resolved
31161A,"Animal (except poultry) slaughtering, rendering, and processing",148627000000.0,0.1028749823383369,0.16638295868180075,1.5396440520150996e-06,0.10287498233833692,0.08408200793986217,2017 production; 2024 satellite,2024,USD,2024,https://apps.bea.gov/industry/xls/io-annual/Use_SUT_Framework_2017_DET.xlsx;https://apps.bea.gov/industry/xls/io-annual/Supply_2017_DET.xlsx;https://data.bls.gov/cew/data/files/2024/csv/2024_annual_singlefile.zip,07aa2a21151e78ec1462c8f48142d274c153d90aff07bd797e07c6bc8486911e;7a3a403f7a7e8335e61776c1da6c423409d54090acaee597bbae738fa9a6703e;334ac1ec9101f516ed9698859a165666c6f6d08a51b35cb5fc1e1bf62e06b0da,none,resolved
311700,Seafood product preparation and packaging,13818000000.0,0.1482848458532349,0.22087132725430597,1.900193074838883e-06,0.1482848458532349,0.12119649795309502,2017 production; 2024 satellite,2024,USD,2024,https://apps.bea.gov/industry/xls/io-annual/Use_SUT_Framework_2017_DET.xlsx;https://apps.bea.gov/industry/xls/io-annual/Supply_2017_DET.xlsx;https://data.bls.gov/cew/data/files/2024/csv/2024_annual_singlefile.zip,07aa2a21151e78ec1462c8f48142d274c153d90aff07bd797e07c6bc8486911e;7a3a403f7a7e8335e61776c1da6c423409d54090acaee597bbae738fa9a6703e;334ac1ec9101f516ed9698859a165666c6f6d08a51b35cb5fc1e1bf62e06b0da,none,resolved
311810,Bread and bakery product manufacturing,43112000000.0,0.25206439042493967,0.3464232696233067,4.95529679714659e-06,0.25206439042493967,0.20601782469680394,2017 production; 2024 satellite,2024,USD,2024,https://apps.bea.gov/industry/xls/io-annual/Use_SUT_Framework_2017_DET.xlsx;https://apps.bea.gov/industry/xls/io-annual/Supply_2017_DET.xlsx;https://data.bls.gov/cew/data/files/2024/csv/2024_annual_singlefile.zip,07aa2a21151e78ec1462c8f48142d274c153d90aff07bd797e07c6bc8486911e;7a3a403f7a7e8335e61776c1da6c423409d54090acaee597bbae738fa9a6703e;334ac1ec9101f516ed9698859a165666c6f6d08a51b35cb5fc1e1bf62e06b0da,none,resolved
3118A0,"Cookie, cracker, pasta, and tortilla manufacturing",26376000000.0,0.17531088868668487,0.3190021231422505,2.414038240310737e-06,0.17531088868668487,0.14328548301490215,2017 production; 2024 satellite,2024,USD,2024,https://apps.bea.gov/industry/xls/io-annual/Use_SUT_Framework_2017_DET.xlsx;https://apps.bea.gov/industry/xls/io-annual/Supply_2017_DET.xlsx;https://data.bls.gov/cew/data/files/2024/csv/2024_annual_singlefile.zip,07aa2a21151e78ec1462c8f48142d274c153d90aff07bd797e07c6bc8486911e;7a3a403f7a7e8335e61776c1da6c423409d54090acaee597bbae738fa9a6703e;334ac1ec9101f516ed9698859a165666c6f6d08a51b35cb5fc1e1bf62e06b0da,none,resolved
311910,Snack food manufacturing,38776000000.0,0.0914998968434083,0.33193212296265734,1.1111605591673678e-06,0.09149989684340831,0.07478489792184397,2017 production; 2024 satellite,2024,USD,2024,https://apps.bea.gov/industry/xls/io-annual/Use_SUT_Framework_2017_DET.xlsx;https://apps.bea.gov/industry/xls/io-annual/Supply_2017_DET.xlsx;https://data.bls.gov/cew/data/files/2024/csv/2024_annual_singlefile.zip,07aa2a21151e78ec1462c8f48142d274c153d90aff07bd797e07c6bc8486911e;7a3a403f7a7e8335e61776c1da6c423409d54090acaee597bbae738fa9a6703e;334ac1ec9101f516ed9698859a165666c6f6d08a51b35cb5fc1e1bf62e06b0da,none,resolved
311920,Coffee and tea manufacturing,13770000000.0,0.10639070442992012,0.2429193899782135,1.4823411039099195e-06,0.10639070442992012,0.0869554856902315,2017 production; 2024 satellite,2024,USD,2024,https://apps.bea.gov/industry/xls/io-annual/Use_SUT_Framework_2017_DET.xlsx;https://apps.bea.gov/industry/xls/io-annual/Supply_2017_DET.xlsx;https://data.bls.gov/cew/data/files/2024/csv/2024_annual_singlefile.zip,07aa2a21151e78ec1462c8f48142d274c153d90aff07bd797e07c6bc8486911e;7a3a403f7a7e8335e61776c1da6c423409d54090acaee597bbae738fa9a6703e;334ac1ec9101f516ed9698859a165666c6f6d08a51b35cb5fc1e1bf62e06b0da,none,resolved
311930,Flavoring syrup and concentrate manufacturing,11788000000.0,0.20342721411605022,0.4990668476416695,2.0841315215357665e-06,0.2034272141160502,0.16626558025775398,2017 production; 2024 satellite,2024,USD,2024,https://apps.bea.gov/industry/xls/io-annual/Use_SUT_Framework_2017_DET.xlsx;https://apps.bea.gov/industry/xls/io-annual/Supply_2017_DET.xlsx;https://data.bls.gov/cew/data/files/2024/csv/2024_annual_singlefile.zip,07aa2a21151e78ec1462c8f48142d274c153d90aff07bd797e07c6bc8486911e;7a3a403f7a7e8335e61776c1da6c423409d54090acaee597bbae738fa9a6703e;334ac1ec9101f516ed9698859a165666c6f6d08a51b35cb5fc1e1bf62e06b0da,none,resolved
311940,Seasoning and dressing manufacturing,21727000000.0,0.1471901320937083,0.31081143277949097,1.6574372040467982e-06,0.1471901320937083,0.12030176408361382,2017 production; 2024 satellite,2024,USD,2024,https://apps.bea.gov/industry/xls/io-annual/Use_SUT_Framework_2017_DET.xlsx;https://apps.bea.gov/industry/xls/io-annual/Supply_2017_DET.xlsx;https://data.bls.gov/cew/data/files/2024/csv/2024_annual_singlefile.zip,07aa2a21151e78ec1462c8f48142d274c153d90aff07bd797e07c6bc8486911e;7a3a403f7a7e8335e61776c1da6c423409d54090acaee597bbae738fa9a6703e;334ac1ec9101f516ed9698859a165666c6f6d08a51b35cb5fc1e1bf62e06b0da,none,resolved
311990,All other food manufacturing,29809000000.0,0.15304102787748666,0.23570062732731725,2.0943711777280754e-06,0.15304102787748666,0.12508383115730728,2017 production; 2024 satellite,2024,USD,2024,https://apps.bea.gov/industry/xls/io-annual/Use_SUT_Framework_2017_DET.xlsx;https://apps.bea.gov/industry/xls/io-annual/Supply_2017_DET.xlsx;https://data.bls.gov/cew/data/files/2024/csv/2024_annual_singlefile.zip,07aa2a21151e78ec1462c8f48142d274c153d90aff07bd797e07c6bc8486911e;7a3a403f7a7e8335e61776c1da6c423409d54090acaee597bbae738fa9a6703e;334ac1ec9101f516ed9698859a165666c6f6d08a51b35cb5fc1e1bf62e06b0da,none,resolved
312110,Soft drink and ice manufacturing,44863000000.0,0.1687359293850166,0.29632436528988254,2.0209291176947966e-06,0.16873592938501658,0.13791162274643604,2017 production; 2024 satellite,2024,USD,2024,https://apps.bea.gov/industry/xls/io-annual/Use_SUT_Framework_2017_DET.xlsx;https://apps.bea.gov/industry/xls/io-annual/Supply_2017_DET.xlsx;https://data.bls.gov/cew/data/files/2024/csv/2024_annual_singlefile.zip,07aa2a21151e78ec1462c8f48142d274c153d90aff07bd797e07c6bc8486911e;7a3a403f7a7e8335e61776c1da6c423409d54090acaee597bbae738fa9a6703e;334ac1ec9101f516ed9698859a165666c6f6d08a51b35cb5fc1e1bf62e06b0da,none,resolved
312120,Breweries,29556000000.0,0.14514819326025172,0.4070916226823657,3.196321899701522e-06,0.14514819326025172,0.11863284212314386,2017 production; 2024 satellite,2024,USD,2024,https://apps.bea.gov/industry/xls/io-annual/Use_SUT_Framework_2017_DET.xlsx;https://apps.bea.gov/industry/xls/io-annual/Supply_2017_DET.xlsx;https://data.bls.gov/cew/data/files/2024/csv/2024_annual_singlefile.zip,07aa2a21151e78ec1462c8f48142d274c153d90aff07bd797e07c6bc8486911e;7a3a403f7a7e8335e61776c1da6c423409d54090acaee597bbae738fa9a6703e;334ac1ec9101f516ed9698859a165666c6f6d08a51b35cb5fc1e1bf62e06b0da,none,resolved
312130,Wineries,21184000000.0,0.17593466767371602,0.3961480362537764,4.0255127995270605e-06,0.17593466767371602,0.14379531143526364,2017 production; 2024 satellite,2024,USD,2024,https://apps.bea.gov/industry/xls/io-annual/Use_SUT_Framework_2017_DET.xlsx;https://apps.bea.gov/industry/xls/io-annual/Supply_2017_DET.xlsx;https://data.bls.gov/cew/data/files/2024/csv/2024_annual_singlefile.zip,07aa2a21151e78ec1462c8f48142d274c153d90aff07bd797e07c6bc8486911e;7a3a403f7a7e8335e61776c1da6c423409d54090acaee597bbae738fa9a6703e;334ac1ec9101f516ed9698859a165666c6f6d08a51b35cb5fc1e1bf62e06b0da,none,resolved
312140,Distilleries,12167000000.0,0.0992849510972302,0.390482452535547,1.4306106649070834e-06,0.09928495109723019,0.08114779567116565,2017 production; 2024 satellite,2024,USD,2024,https://apps.bea.gov/industry/xls/io-annual/Use_SUT_Framework_2017_DET.xlsx;https://apps.bea.gov/industry/xls/io-annual/Supply_2017_DET.xlsx;https://data.bls.gov/cew/data/files/2024/csv/2024_annual_singlefile.zip,07aa2a21151e78ec1462c8f48142d274c153d90aff07bd797e07c6bc8486911e;7a3a403f7a7e8335e61776c1da6c423409d54090acaee597bbae738fa9a6703e;334ac1ec9101f516ed9698859a165666c6f6d08a51b35cb5fc1e1bf62e06b0da,none,resolved
312200,Tobacco manufacturing,47425000000.0,0.035276752767527675,0.667074327886136,3.6002774514246215e-07,0.035276752767527675,0.028832473540911306,2017 production; 2024 satellite,2024,USD,2024,https://apps.bea.gov/industry/xls/io-annual/Use_SUT_Framework_2017_DET.xlsx;https://apps.bea.gov/industry/xls/io-annual/Supply_2017_DET.xlsx;https://data.bls.gov/cew/data/files/2024/csv/2024_annual_singlefile.zip,07aa2a21151e78ec1462c8f48142d274c153d90aff07bd797e07c6bc8486911e;7a3a403f7a7e8335e61776c1da6c423409d54090acaee597bbae738fa9a6703e;334ac1ec9101f516ed9698859a165666c6f6d08a51b35cb5fc1e1bf62e06b0da,none,resolved
313100,"Fiber, yarn, and thread mills",7085000000.0,0.19675370501058576,0.23020465772759352,2.4700778970892523e-06,0.19675370501058573,0.1608111730458336,2017 production; 2024 satellite,2024,USD,2024,https://apps.bea.gov/industry/xls/io-annual/Use_SUT_Framework_2017_DET.xlsx;https://apps.bea.gov/industry/xls/io-annual/Supply_2017_DET.xlsx;https://data.bls.gov/cew/data/files/2024/csv/2024_annual_singlefile.zip,07aa2a21151e78ec1462c8f48142d274c153d90aff07bd797e07c6bc8486911e;7a3a403f7a7e8335e61776c1da6c423409d54090acaee597bbae738fa9a6703e;334ac1ec9101f516ed9698859a165666c6f6d08a51b35cb5fc1e1bf62e06b0da,none,resolved
313200,Fabric mills,13273000000.0,0.23634445867550666,0.3308219694115874,2.857588043597632e-06,0.23634445867550666,0.19316957533504095,2017 production; 2024 satellite,2024,USD,2024,https://apps.bea.gov/industry/xls/io-annual/Use_SUT_Framework_2017_DET.xlsx;https://apps.bea.gov/industry/xls/io-annual/Supply_2017_DET.xlsx;https://data.bls.gov/cew/data/files/2024/csv/2024_annual_singlefile.zip,07aa2a21151e78ec1462c8f48142d274c153d90aff07bd797e07c6bc8486911e;7a3a403f7a7e8335e61776c1da6c423409d54090acaee597bbae738fa9a6703e;334ac1ec9101f516ed9698859a165666c6f6d08a51b35cb5fc1e1bf62e06b0da,none,resolved
313300,Textile and fabric finishing and fabric coating mills,7035000000.0,0.2591329068941009,0.3142857142857143,3.386468160069678e-06,0.2591329068941009,0.21179508020026935,2017 production; 2024 satellite,2024,USD,2024,https://apps.bea.gov/industry/xls/io-annual/Use_SUT_Framework_2017_DET.xlsx;https://apps.bea.gov/industry/xls/io-annual/Supply_2017_DET.xlsx;https://data.bls.gov/cew/data/files/2024/csv/2024_annual_singlefile.zip,07aa2a21151e78ec1462c8f48142d274c153d90aff07bd797e07c6bc8486911e;7a3a403f7a7e8335e61776c1da6c423409d54090acaee597bbae738fa9a6703e;334ac1ec9101f516ed9698859a165666c6f6d08a51b35cb5fc1e1bf62e06b0da,none,resolved
314110,Carpet and rug mills,9751000000.0,0.19321095272279767,0.3657060814275459,2.088887671008626e-06,0.1932109527227977,0.15791560291575976,2017 production; 2024 satellite,2024,USD,2024,https://apps.bea.gov/industry/xls/io-annual/Use_SUT_Framework_2017_DET.xlsx;https://apps.bea.gov/industry/xls/io-annual/Supply_2017_DET.xlsx;https://data.bls.gov/cew/data/files/2024/csv/2024_annual_singlefile.zip,07aa2a21151e78ec1462c8f48142d274c153d90aff07bd797e07c6bc8486911e;7a3a403f7a7e8335e61776c1da6c423409d54090acaee597bbae738fa9a6703e;334ac1ec9101f516ed9698859a165666c6f6d08a51b35cb5fc1e1bf62e06b0da,none,resolved
314120,Curtain and linen mills,3506000000.0,0.2683970336565887,0.36537364517969195,3.5780126982448882e-06,0.2683970336565887,0.21936685676143147,2017 production; 2024 satellite,2024,USD,2024,https://apps.bea.gov/industry/xls/io-annual/Use_SUT_Framework_2017_DET.xlsx;https://apps.bea.gov/industry/xls/io-annual/Supply_2017_DET.xlsx;https://data.bls.gov/cew/data/files/2024/csv/2024_annual_singlefile.zip,07aa2a21151e78ec1462c8f48142d274c153d90aff07bd797e07c6bc8486911e;7a3a403f7a7e8335e61776c1da6c423409d54090acaee597bbae738fa9a6703e;334ac1ec9101f516ed9698859a165666c6f6d08a51b35cb5fc1e1bf62e06b0da,none,resolved
314900,Other textile product mills,9064000000.0,0.3444395410414828,0.4651368049426302,5.435287595736921e-06,0.3444395410414828,0.28151808696699926,2017 production; 2024 satellite,2024,USD,2024,https://apps.bea.gov/industry/xls/io-annual/Use_SUT_Framework_2017_DET.xlsx;https://apps.bea.gov/industry/xls/io-annual/Supply_2017_DET.xlsx;https://data.bls.gov/cew/data/files/2024/csv/2024_annual_singlefile.zip,07aa2a21151e78ec1462c8f48142d274c153d90aff07bd797e07c6bc8486911e;7a3a403f7a7e8335e61776c1da6c423409d54090acaee597bbae738fa9a6703e;334ac1ec9101f516ed9698859a165666c6f6d08a51b35cb5fc1e1bf62e06b0da,none,resolved
315000,Apparel manufacturing,10867000000.0,0.5824054476856538,0.662464341584614,9.00830276915412e-06,0.5824054476856538,0.476012907739526,2017 production; 2024 satellite,2024,USD,2024,https://apps.bea.gov/industry/xls/io-annual/Use_SUT_Framework_2017_DET.xlsx;https://apps.bea.gov/industry/xls/io-annual/Supply_2017_DET.xlsx;https://data.bls.gov/cew/data/files/2024/csv/2024_annual_singlefile.zip,07aa2a21151e78ec1462c8f48142d274c153d90aff07bd797e07c6bc8486911e;7a3a403f7a7e8335e61776c1da6c423409d54090acaee597bbae738fa9a6703e;334ac1ec9101f516ed9698859a165666c6f6d08a51b35cb5fc1e1bf62e06b0da,none,resolved
316000,Leather and allied product manufacturing,4829000000.0,0.3222199213087596,0.4628287430109754,4.5732176923097234e-06,0.3222199213087596,0.26335749825707216,2017 production; 2024 satellite,2024,USD,2024,https://apps.bea.gov/industry/xls/io-annual/Use_SUT_Framework_2017_DET.xlsx;https://apps.bea.gov/industry/xls/io-annual/Supply_2017_DET.xlsx;https://data.bls.gov/cew/data/files/2024/csv/2024_annual_singlefile.zip,07aa2a21151e78ec1462c8f48142d274c153d90aff07bd797e07c6bc8486911e;7a3a403f7a7e8335e61776c1da6c423409d54090acaee597bbae738fa9a6703e;334ac1ec9101f516ed9698859a165666c6f6d08a51b35cb5fc1e1bf62e06b0da,none,resolved
322110,Pulp mills,6825000000.0,0.08,0.29245421245421244,8.13623941854877e-07,0.08,0.06538577681662731,2017 production; 2024 satellite,2024,USD,2024,https://apps.bea.gov/industry/xls/io-annual/Use_SUT_Framework_2017_DET.xlsx;https://apps.bea.gov/industry/xls/io-annual/Supply_2017_DET.xlsx;https://data.bls.gov/cew/data/files/2024/csv/2024_annual_singlefile.zip,07aa2a21151e78ec1462c8f48142d274c153d90aff07bd797e07c6bc8486911e;7a3a403f7a7e8335e61776c1da6c423409d54090acaee597bbae738fa9a6703e;334ac1ec9101f516ed9698859a165666c6f6d08a51b35cb5fc1e1bf62e06b0da,none,resolved
322120,Paper mills,37741000000.0,0.17455817280941152,0.33658355634455894,1.69120251141108e-06,0.17455817280941152,0.14267027161043055,2017 production; 2024 satellite,2024,USD,2024,https://apps.bea.gov/industry/xls/io-annual/Use_SUT_Framework_2017_DET.xlsx;https://apps.bea.gov/industry/xls/io-annual/Supply_2017_DET.xlsx;https://data.bls.gov/cew/data/files/2024/csv/2024_annual_singlefile.zip,07aa2a21151e78ec1462c8f48142d274c153d90aff07bd797e07c6bc8486911e;7a3a403f7a7e8335e61776c1da6c423409d54090acaee597bbae738fa9a6703e;334ac1ec9101f516ed9698859a165666c6f6d08a51b35cb5fc1e1bf62e06b0da,none,resolved
322130,Paperboard mills,32834000000.0,0.10090150453797893,0.3292928062374368,1.0046217664697662e-06,0.10090150453797893,0.08246904070227748,2017 production; 2024 satellite,2024,USD,2024,https://apps.bea.gov/industry/xls/io-annual/Use_SUT_Framework_2017_DET.xlsx;https://apps.bea.gov/industry/xls/io-annual/Supply_2017_DET.xlsx;https://data.bls.gov/cew/data/files/2024/csv/2024_annual_singlefile.zip,07aa2a21151e78ec1462c8f48142d274c153d90aff07bd797e07c6bc8486911e;7a3a403f7a7e8335e61776c1da6c423409d54090acaee597bbae738fa9a6703e;334ac1ec9101f516ed9698859a165666c6f6d08a51b35cb5fc1e1bf62e06b0da,none,resolved
322210,Paperboard container manufacturing,64649000000.0,0.17058268496032422,0.25641541245804267,1.8384451608676984e-06,0.17058268496032422,0.1394210170949601,2017 production; 2024 satellite,2024,USD,2024,https://apps.bea.gov/industry/xls/io-annual/Use_SUT_Framework_2017_DET.xlsx;https://apps.bea.gov/industry/xls/io-annual/Supply_2017_DET.xlsx;https://data.bls.gov/cew/data/files/2024/csv/2024_annual_singlefile.zip,07aa2a21151e78ec1462c8f48142d274c153d90aff07bd797e07c6bc8486911e;7a3a403f7a7e8335e61776c1da6c423409d54090acaee597bbae738fa9a6703e;334ac1ec9101f516ed9698859a165666c6f6d08a51b35cb5fc1e1bf62e06b0da,none,resolved
322220,Paper bag and coated and treated paper manufacturing,21459000000.0,0.19949671466517546,0.31963278810755397,2.194960022474459e-06,0.19949671466517546,0.16305309575934432,2017 production; 2024 satellite,2024,USD,2024,https://apps.bea.gov/industry/xls/io-annual/Use_SUT_Framework_2017_DET.xlsx;https://apps.bea.gov/industry/xls/io-annual/Supply_2017_DET.xlsx;https://data.bls.gov/cew/data/files/2024/csv/2024_annual_singlefile.zip,07aa2a21151e78ec1462c8f48142d274c153d90aff07bd797e07c6bc8486911e;7a3a403f7a7e8335e61776c1da6c423409d54090acaee597bbae738fa9a6703e;334ac1ec9101f516ed9698859a165666c6f6d08a51b35cb5fc1e1bf62e06b0da,none,resolved
322230,Stationery product manufacturing,5687000000.0,0.1869175312115351,0.2356251098997714,2.2725703327097886e-06,0.1869175312115351,0.15277184973640506,2017 production; 2024 satellite,2024,USD,2024,https://apps.bea.gov/industry/xls/io-annual/Use_SUT_Framework_2017_DET.xlsx;https://apps.bea.gov/industry/xls/io-annual/Supply_2017_DET.xlsx;https://data.bls.gov/cew/data/files/2024/csv/2024_annual_singlefile.zip,07aa2a21151e78ec1462c8f48142d274c153d90aff07bd797e07c6bc8486911e;7a3a403f7a7e8335e61776c1da6c423409d54090acaee597bbae738fa9a6703e;334ac1ec9101f516ed9698859a165666c6f6d08a51b35cb5fc1e1bf62e06b0da,none,resolved
322291,Sanitary paper product manufacturing,11382000000.0,0.21753646107889651,0.33368476541908276,2.289717276286687e-06,0.21753646107889651,0.17779738116979577,2017 production; 2024 satellite,2024,USD,2024,https://apps.bea.gov/industry/xls/io-annual/Use_SUT_Framework_2017_DET.xlsx;https://apps.bea.gov/industry/xls/io-annual/Supply_2017_DET.xlsx;https://data.bls.gov/cew/data/files/2024/csv/2024_annual_singlefile.zip,07aa2a21151e78ec1462c8f48142d274c153d90aff07bd797e07c6bc8486911e;7a3a403f7a7e8335e61776c1da6c423409d54090acaee597bbae738fa9a6703e;334ac1ec9101f516ed9698859a165666c6f6d08a51b35cb5fc1e1bf62e06b0da,none,resolved
322299,All other converted paper product manufacturing,4603000000.0,0.23701933521616336,0.36758635672387574,2.6239781217585328e-06,0.23701933521616333,0.1937211669208679,2017 production; 2024 satellite,2024,USD,2024,https://apps.bea.gov/industry/xls/io-annual/Use_SUT_Framework_2017_DET.xlsx;https://apps.bea.gov/industry/xls/io-annual/Supply_2017_DET.xlsx;https://data.bls.gov/cew/data/files/2024/csv/2024_annual_singlefile.zip,07aa2a21151e78ec1462c8f48142d274c153d90aff07bd797e07c6bc8486911e;7a3a403f7a7e8335e61776c1da6c423409d54090acaee597bbae738fa9a6703e;334ac1ec9101f516ed9698859a165666c6f6d08a51b35cb5fc1e1bf62e06b0da,none,resolved
323110,Printing,80677000000.0,0.30618391858894106,0.4796410377183088,4.31616991022222e-06,0.30618391858894106,0.2502509170712111,2017 production; 2024 satellite,2024,USD,2024,https://apps.bea.gov/industry/xls/io-annual/Use_SUT_Framework_2017_DET.xlsx;https://apps.bea.gov/industry/xls/io-annual/Supply_2017_DET.xlsx;https://data.bls.gov/cew/data/files/2024/csv/2024_annual_singlefile.zip,07aa2a21151e78ec1462c8f48142d274c153d90aff07bd797e07c6bc8486911e;7a3a403f7a7e8335e61776c1da6c423409d54090acaee597bbae738fa9a6703e;334ac1ec9101f516ed9698859a165666c6f6d08a51b35cb5fc1e1bf62e06b0da,none,resolved
323120,Support activities for printing,3196000000.0,0.4790362953692115,0.5807259073842302,6.502273133693573e-06,0.47903629536921144,0.3915270037009403,2017 production; 2024 satellite,2024,USD,2024,https://apps.bea.gov/industry/xls/io-annual/Use_SUT_Framework_2017_DET.xlsx;https://apps.bea.gov/industry/xls/io-annual/Supply_2017_DET.xlsx;https://data.bls.gov/cew/data/files/2024/csv/2024_annual_singlefile.zip,07aa2a21151e78ec1462c8f48142d274c153d90aff07bd797e07c6bc8486911e;7a3a403f7a7e8335e61776c1da6c423409d54090acaee597bbae738fa9a6703e;334ac1ec9101f516ed9698859a165666c6f6d08a51b35cb5fc1e1bf62e06b0da,none,resolved
324110,Petroleum refineries,494281000000.0,0.029750283745480808,0.1958865503630526,2.5853406301209197e-07,0.029750283745480804,0.024315567665166793,2017 production; 2024 satellite,2024,USD,2024,https://apps.bea.gov/industry/xls/io-annual/Use_SUT_Framework_2017_DET.xlsx;https://apps.bea.gov/industry/xls/io-annual/Supply_2017_DET.xlsx;https://data.bls.gov/cew/data/files/2024/csv/2024_annual_singlefile.zip,07aa2a21151e78ec1462c8f48142d274c153d90aff07bd797e07c6bc8486911e;7a3a403f7a7e8335e61776c1da6c423409d54090acaee597bbae738fa9a6703e;334ac1ec9101f516ed9698859a165666c6f6d08a51b35cb5fc1e1bf62e06b0da,none,resolved
324121,Asphalt paving mixture and block manufacturing,13203000000.0,0.1212603196243278,0.2194955691888207,1.2152005966507092e-06,0.1212603196243278,0.09910875244586488,2017 production; 2024 satellite,2024,USD,2024,https://apps.bea.gov/industry/xls/io-annual/Use_SUT_Framework_2017_DET.xlsx;https://apps.bea.gov/industry/xls/io-annual/Supply_2017_DET.xlsx;https://data.bls.gov/cew/data/files/2024/csv/2024_annual_singlefile.zip,07aa2a21151e78ec1462c8f48142d274c153d90aff07bd797e07c6bc8486911e;7a3a403f7a7e8335e61776c1da6c423409d54090acaee597bbae738fa9a6703e;334ac1ec9101f516ed9698859a165666c6f6d08a51b35cb5fc1e1bf62e06b0da,none,resolved
324122,Asphalt shingle and coating materials manufacturing,10833000000.0,0.1212960398781501,0.36370349856918677,1.1829683247682182e-06,0.1212960398781501,0.09913794740266813,2017 production; 2024 satellite,2024,USD,2024,https://apps.bea.gov/industry/xls/io-annual/Use_SUT_Framework_2017_DET.xlsx;https://apps.bea.gov/industry/xls/io-annual/Supply_2017_DET.xlsx;https://data.bls.gov/cew/data/files/2024/csv/2024_annual_singlefile.zip,07aa2a21151e78ec1462c8f48142d274c153d90aff07bd797e07c6bc8486911e;7a3a403f7a7e8335e61776c1da6c423409d54090acaee597bbae738fa9a6703e;334ac1ec9101f516ed9698859a165666c6f6d08a51b35cb5fc1e1bf62e06b0da,none,resolved
324190,Other petroleum and coal products manufacturing,20000000000.0,0.0905,0.32585,8.819449190754217e-07,0.0905,0.07396766002380965,2017 production; 2024 satellite,2024,USD,2024,https://apps.bea.gov/industry/xls/io-annual/Use_SUT_Framework_2017_DET.xlsx;https://apps.bea.gov/industry/xls/io-annual/Supply_2017_DET.xlsx;https://data.bls.gov/cew/data/files/2024/csv/2024_annual_singlefile.zip,07aa2a21151e78ec1462c8f48142d274c153d90aff07bd797e07c6bc8486911e;7a3a403f7a7e8335e61776c1da6c423409d54090acaee597bbae738fa9a6703e;334ac1ec9101f516ed9698859a165666c6f6d08a51b35cb5fc1e1bf62e06b0da,none,resolved
325110,Petrochemical manufacturing,54183000000.0,0.08319952752708414,0.41926434490522857,8.322055739546501e-07,0.08319952752708414,0.06800082172668455,2017 production; 2024 satellite,2024,USD,2024,https://apps.bea.gov/industry/xls/io-annual/Use_SUT_Framework_2017_DET.xlsx;https://apps.bea.gov/industry/xls/io-annual/Supply_2017_DET.xlsx;https://data.bls.gov/cew/data/files/2024/csv/2024_annual_singlefile.zip,07aa2a21151e78ec1462c8f48142d274c153d90aff07bd797e07c6bc8486911e;7a3a403f7a7e8335e61776c1da6c423409d54090acaee597bbae738fa9a6703e;334ac1ec9101f516ed9698859a165666c6f6d08a51b35cb5fc1e1bf62e06b0da,none,resolved
325120,Industrial gas manufacturing,9594000000.0,0.2557848655409631,0.36668751302897645,2.3378267685926253e-06,0.2557848655409631,0.2090586516416555,2017 production; 2024 satellite,2024,USD,2024,https://apps.bea.gov/industry/xls/io-annual/Use_SUT_Framework_2017_DET.xlsx;https://apps.bea.gov/industry/xls/io-annual/Supply_2017_DET.xlsx;https://data.bls.gov/cew/data/files/2024/csv/2024_annual_singlefile.zip,07aa2a21151e78ec1462c8f48142d274c153d90aff07bd797e07c6bc8486911e;7a3a403f7a7e8335e61776c1da6c423409d54090acaee597bbae738fa9a6703e;334ac1ec9101f516ed9698859a165666c6f6d08a51b35cb5fc1e1bf62e06b0da,none,resolved
325130,Synthetic dye and pigment manufacturing,6970000000.0,0.19497847919655667,0.3642754662840746,1.9660412782291787e-06,0.19497847919655667,0.15936024155989334,2017 production; 2024 satellite,2024,USD,2024,https://apps.bea.gov/industry/xls/io-annual/Use_SUT_Framework_2017_DET.xlsx;https://apps.bea.gov/industry/xls/io-annual/Supply_2017_DET.xlsx;https://data.bls.gov/cew/data/files/2024/csv/2024_annual_singlefile.zip,07aa2a21151e78ec1462c8f48142d274c153d90aff07bd797e07c6bc8486911e;7a3a403f7a7e8335e61776c1da6c423409d54090acaee597bbae738fa9a6703e;334ac1ec9101f516ed9698859a165666c6f6d08a51b35cb5fc1e1bf62e06b0da,none,resolved
325180,Other basic inorganic chemical manufacturing,31485000000.0,0.15836112434492616,0.4564713355566143,1.3763640806289408e-06,0.15836112434492616,0.12943206416059386,2017 production; 2024 satellite,2024,USD,2024,https://apps.bea.gov/industry/xls/io-annual/Use_SUT_Framework_2017_DET.xlsx;https://apps.bea.gov/industry/xls/io-annual/Supply_2017_DET.xlsx;https://data.bls.gov/cew/data/files/2024/csv/2024_annual_singlefile.zip,07aa2a21151e78ec1462c8f48142d274c153d90aff07bd797e07c6bc8486911e;7a3a403f7a7e8335e61776c1da6c423409d54090acaee597bbae738fa9a6703e;334ac1ec9101f516ed9698859a165666c6f6d08a51b35cb5fc1e1bf62e06b0da,none,resolved
325190,Other basic organic chemical manufacturing,116273000000.0,0.05426023238413045,0.2653152494560216,4.921620674137078e-07,0.05426023238413045,0.0443480930585886,2017 production; 2024 satellite,2024,USD,2024,https://apps.bea.gov/industry/xls/io-annual/Use_SUT_Framework_2017_DET.xlsx;https://apps.bea.gov/industry/xls/io-annual/Supply_2017_DET.xlsx;https://data.bls.gov/cew/data/files/2024/csv/2024_annual_singlefile.zip,07aa2a21151e78ec1462c8f48142d274c153d90aff07bd797e07c6bc8486911e;7a3a403f7a7e8335e61776c1da6c423409d54090acaee597bbae738fa9a6703e;334ac1ec9101f516ed9698859a165666c6f6d08a51b35cb5fc1e1bf62e06b0da,none,resolved
325211,Plastics material and resin manufacturing,88646000000.0,0.08218080906075852,0.25406673735983576,7.659340441003343e-07,0.08218080906075852,0.06716820049820775,2017 production; 2024 satellite,2024,USD,2024,https://apps.bea.gov/industry/xls/io-annual/Use_SUT_Framework_2017_DET.xlsx;https://apps.bea.gov/industry/xls/io-annual/Supply_2017_DET.xlsx;https://data.bls.gov/cew/data/files/2024/csv/2024_annual_singlefile.zip,07aa2a21151e78ec1462c8f48142d274c153d90aff07bd797e07c6bc8486911e;7a3a403f7a7e8335e61776c1da6c423409d54090acaee597bbae738fa9a6703e;334ac1ec9101f516ed9698859a165666c6f6d08a51b35cb5fc1e1bf62e06b0da,none,resolved
3252A0,Synthetic rubber and artificial and synthetic fibers and filaments manufacturing,15134000000.0,0.2479185938945421,0.3389718514602881,2.6251995029198185e-06,0.2479185938945421,0.2026293731135074,2017 production; 2024 satellite,2024,USD,2024,https://apps.bea.gov/industry/xls/io-annual/Use_SUT_Framework_2017_DET.xlsx;https://apps.bea.gov/industry/xls/io-annual/Supply_2017_DET.xlsx;https://data.bls.gov/cew/data/files/2024/csv/2024_annual_singlefile.zip,07aa2a21151e78ec1462c8f48142d274c153d90aff07bd797e07c6bc8486911e;7a3a403f7a7e8335e61776c1da6c423409d54090acaee597bbae738fa9a6703e;334ac1ec9101f516ed9698859a165666c6f6d08a51b35cb5fc1e1bf62e06b0da,none,resolved
325411,Medicinal and botanical manufacturing,15008000000.0,0.26259328358208955,0.49460287846481876,2.860266519644634e-06,0.26259328358208955,0.21462332292304795,2017 production; 2024 satellite,2024,USD,2024,https://apps.bea.gov/industry/xls/io-annual/Use_SUT_Framework_2017_DET.xlsx;https://apps.bea.gov/industry/xls/io-annual/Supply_2017_DET.xlsx;https://data.bls.gov/cew/data/files/2024/csv/2024_annual_singlefile.zip,07aa2a21151e78ec1462c8f48142d274c153d90aff07bd797e07c6bc8486911e;7a3a403f7a7e8335e61776c1da6c423409d54090acaee597bbae738fa9a6703e;334ac1ec9101f516ed9698859a165666c6f6d08a51b35cb5fc1e1bf62e06b0da,none,resolved
325412,Pharmaceutical preparation manufacturing,182277000000.0,0.1742841938368527,0.6052656122275438,1.4638314438074285e-06,0.1742841938368527,0.1424463425110283,2017 production; 2024 satellite,2024,USD,2024,https://apps.bea.gov/industry/xls/io-annual/Use_SUT_Framework_2017_DET.xlsx;https://apps.bea.gov/industry/xls/io-annual/Supply_2017_DET.xlsx;https://data.bls.gov/cew/data/files/2024/csv/2024_annual_singlefile.zip,07aa2a21151e78ec1462c8f48142d274c153d90aff07bd797e07c6bc8486911e;7a3a403f7a7e8335e61776c1da6c423409d54090acaee597bbae738fa9a6703e;334ac1ec9101f516ed9698859a165666c6f6d08a51b35cb5fc1e1bf62e06b0da,none,resolved
325413,In-vitro diagnostic substance manufacturing,17621000000.0,0.1924408376369105,0.5356676692582714,1.8396517176336387e-06,0.19244083763691053,0.15728617075164805,2017 production; 2024 satellite,2024,USD,2024,https://apps.bea.gov/industry/xls/io-annual/Use_SUT_Framework_2017_DET.xlsx;https://apps.bea.gov/industry/xls/io-annual/Supply_2017_DET.xlsx;https://data.bls.gov/cew/data/files/2024/csv/2024_annual_singlefile.zip,07aa2a21151e78ec1462c8f48142d274c153d90aff07bd797e07c6bc8486911e;7a3a403f7a7e8335e61776c1da6c423409d54090acaee597bbae738fa9a6703e;334ac1ec9101f516ed9698859a165666c6f6d08a51b35cb5fc1e1bf62e06b0da,none,resolved
325414,Biological product (except diagnostic) manufacturing,35766000000.0,0.12995582396689592,0.6101045685846894,1.1884845050576446e-06,0.12995582396689592,0.10621578127400455,2017 production; 2024 satellite,2024,USD,2024,https://apps.bea.gov/industry/xls/io-annual/Use_SUT_Framework_2017_DET.xlsx;https://apps.bea.gov/industry/xls/io-annual/Supply_2017_DET.xlsx;https://data.bls.gov/cew/data/files/2024/csv/2024_annual_singlefile.zip,07aa2a21151e78ec1462c8f48142d274c153d90aff07bd797e07c6bc8486911e;7a3a403f7a7e8335e61776c1da6c423409d54090acaee597bbae738fa9a6703e;334ac1ec9101f516ed9698859a165666c6f6d08a51b35cb5fc1e1bf62e06b0da,none,resolved
325310,Fertilizer manufacturing,17141000000.0,0.13365614608249227,0.43492211656262764,1.2997900866374438e-06,0.13365614608249227,0.1092401367240047,2017 production; 2024 satellite,2024,USD,2024,https://apps.bea.gov/industry/xls/io-annual/Use_SUT_Framework_2017_DET.xlsx;https://apps.bea.gov/industry/xls/io-annual/Supply_2017_DET.xlsx;https://data.bls.gov/cew/data/files/2024/csv/2024_annual_singlefile.zip,07aa2a21151e78ec1462c8f48142d274c153d90aff07bd797e07c6bc8486911e;7a3a403f7a7e8335e61776c1da6c423409d54090acaee597bbae738fa9a6703e;334ac1ec9101f516ed9698859a165666c6f6d08a51b35cb5fc1e1bf62e06b0da,none,resolved
325320,Pesticide and other agricultural chemical manufacturing,14900000000.0,0.10785234899328859,0.3928187919463087,1.036027462153653e-06,0.10785234899328859,0.08815012025530211,2017 production; 2024 satellite,2024,USD,2024,https://apps.bea.gov/industry/xls/io-annual/Use_SUT_Framework_2017_DET.xlsx;https://apps.bea.gov/industry/xls/io-annual/Supply_2017_DET.xlsx;https://data.bls.gov/cew/data/files/2024/csv/2024_annual_singlefile.zip,07aa2a21151e78ec1462c8f48142d274c153d90aff07bd797e07c6bc8486911e;7a3a403f7a7e8335e61776c1da6c423409d54090acaee597bbae738fa9a6703e;334ac1ec9101f516ed9698859a165666c6f6d08a51b35cb5fc1e1bf62e06b0da,none,resolved
325510,Paint and coating manufacturing,27818000000.0,0.1331871450140197,0.3788913653030412,1.3660983853132865e-06,0.1331871450140197,0.10885681173413088,2017 production; 2024 satellite,2024,USD,2024,https://apps.bea.gov/industry/xls/io-annual/Use_SUT_Framework_2017_DET.xlsx;https://apps.bea.gov/industry/xls/io-annual/Supply_2017_DET.xlsx;https://data.bls.gov/cew/data/files/2024/csv/2024_annual_singlefile.zip,07aa2a21151e78ec1462c8f48142d274c153d90aff07bd797e07c6bc8486911e;7a3a403f7a7e8335e61776c1da6c423409d54090acaee597bbae738fa9a6703e;334ac1ec9101f516ed9698859a165666c6f6d08a51b35cb5fc1e1bf62e06b0da,none,resolved
325520,Adhesive manufacturing,15038000000.0,0.1468945338475861,0.40590504056390475,1.444392362572554e-06,0.1468945338475861,0.12006016507175965,2017 production; 2024 satellite,2024,USD,2024,https://apps.bea.gov/industry/xls/io-annual/Use_SUT_Framework_2017_DET.xlsx;https://apps.bea.gov/industry/xls/io-annual/Supply_2017_DET.xlsx;https://data.bls.gov/cew/data/files/2024/csv/2024_annual_singlefile.zip,07aa2a21151e78ec1462c8f48142d274c153d90aff07bd797e07c6bc8486911e;7a3a403f7a7e8335e61776c1da6c423409d54090acaee597bbae738fa9a6703e;334ac1ec9101f516ed9698859a165666c6f6d08a51b35cb5fc1e1bf62e06b0da,none,resolved
325610,Soap and cleaning compound manufacturing,39545000000.0,0.1420154254646605,0.5054242002781641,1.6550887073561086e-06,0.1420154254646605,0.11607236142438329,2017 production; 2024 satellite,2024,USD,2024,https://apps.bea.gov/industry/xls/io-annual/Use_SUT_Framework_2017_DET.xlsx;https://apps.bea.gov/industry/xls/io-annual/Supply_2017_DET.xlsx;https://data.bls.gov/cew/data/files/2024/csv/2024_annual_singlefile.zip,07aa2a21151e78ec1462c8f48142d274c153d90aff07bd797e07c6bc8486911e;7a3a403f7a7e8335e61776c1da6c423409d54090acaee597bbae738fa9a6703e;334ac1ec9101f516ed9698859a165666c6f6d08a51b35cb5fc1e1bf62e06b0da,none,resolved
325620,Toilet preparation manufacturing,43002000000.0,0.10099530254406772,0.5315566717827078,1.247932531977397e-06,0.10099530254406772,0.08254570389592705,2017 production; 2024 satellite,2024,USD,2024,https://apps.bea.gov/industry/xls/io-annual/Use_SUT_Framework_2017_DET.xlsx;https://apps.bea.gov/industry/xls/io-annual/Supply_2017_DET.xlsx;https://data.bls.gov/cew/data/files/2024/csv/2024_annual_singlefile.zip,07aa2a21151e78ec1462c8f48142d274c153d90aff07bd797e07c6bc8486911e;7a3a403f7a7e8335e61776c1da6c423409d54090acaee597bbae738fa9a6703e;334ac1ec9101f516ed9698859a165666c6f6d08a51b35cb5fc1e1bf62e06b0da,none,resolved
325910,Printing ink manufacturing,4276000000.0,0.17609915809167445,0.31267539756782037,1.827674203841074e-06,0.17609915809167445,0.14392975310722744,2017 production; 2024 satellite,2024,USD,2024,https://apps.bea.gov/industry/xls/io-annual/Use_SUT_Framework_2017_DET.xlsx;https://apps.bea.gov/industry/xls/io-annual/Supply_2017_DET.xlsx;https://data.bls.gov/cew/data/files/2024/csv/2024_annual_singlefile.zip,07aa2a21151e78ec1462c8f48142d274c153d90aff07bd797e07c6bc8486911e;7a3a403f7a7e8335e61776c1da6c423409d54090acaee597bbae738fa9a6703e;334ac1ec9101f516ed9698859a165666c6f6d08a51b35cb5fc1e1bf62e06b0da,none,resolved
3259A0,All other chemical product and preparation manufacturing,42866000000.0,0.15760742779825504,0.35436009891289133,1.6335432989393105e-06,0.15760742779825504,0.1288160512332426,2017 production; 2024 satellite,2024,USD,2024,https://apps.bea.gov/industry/xls/io-annual/Use_SUT_Framework_2017_DET.xlsx;https://apps.bea.gov/industry/xls/io-annual/Supply_2017_DET.xlsx;https://data.bls.gov/cew/data/files/2024/csv/2024_annual_singlefile.zip,07aa2a21151e78ec1462c8f48142d274c153d90aff07bd797e07c6bc8486911e;7a3a403f7a7e8335e61776c1da6c423409d54090acaee597bbae738fa9a6703e;334ac1ec9101f516ed9698859a165666c6f6d08a51b35cb5fc1e1bf62e06b0da,none,resolved
326110,Plastics packaging materials and unlaminated film and sheet manufacturing,39196000000.0,0.17427798754974996,0.2927849780589856,1.974128662052135e-06,0.17427798754974994,0.1424412699747363,2017 production; 2024 satellite,2024,USD,2024,https://apps.bea.gov/industry/xls/io-annual/Use_SUT_Framework_2017_DET.xlsx;https://apps.bea.gov/industry/xls/io-annual/Supply_2017_DET.xlsx;https://data.bls.gov/cew/data/files/2024/csv/2024_annual_singlefile.zip,07aa2a21151e78ec1462c8f48142d274c153d90aff07bd797e07c6bc8486911e;7a3a403f7a7e8335e61776c1da6c423409d54090acaee597bbae738fa9a6703e;334ac1ec9101f516ed9698859a165666c6f6d08a51b35cb5fc1e1bf62e06b0da,none,resolved
326120,"Plastics pipe, pipe fitting, and unlaminated profile shape manufacturing",18797000000.0,0.18838112464755014,0.35106665957333616,2.1262990340598755e-06,0.18838112464755014,0.15396807715837457,2017 production; 2024 satellite,2024,USD,2024,https://apps.bea.gov/industry/xls/io-annual/Use_SUT_Framework_2017_DET.xlsx;https://apps.bea.gov/industry/xls/io-annual/Supply_2017_DET.xlsx;https://data.bls.gov/cew/data/files/2024/csv/2024_annual_singlefile.zip,07aa2a21151e78ec1462c8f48142d274c153d90aff07bd797e07c6bc8486911e;7a3a403f7a7e8335e61776c1da6c423409d54090acaee597bbae738fa9a6703e;334ac1ec9101f516ed9698859a165666c6f6d08a51b35cb5fc1e1bf62e06b0da,none,resolved
326130,"Laminated plastics plate, sheet (except packaging), and shape manufacturing",4465000000.0,0.3072788353863382,0.41500559910414336,3.4889508471613937e-06,0.3072788353863382,0.25114581688805343,2017 production; 2024 satellite,2024,USD,2024,https://apps.bea.gov/industry/xls/io-annual/Use_SUT_Framework_2017_DET.xlsx;https://apps.bea.gov/industry/xls/io-annual/Supply_2017_DET.xlsx;https://data.bls.gov/cew/data/files/2024/csv/2024_annual_singlefile.zip,07aa2a21151e78ec1462c8f48142d274c153d90aff07bd797e07c6bc8486911e;7a3a403f7a7e8335e61776c1da6c423409d54090acaee597bbae738fa9a6703e;334ac1ec9101f516ed9698859a165666c6f6d08a51b35cb5fc1e1bf62e06b0da,none,resolved
326140,Polystyrene foam product manufacturing,9865000000.0,0.19858084135833756,0.27501267105930055,2.3095188996440874e-06,0.19858084135833756,0.1623045321639292,2017 production; 2024 satellite,2024,USD,2024,https://apps.bea.gov/industry/xls/io-annual/Use_SUT_Framework_2017_DET.xlsx;https://apps.bea.gov/industry/xls/io-annual/Supply_2017_DET.xlsx;https://data.bls.gov/cew/data/files/2024/csv/2024_annual_singlefile.zip,07aa2a21151e78ec1462c8f48142d274c153d90aff07bd797e07c6bc8486911e;7a3a403f7a7e8335e61776c1da6c423409d54090acaee597bbae738fa9a6703e;334ac1ec9101f516ed9698859a165666c6f6d08a51b35cb5fc1e1bf62e06b0da,none,resolved
326150,Urethane and other foam product (except polystyrene) manufacturing,10931000000.0,0.2025432256884091,0.301893696825542,2.504040052872784e-06,0.20254322568840913,0.16554307688227618,2017 production; 2024 satellite,2024,USD,2024,https://apps.bea.gov/industry/xls/io-annual/Use_SUT_Framework_2017_DET.xlsx;https://apps.bea.gov/industry/xls/io-annual/Supply_2017_DET.xlsx;https://data.bls.gov/cew/data/files/2024/csv/2024_annual_singlefile.zip,07aa2a21151e78ec1462c8f48142d274c153d90aff07bd797e07c6bc8486911e;7a3a403f7a7e8335e61776c1da6c423409d54090acaee597bbae738fa9a6703e;334ac1ec9101f516ed9698859a165666c6f6d08a51b35cb5fc1e1bf62e06b0da,none,resolved
326160,Plastics bottle manufacturing,11131000000.0,0.20474350911867756,0.29907465636510644,2.3263852944718246e-06,0.20474350911867753,0.1673414173985869,2017 production; 2024 satellite,2024,USD,2024,https://apps.bea.gov/industry/xls/io-annual/Use_SUT_Framework_2017_DET.xlsx;https://apps.bea.gov/industry/xls/io-annual/Supply_2017_DET.xlsx;https://data.bls.gov/cew/data/files/2024/csv/2024_annual_singlefile.zip,07aa2a21151e78ec1462c8f48142d274c153d90aff07bd797e07c6bc8486911e;7a3a403f7a7e8335e61776c1da6c423409d54090acaee597bbae738fa9a6703e;334ac1ec9101f516ed9698859a165666c6f6d08a51b35cb5fc1e1bf62e06b0da,none,resolved
326190,Other plastics product manufacturing,99611000000.0,0.19148487616829465,0.32666071016253223,2.2828849810790564e-06,0.19148487616829465,0.15650484221124542,2017 production; 2024 satellite,2024,USD,2024,https://apps.bea.gov/industry/xls/io-annual/Use_SUT_Framework_2017_DET.xlsx;https://apps.bea.gov/industry/xls/io-annual/Supply_2017_DET.xlsx;https://data.bls.gov/cew/data/files/2024/csv/2024_annual_singlefile.zip,07aa2a21151e78ec1462c8f48142d274c153d90aff07bd797e07c6bc8486911e;7a3a403f7a7e8335e61776c1da6c423409d54090acaee597bbae738fa9a6703e;334ac1ec9101f516ed9698859a165666c6f6d08a51b35cb5fc1e1bf62e06b0da,none,resolved
326210,Tire manufacturing,19736000000.0,0.23145520875557357,0.3402918524523713,2.6389140993134503e-06,0.2314552087555736,0.18917348278422272,2017 production; 2024 satellite,2024,USD,2024,https://apps.bea.gov/industry/xls/io-annual/Use_SUT_Framework_2017_DET.xlsx;https://apps.bea.gov/industry/xls/io-annual/Supply_2017_DET.xlsx;https://data.bls.gov/cew/data/files/2024/csv/2024_annual_singlefile.zip,07aa2a21151e78ec1462c8f48142d274c153d90aff07bd797e07c6bc8486911e;7a3a403f7a7e8335e61776c1da6c423409d54090acaee597bbae738fa9a6703e;334ac1ec9101f516ed9698859a165666c6f6d08a51b35cb5fc1e1bf62e06b0da,none,resolved
326220,Rubber and plastics hoses and belting manufacturing,5359000000.0,0.3050942339988804,0.39279716364993467,3.489694928612545e-06,0.3050942339988804,0.2493602936536333,2017 production; 2024 satellite,2024,USD,2024,https://apps.bea.gov/industry/xls/io-annual/Use_SUT_Framework_2017_DET.xlsx;https://apps.bea.gov/industry/xls/io-annual/Supply_2017_DET.xlsx;https://data.bls.gov/cew/data/files/2024/csv/2024_annual_singlefile.zip,07aa2a21151e78ec1462c8f48142d274c153d90aff07bd797e07c6bc8486911e;7a3a403f7a7e8335e61776c1da6c423409d54090acaee597bbae738fa9a6703e;334ac1ec9101f516ed9698859a165666c6f6d08a51b35cb5fc1e1bf62e06b0da,none,resolved
326290,Other rubber product manufacturing,18257000000.0,0.2016760694528126,0.33724051048912745,2.3369141654790463e-06,0.2016760694528126,0.16483433083120294,2017 production; 2024 satellite,2024,USD,2024,https://apps.bea.gov/industry/xls/io-annual/Use_SUT_Framework_2017_DET.xlsx;https://apps.bea.gov/industry/xls/io-annual/Supply_2017_DET.xlsx;https://data.bls.gov/cew/data/files/2024/csv/2024_annual_singlefile.zip,07aa2a21151e78ec1462c8f48142d274c153d90aff07bd797e07c6bc8486911e;7a3a403f7a7e8335e61776c1da6c423409d54090acaee597bbae738fa9a6703e;334ac1ec9101f516ed9698859a165666c6f6d08a51b35cb5fc1e1bf62e06b0da,none,resolved
423100,Motor vehicle and motor vehicle parts and supplies,132717000000.0,0.21602356894745964,0.47315716901376614,2.3577647079447074e-06,0.21602356894745964,0.17656086082912373,2017 production; 2024 satellite,2024,USD,2024,https://apps.bea.gov/industry/xls/io-annual/Use_SUT_Framework_2017_DET.xlsx;https://apps.bea.gov/industry/xls/io-annual/Supply_2017_DET.xlsx;https://data.bls.gov/cew/data/files/2024/csv/2024_annual_singlefile.zip,07aa2a21151e78ec1462c8f48142d274c153d90aff07bd797e07c6bc8486911e;7a3a403f7a7e8335e61776c1da6c423409d54090acaee597bbae738fa9a6703e;334ac1ec9101f516ed9698859a165666c6f6d08a51b35cb5fc1e1bf62e06b0da,none,resolved
423400,Professional and commercial equipment and supplies,201491000000.0,0.4057054657528128,0.5781498925510321,2.563505340734191e-06,0.4057054657528128,0.3315920879624907,2017 production; 2024 satellite,2024,USD,2024,https://apps.bea.gov/industry/xls/io-annual/Use_SUT_Framework_2017_DET.xlsx;https://apps.bea.gov/industry/xls/io-annual/Supply_2017_DET.xlsx;https://data.bls.gov/cew/data/files/2024/csv/2024_annual_singlefile.zip,07aa2a21151e78ec1462c8f48142d274c153d90aff07bd797e07c6bc8486911e;7a3a403f7a7e8335e61776c1da6c423409d54090acaee597bbae738fa9a6703e;334ac1ec9101f516ed9698859a165666c6f6d08a51b35cb5fc1e1bf62e06b0da,none,resolved
423600,Household appliances and electrical and electronic goods,228747000000.0,0.19970097968497946,0.48102925940012325,1.5322878074457914e-06,0.19970097968497946,0.16322004609679866,2017 production; 2024 satellite,2024,USD,2024,https://apps.bea.gov/industry/xls/io-annual/Use_SUT_Framework_2017_DET.xlsx;https://apps.bea.gov/industry/xls/io-annual/Supply_2017_DET.xlsx;https://data.bls.gov/cew/data/files/2024/csv/2024_annual_singlefile.zip,07aa2a21151e78ec1462c8f48142d274c153d90aff07bd797e07c6bc8486911e;7a3a403f7a7e8335e61776c1da6c423409d54090acaee597bbae738fa9a6703e;334ac1ec9101f516ed9698859a165666c6f6d08a51b35cb5fc1e1bf62e06b0da,none,resolved
423800,"Machinery, equipment, and supplies",173715000000.0,0.3678669084419883,0.5619434130616239,3.2369238728415883e-06,0.3678669084419883,0.30066579467013155,2017 production; 2024 satellite,2024,USD,2024,https://apps.bea.gov/industry/xls/io-annual/Use_SUT_Framework_2017_DET.xlsx;https://apps.bea.gov/industry/xls/io-annual/Supply_2017_DET.xlsx;https://data.bls.gov/cew/data/files/2024/csv/2024_annual_singlefile.zip,07aa2a21151e78ec1462c8f48142d274c153d90aff07bd797e07c6bc8486911e;7a3a403f7a7e8335e61776c1da6c423409d54090acaee597bbae738fa9a6703e;334ac1ec9101f516ed9698859a165666c6f6d08a51b35cb5fc1e1bf62e06b0da,none,resolved
423A00,Other durable goods merchant wholesalers,270531000000.0,0.28381220636452015,0.5064927864089512,2.7934160313812483e-06,0.28381220636452015,0.2319660197898136,2017 production; 2024 satellite,2024,USD,2024,https://apps.bea.gov/industry/xls/io-annual/Use_SUT_Framework_2017_DET.xlsx;https://apps.bea.gov/industry/xls/io-annual/Supply_2017_DET.xlsx;https://data.bls.gov/cew/data/files/2024/csv/2024_annual_singlefile.zip,07aa2a21151e78ec1462c8f48142d274c153d90aff07bd797e07c6bc8486911e;7a3a403f7a7e8335e61776c1da6c423409d54090acaee597bbae738fa9a6703e;334ac1ec9101f516ed9698859a165666c6f6d08a51b35cb5fc1e1bf62e06b0da,none,resolved
424200,Drugs and druggists’ sundries,211954000000.0,0.2032988289911962,0.4926918104871812,1.053528268674911e-06,0.2032988289911962,0.16616064824375046,2017 production; 2024 satellite,2024,USD,2024,https://apps.bea.gov/industry/xls/io-annual/Use_SUT_Framework_2017_DET.xlsx;https://apps.bea.gov/industry/xls/io-annual/Supply_2017_DET.xlsx;https://data.bls.gov/cew/data/files/2024/csv/2024_annual_singlefile.zip,07aa2a21151e78ec1462c8f48142d274c153d90aff07bd797e07c6bc8486911e;7a3a403f7a7e8335e61776c1da6c423409d54090acaee597bbae738fa9a6703e;334ac1ec9101f516ed9698859a165666c6f6d08a51b35cb5fc1e1bf62e06b0da,none,resolved
424400,Grocery and related product wholesalers,173300000000.0,0.3176399307559146,0.5375649163300634,3.5489336646021254e-06,0.3176399307559146,0.2596141702556899,2017 production; 2024 satellite,2024,USD,2024,https://apps.bea.gov/industry/xls/io-annual/Use_SUT_Framework_2017_DET.xlsx;https://apps.bea.gov/industry/xls/io-annual/Supply_2017_DET.xlsx;https://data.bls.gov/cew/data/files/2024/csv/2024_annual_singlefile.zip,07aa2a21151e78ec1462c8f48142d274c153d90aff07bd797e07c6bc8486911e;7a3a403f7a7e8335e61776c1da6c423409d54090acaee597bbae738fa9a6703e;334ac1ec9101f516ed9698859a165666c6f6d08a51b35cb5fc1e1bf62e06b0da,none,resolved
424700,Petroleum and petroleum products,61861000000.0,0.2709784840206269,0.5724285090768012,2.4173008239649305e-06,0.2709784840206269,0.22147673347850905,2017 production; 2024 satellite,2024,USD,2024,https://apps.bea.gov/industry/xls/io-annual/Use_SUT_Framework_2017_DET.xlsx;https://apps.bea.gov/industry/xls/io-annual/Supply_2017_DET.xlsx;https://data.bls.gov/cew/data/files/2024/csv/2024_annual_singlefile.zip,07aa2a21151e78ec1462c8f48142d274c153d90aff07bd797e07c6bc8486911e;7a3a403f7a7e8335e61776c1da6c423409d54090acaee597bbae738fa9a6703e;334ac1ec9101f516ed9698859a165666c6f6d08a51b35cb5fc1e1bf62e06b0da,none,resolved
424A00,Other nondurable goods merchant wholesalers,336977000000.0,0.2879068897877303,0.5255818646376459,3.079326486882254e-06,0.2879068897877303,0.23531269549537318,2017 production; 2024 satellite,2024,USD,2024,https://apps.bea.gov/industry/xls/io-annual/Use_SUT_Framework_2017_DET.xlsx;https://apps.bea.gov/industry/xls/io-annual/Supply_2017_DET.xlsx;https://data.bls.gov/cew/data/files/2024/csv/2024_annual_singlefile.zip,07aa2a21151e78ec1462c8f48142d274c153d90aff07bd797e07c6bc8486911e;7a3a403f7a7e8335e61776c1da6c423409d54090acaee597bbae738fa9a6703e;334ac1ec9101f516ed9698859a165666c6f6d08a51b35cb5fc1e1bf62e06b0da,none,resolved
425000,Wholesale electronic markets and agents and brokers,51875000000.0,0.4673156626506024,0.6046650602409639,3.2721006842857626e-06,0.4673156626506024,0.3819474702623324,2017 production; 2024 satellite,2024,USD,2024,https://apps.bea.gov/industry/xls/io-annual/Use_SUT_Framework_2017_DET.xlsx;https://apps.bea.gov/industry/xls/io-annual/Supply_2017_DET.xlsx;https://data.bls.gov/cew/data/files/2024/csv/2024_annual_singlefile.zip,07aa2a21151e78ec1462c8f48142d274c153d90aff07bd797e07c6bc8486911e;7a3a403f7a7e8335e61776c1da6c423409d54090acaee597bbae738fa9a6703e;334ac1ec9101f516ed9698859a165666c6f6d08a51b35cb5fc1e1bf62e06b0da,none,resolved
4200ID,Customs duties,0.0,0.0,0.0,0.0,0.0,0.0,2017 production; 2024 satellite,2024,USD,2024,https://apps.bea.gov/industry/xls/io-annual/Use_SUT_Framework_2017_DET.xlsx;https://apps.bea.gov/industry/xls/io-annual/Supply_2017_DET.xlsx;https://data.bls.gov/cew/data/files/2024/csv/2024_annual_singlefile.zip,07aa2a21151e78ec1462c8f48142d274c153d90aff07bd797e07c6bc8486911e;7a3a403f7a7e8335e61776c1da6c423409d54090acaee597bbae738fa9a6703e;334ac1ec9101f516ed9698859a165666c6f6d08a51b35cb5fc1e1bf62e06b0da,none,resolved
441000,Motor vehicle and parts dealers,309788000000.0,0.3811348406006688,0.6127900370576007,4.897867957924956e-06,0.3811348406006688,0.311509970306952,2017 production; 2024 satellite,2024,USD,2024,https://apps.bea.gov/industry/xls/io-annual/Use_SUT_Framework_2017_DET.xlsx;https://apps.bea.gov/industry/xls/io-annual/Supply_2017_DET.xlsx;https://data.bls.gov/cew/data/files/2024/csv/2024_annual_singlefile.zip,07aa2a21151e78ec1462c8f48142d274c153d90aff07bd797e07c6bc8486911e;7a3a403f7a7e8335e61776c1da6c423409d54090acaee597bbae738fa9a6703e;334ac1ec9101f516ed9698859a165666c6f6d08a51b35cb5fc1e1bf62e06b0da,none,resolved
445000,Food and beverage stores,226985000000.0,0.4249664074718594,0.6159614071414411,1.1013042045110485e-05,0.4249664074718594,0.3473344834189862,2017 production; 2024 satellite,2024,USD,2024,https://apps.bea.gov/industry/xls/io-annual/Use_SUT_Framework_2017_DET.xlsx;https://apps.bea.gov/industry/xls/io-annual/Supply_2017_DET.xlsx;https://data.bls.gov/cew/data/files/2024/csv/2024_annual_singlefile.zip,07aa2a21151e78ec1462c8f48142d274c153d90aff07bd797e07c6bc8486911e;7a3a403f7a7e8335e61776c1da6c423409d54090acaee597bbae738fa9a6703e;334ac1ec9101f516ed9698859a165666c6f6d08a51b35cb5fc1e1bf62e06b0da,none,resolved
452000,General merchandise stores,195946000000.0,0.4750594551560124,0.5824308738121727,9.638424704006252e-06,0.4750594551560124,0.388276643868245,2017 production; 2024 satellite,2024,USD,2024,https://apps.bea.gov/industry/xls/io-annual/Use_SUT_Framework_2017_DET.xlsx;https://apps.bea.gov/industry/xls/io-annual/Supply_2017_DET.xlsx;https://data.bls.gov/cew/data/files/2024/csv/2024_annual_singlefile.zip,07aa2a21151e78ec1462c8f48142d274c153d90aff07bd797e07c6bc8486911e;7a3a403f7a7e8335e61776c1da6c423409d54090acaee597bbae738fa9a6703e;334ac1ec9101f516ed9698859a165666c6f6d08a51b35cb5fc1e1bf62e06b0da,none,resolved
444000,Building material and garden equipment and supplies dealers,121484000000.0,0.434658061967008,0.6799578545322841,7.970359829902662e-06,0.434658061967008,0.3552556878915319,2017 production; 2024 satellite,2024,USD,2024,https://apps.bea.gov/industry/xls/io-annual/Use_SUT_Framework_2017_DET.xlsx;https://apps.bea.gov/industry/xls/io-annual/Supply_2017_DET.xlsx;https://data.bls.gov/cew/data/files/2024/csv/2024_annual_singlefile.zip,07aa2a21151e78ec1462c8f48142d274c153d90aff07bd797e07c6bc8486911e;7a3a403f7a7e8335e61776c1da6c423409d54090acaee597bbae738fa9a6703e;334ac1ec9101f516ed9698859a165666c6f6d08a51b35cb5fc1e1bf62e06b0da,none,resolved
446000,Health and personal care stores,103096000000.0,0.4866241173275394,0.633118646698223,9.873058757402633e-06,0.4866241173275394,0.39772869911458447,2017 production; 2024 satellite,2024,USD,2024,https://apps.bea.gov/industry/xls/io-annual/Use_SUT_Framework_2017_DET.xlsx;https://apps.bea.gov/industry/xls/io-annual/Supply_2017_DET.xlsx;https://data.bls.gov/cew/data/files/2024/csv/2024_annual_singlefile.zip,07aa2a21151e78ec1462c8f48142d274c153d90aff07bd797e07c6bc8486911e;7a3a403f7a7e8335e61776c1da6c423409d54090acaee597bbae738fa9a6703e;334ac1ec9101f516ed9698859a165666c6f6d08a51b35cb5fc1e1bf62e06b0da,none,resolved
447000,Gasoline stations,93663000000.0,0.26629512187309823,0.5123474584414337,5.402830010772266e-06,0.26629512187309823,0.21764891757688715,2017 production; 2024 satellite,2024,USD,2024,https://apps.bea.gov/industry/xls/io-annual/Use_SUT_Framework_2017_DET.xlsx;https://apps.bea.gov/industry/xls/io-annual/Supply_2017_DET.xlsx;https://data.bls.gov/cew/data/files/2024/csv/2024_annual_singlefile.zip,07aa2a21151e78ec1462c8f48142d274c153d90aff07bd797e07c6bc8486911e;7a3a403f7a7e8335e61776c1da6c423409d54090acaee597bbae738fa9a6703e;334ac1ec9101f516ed9698859a165666c6f6d08a51b35cb5fc1e1bf62e06b0da,none,resolved
448000,Clothing and clothing accessories stores,123876000000.0,0.3051922890632568,0.4282266137104847,6.192010003071049e-06,0.3051922890632568,0.2494404362355715,2017 production; 2024 satellite,2024,USD,2024,https://apps.bea.gov/industry/xls/io-annual/Use_SUT_Framework_2017_DET.xlsx;https://apps.bea.gov/industry/xls/io-annual/Supply_2017_DET.xlsx;https://data.bls.gov/cew/data/files/2024/csv/2024_annual_singlefile.zip,07aa2a21151e78ec1462c8f48142d274c153d90aff07bd797e07c6bc8486911e;7a3a403f7a7e8335e61776c1da6c423409d54090acaee597bbae738fa9a6703e;334ac1ec9101f516ed9698859a165666c6f6d08a51b35cb5fc1e1bf62e06b0da,none,resolved
454000,Nonstore retailers,276509000000.0,0.15287748319222882,0.5890477344317906,3.1017130481117844e-06,0.15287748319222882,0.1249501624536846,2017 production; 2024 satellite,2024,USD,2024,https://apps.bea.gov/industry/xls/io-annual/Use_SUT_Framework_2017_DET.xlsx;https://apps.bea.gov/industry/xls/io-annual/Supply_2017_DET.xlsx;https://data.bls.gov/cew/data/files/2024/csv/2024_annual_singlefile.zip,07aa2a21151e78ec1462c8f48142d274c153d90aff07bd797e07c6bc8486911e;7a3a403f7a7e8335e61776c1da6c423409d54090acaee597bbae738fa9a6703e;334ac1ec9101f516ed9698859a165666c6f6d08a51b35cb5fc1e1bf62e06b0da,none,resolved
4B0000,All other retail,185299000000.0,0.49248511864608013,0.6101759858391033,9.991971915083673e-06,0.49248511864608013,0.4025190256662853,2017 production; 2024 satellite,2024,USD,2024,https://apps.bea.gov/industry/xls/io-annual/Use_SUT_Framework_2017_DET.xlsx;https://apps.bea.gov/industry/xls/io-annual/Supply_2017_DET.xlsx;https://data.bls.gov/cew/data/files/2024/csv/2024_annual_singlefile.zip,07aa2a21151e78ec1462c8f48142d274c153d90aff07bd797e07c6bc8486911e;7a3a403f7a7e8335e61776c1da6c423409d54090acaee597bbae738fa9a6703e;334ac1ec9101f516ed9698859a165666c6f6d08a51b35cb5fc1e1bf62e06b0da,none,resolved
481000,Air transportation,214601000000.0,0.26605188233046445,0.49852051015605703,2.2154997896073127e-06,0.26605188233046445,0.2174501124962918,2017 production; 2024 satellite,2024,USD,2024,https://apps.bea.gov/industry/xls/io-annual/Use_SUT_Framework_2017_DET.xlsx;https://apps.bea.gov/industry/xls/io-annual/Supply_2017_DET.xlsx;https://data.bls.gov/cew/data/files/2024/csv/2024_annual_singlefile.zip,07aa2a21151e78ec1462c8f48142d274c153d90aff07bd797e07c6bc8486911e;7a3a403f7a7e8335e61776c1da6c423409d54090acaee597bbae738fa9a6703e;334ac1ec9101f516ed9698859a165666c6f6d08a51b35cb5fc1e1bf62e06b0da,none,resolved
482000,Rail transportation,81045000000.0,0.2701338762415942,0.5652415324819545,3.4248940869687714e-06,0.2701338762415942,0.22078641678179128,2017 production; 2024 satellite,2024,USD,2024,https://apps.bea.gov/industry/xls/io-annual/Use_SUT_Framework_2017_DET.xlsx;https://apps.bea.gov/industry/xls/io-annual/Supply_2017_DET.xlsx;https://data.bls.gov/cew/data/files/2024/csv/2024_annual_singlefile.zip,07aa2a21151e78ec1462c8f48142d274c153d90aff07bd797e07c6bc8486911e;7a3a403f7a7e8335e61776c1da6c423409d54090acaee597bbae738fa9a6703e;334ac1ec9101f516ed9698859a165666c6f6d08a51b35cb5fc1e1bf62e06b0da,none,resolved
483000,Water transportation,54799000000.0,0.1303673424697531,0.2514644427818026,1.3883747881390624e-06,0.1303673424697531,0.1065521244863012,2017 production; 2024 satellite,2024,USD,2024,https://apps.bea.gov/industry/xls/io-annual/Use_SUT_Framework_2017_DET.xlsx;https://apps.bea.gov/industry/xls/io-annual/Supply_2017_DET.xlsx;https://data.bls.gov/cew/data/files/2024/csv/2024_annual_singlefile.zip,07aa2a21151e78ec1462c8f48142d274c153d90aff07bd797e07c6bc8486911e;7a3a403f7a7e8335e61776c1da6c423409d54090acaee597bbae738fa9a6703e;334ac1ec9101f516ed9698859a165666c6f6d08a51b35cb5fc1e1bf62e06b0da,none,resolved
484000,Truck transportation,366619000000.0,0.2626896041939998,0.4839683704336109,3.178918204399435e-06,0.2626896041939998,0.21470204789846295,2017 production; 2024 satellite,2024,USD,2024,https://apps.bea.gov/industry/xls/io-annual/Use_SUT_Framework_2017_DET.xlsx;https://apps.bea.gov/industry/xls/io-annual/Supply_2017_DET.xlsx;https://data.bls.gov/cew/data/files/2024/csv/2024_annual_singlefile.zip,07aa2a21151e78ec1462c8f48142d274c153d90aff07bd797e07c6bc8486911e;7a3a403f7a7e8335e61776c1da6c423409d54090acaee597bbae738fa9a6703e;334ac1ec9101f516ed9698859a165666c6f6d08a51b35cb5fc1e1bf62e06b0da,none,resolved
485000,Transit and ground passenger transportation,77284000000.0,0.2840691475596501,0.5485093939237099,5.957642012868859e-06,0.2840691475596501,0.2321760235353107,2017 production; 2024 satellite,2024,USD,2024,https://apps.bea.gov/industry/xls/io-annual/Use_SUT_Framework_2017_DET.xlsx;https://apps.bea.gov/industry/xls/io-annual/Supply_2017_DET.xlsx;https://data.bls.gov/cew/data/files/2024/csv/2024_annual_singlefile.zip,07aa2a21151e78ec1462c8f48142d274c153d90aff07bd797e07c6bc8486911e;7a3a403f7a7e8335e61776c1da6c423409d54090acaee597bbae738fa9a6703e;334ac1ec9101f516ed9698859a165666c6f6d08a51b35cb5fc1e1bf62e06b0da,none,resolved
486000,Pipeline transportation,47995000000.0,0.15870403166996563,0.8527554953641004,1.3828867189777405e-06,0.1587040316699656,0.12971232993339157,2017 production; 2024 satellite,2024,USD,2024,https://apps.bea.gov/industry/xls/io-annual/Use_SUT_Framework_2017_DET.xlsx;https://apps.bea.gov/industry/xls/io-annual/Supply_2017_DET.xlsx;https://data.bls.gov/cew/data/files/2024/csv/2024_annual_singlefile.zip,07aa2a21151e78ec1462c8f48142d274c153d90aff07bd797e07c6bc8486911e;7a3a403f7a7e8335e61776c1da6c423409d54090acaee597bbae738fa9a6703e;334ac1ec9101f516ed9698859a165666c6f6d08a51b35cb5fc1e1bf62e06b0da,none,resolved
48A000,Scenic and sightseeing transportation and support activities for transportation,141492000000.0,0.33416730274503154,0.48279054646199077,3.7997001347438255e-06,0.33416730274503154,0.27312235845876204,2017 production; 2024 satellite,2024,USD,2024,https://apps.bea.gov/industry/xls/io-annual/Use_SUT_Framework_2017_DET.xlsx;https://apps.bea.gov/industry/xls/io-annual/Supply_2017_DET.xlsx;https://data.bls.gov/cew/data/files/2024/csv/2024_annual_singlefile.zip,07aa2a21151e78ec1462c8f48142d274c153d90aff07bd797e07c6bc8486911e;7a3a403f7a7e8335e61776c1da6c423409d54090acaee597bbae738fa9a6703e;334ac1ec9101f516ed9698859a165666c6f6d08a51b35cb5fc1e1bf62e06b0da,none,resolved
492000,Couriers and messengers,96928000000.0,0.401019313304721,0.5818752063387257,6.301090996635585e-06,0.401019313304721,0.3277619914862454,2017 production; 2024 satellite,2024,USD,2024,https://apps.bea.gov/industry/xls/io-annual/Use_SUT_Framework_2017_DET.xlsx;https://apps.bea.gov/industry/xls/io-annual/Supply_2017_DET.xlsx;https://data.bls.gov/cew/data/files/2024/csv/2024_annual_singlefile.zip,07aa2a21151e78ec1462c8f48142d274c153d90aff07bd797e07c6bc8486911e;7a3a403f7a7e8335e61776c1da6c423409d54090acaee597bbae738fa9a6703e;334ac1ec9101f516ed9698859a165666c6f6d08a51b35cb5fc1e1bf62e06b0da,none,resolved
493000,Warehousing and storage,123701000000.0,0.43566341420037025,0.49298712217362833,6.5543911509206975e-06,0.43566341420037025,0.3560773846009409,2017 production; 2024 satellite,2024,USD,2024,https://apps.bea.gov/industry/xls/io-annual/Use_SUT_Framework_2017_DET.xlsx;https://apps.bea.gov/industry/xls/io-annual/Supply_2017_DET.xlsx;https://data.bls.gov/cew/data/files/2024/csv/2024_annual_singlefile.zip,07aa2a21151e78ec1462c8f48142d274c153d90aff07bd797e07c6bc8486911e;7a3a403f7a7e8335e61776c1da6c423409d54090acaee597bbae738fa9a6703e;334ac1ec9101f516ed9698859a165666c6f6d08a51b35cb5fc1e1bf62e06b0da,none,resolved
511110,Newspaper publishers,26038000000.0,0.36792380367155697,0.6859973884322913,2.6663291587150016e-06,0.36792380367155697,0.30071229640491287,2017 production; 2024 satellite,2024,USD,2024,https://apps.bea.gov/industry/xls/io-annual/Use_SUT_Framework_2017_DET.xlsx;https://apps.bea.gov/industry/xls/io-annual/Supply_2017_DET.xlsx;https://data.bls.gov/cew/data/files/2024/csv/2024_annual_singlefile.zip,07aa2a21151e78ec1462c8f48142d274c153d90aff07bd797e07c6bc8486911e;7a3a403f7a7e8335e61776c1da6c423409d54090acaee597bbae738fa9a6703e;334ac1ec9101f516ed9698859a165666c6f6d08a51b35cb5fc1e1bf62e06b0da,none,resolved
511120,Periodical Publishers,27642000000.0,0.36234715288329356,0.6160552781998409,2.6259153924505297e-06,0.36234715288329356,0.29615437585709214,2017 production; 2024 satellite,2024,USD,2024,https://apps.bea.gov/industry/xls/io-annual/Use_SUT_Framework_2017_DET.xlsx;https://apps.bea.gov/industry/xls/io-annual/Supply_2017_DET.xlsx;https://data.bls.gov/cew/data/files/2024/csv/2024_annual_singlefile.zip,07aa2a21151e78ec1462c8f48142d274c153d90aff07bd797e07c6bc8486911e;7a3a403f7a7e8335e61776c1da6c423409d54090acaee597bbae738fa9a6703e;334ac1ec9101f516ed9698859a165666c6f6d08a51b35cb5fc1e1bf62e06b0da,none,resolved
511130,Book publishers,38494000000.0,0.1535563983997506,0.4693458720839611,1.1128171063539278e-06,0.1535563983997506,0.12550505493164002,2017 production; 2024 satellite,2024,USD,2024,https://apps.bea.gov/industry/xls/io-annual/Use_SUT_Framework_2017_DET.xlsx;https://apps.bea.gov/industry/xls/io-annual/Supply_2017_DET.xlsx;https://data.bls.gov/cew/data/files/2024/csv/2024_annual_singlefile.zip,07aa2a21151e78ec1462c8f48142d274c153d90aff07bd797e07c6bc8486911e;7a3a403f7a7e8335e61776c1da6c423409d54090acaee597bbae738fa9a6703e;334ac1ec9101f516ed9698859a165666c6f6d08a51b35cb5fc1e1bf62e06b0da,none,resolved
5111A0,"Directory, mailing list, and other publishers",10842000000.0,0.2587161040398451,0.5878066777347353,1.8749053068781125e-06,0.2587161040398451,0.21145441797020803,2017 production; 2024 satellite,2024,USD,2024,https://apps.bea.gov/industry/xls/io-annual/Use_SUT_Framework_2017_DET.xlsx;https://apps.bea.gov/industry/xls/io-annual/Supply_2017_DET.xlsx;https://data.bls.gov/cew/data/files/2024/csv/2024_annual_singlefile.zip,07aa2a21151e78ec1462c8f48142d274c153d90aff07bd797e07c6bc8486911e;7a3a403f7a7e8335e61776c1da6c423409d54090acaee597bbae738fa9a6703e;334ac1ec9101f516ed9698859a165666c6f6d08a51b35cb5fc1e1bf62e06b0da,none,resolved
511200,Software publishers,281109000000.0,0.2556979676922475,0.6243805783521694,1.8530329929145376e-06,0.2556979676922475,0.20898762809988097,2017 production; 2024 satellite,2024,USD,2024,https://apps.bea.gov/industry/xls/io-annual/Use_SUT_Framework_2017_DET.xlsx;https://apps.bea.gov/industry/xls/io-annual/Supply_2017_DET.xlsx;https://data.bls.gov/cew/data/files/2024/csv/2024_annual_singlefile.zip,07aa2a21151e78ec1462c8f48142d274c153d90aff07bd797e07c6bc8486911e;7a3a403f7a7e8335e61776c1da6c423409d54090acaee597bbae738fa9a6703e;334ac1ec9101f516ed9698859a165666c6f6d08a51b35cb5fc1e1bf62e06b0da,none,resolved
512100,Motion picture and video industries,129761000000.0,0.2595463968372623,0.6267522599240142,3.786810972130619e-06,0.2595463968372623,0.21213303471451278,2017 production; 2024 satellite,2024,USD,2024,https://apps.bea.gov/industry/xls/io-annual/Use_SUT_Framework_2017_DET.xlsx;https://apps.bea.gov/industry/xls/io-annual/Supply_2017_DET.xlsx;https://data.bls.gov/cew/data/files/2024/csv/2024_annual_singlefile.zip,07aa2a21151e78ec1462c8f48142d274c153d90aff07bd797e07c6bc8486911e;7a3a403f7a7e8335e61776c1da6c423409d54090acaee597bbae738fa9a6703e;334ac1ec9101f516ed9698859a165666c6f6d08a51b35cb5fc1e1bf62e06b0da,none,resolved
512200,Sound recording industries,18217000000.0,0.09644837239940715,0.7486962727123017,1.042006911749053e-06,0.09644837239940715,0.07882939690043242,2017 production; 2024 satellite,2024,USD,2024,https://apps.bea.gov/industry/xls/io-annual/Use_SUT_Framework_2017_DET.xlsx;https://apps.bea.gov/industry/xls/io-annual/Supply_2017_DET.xlsx;https://data.bls.gov/cew/data/files/2024/csv/2024_annual_singlefile.zip,07aa2a21151e78ec1462c8f48142d274c153d90aff07bd797e07c6bc8486911e;7a3a403f7a7e8335e61776c1da6c423409d54090acaee597bbae738fa9a6703e;334ac1ec9101f516ed9698859a165666c6f6d08a51b35cb5fc1e1bf62e06b0da,none,resolved
515100,Radio and television broadcasting,92801000000.0,0.19342463982069158,0.4396073318175451,1.4017406648368116e-06,0.19342463982069158,0.1580902541269033,2017 production; 2024 satellite,2024,USD,2024,https://apps.bea.gov/industry/xls/io-annual/Use_SUT_Framework_2017_DET.xlsx;https://apps.bea.gov/industry/xls/io-annual/Supply_2017_DET.xlsx;https://data.bls.gov/cew/data/files/2024/csv/2024_annual_singlefile.zip,07aa2a21151e78ec1462c8f48142d274c153d90aff07bd797e07c6bc8486911e;7a3a403f7a7e8335e61776c1da6c423409d54090acaee597bbae738fa9a6703e;334ac1ec9101f516ed9698859a165666c6f6d08a51b35cb5fc1e1bf62e06b0da,none,resolved
515200,Cable and other subscription programming,108040000000.0,0.09650129581636431,0.5630784894483525,6.993410492098735e-07,0.09650129581636431,0.0788726523845516,2017 production; 2024 satellite,2024,USD,2024,https://apps.bea.gov/industry/xls/io-annual/Use_SUT_Framework_2017_DET.xlsx;https://apps.bea.gov/industry/xls/io-annual/Supply_2017_DET.xlsx;https://data.bls.gov/cew/data/files/2024/csv/2024_annual_singlefile.zip,07aa2a21151e78ec1462c8f48142d274c153d90aff07bd797e07c6bc8486911e;7a3a403f7a7e8335e61776c1da6c423409d54090acaee597bbae738fa9a6703e;334ac1ec9101f516ed9698859a165666c6f6d08a51b35cb5fc1e1bf62e06b0da,none,resolved
517110,Wired telecommunications carriers,330610000000.0,0.1854995311696561,0.5218656422975712,1.3443077179294026e-06,0.18549953116965612,0.1516128868081017,2017 production; 2024 satellite,2024,USD,2024,https://apps.bea.gov/industry/xls/io-annual/Use_SUT_Framework_2017_DET.xlsx;https://apps.bea.gov/industry/xls/io-annual/Supply_2017_DET.xlsx;https://data.bls.gov/cew/data/files/2024/csv/2024_annual_singlefile.zip,07aa2a21151e78ec1462c8f48142d274c153d90aff07bd797e07c6bc8486911e;7a3a403f7a7e8335e61776c1da6c423409d54090acaee597bbae738fa9a6703e;334ac1ec9101f516ed9698859a165666c6f6d08a51b35cb5fc1e1bf62e06b0da,none,resolved
517210,Wireless telecommunications carriers (except satellite),249104000000.0,0.049059830432269254,0.5215371892864025,3.555346381446578e-07,0.049059830432269254,0.04009768904132423,2017 production; 2024 satellite,2024,USD,2024,https://apps.bea.gov/industry/xls/io-annual/Use_SUT_Framework_2017_DET.xlsx;https://apps.bea.gov/industry/xls/io-annual/Supply_2017_DET.xlsx;https://data.bls.gov/cew/data/files/2024/csv/2024_annual_singlefile.zip,07aa2a21151e78ec1462c8f48142d274c153d90aff07bd797e07c6bc8486911e;7a3a403f7a7e8335e61776c1da6c423409d54090acaee597bbae738fa9a6703e;334ac1ec9101f516ed9698859a165666c6f6d08a51b35cb5fc1e1bf62e06b0da,none,resolved
517A00,"Satellite, telecommunications resellers, and all other telecommunications",44156000000.0,0.2320862396956246,0.46886040402210344,1.7078740343687863e-06,0.2320862396956246,0.18968923838685478,2017 production; 2024 satellite,2024,USD,2024,https://apps.bea.gov/industry/xls/io-annual/Use_SUT_Framework_2017_DET.xlsx;https://apps.bea.gov/industry/xls/io-annual/Supply_2017_DET.xlsx;https://data.bls.gov/cew/data/files/2024/csv/2024_annual_singlefile.zip,07aa2a21151e78ec1462c8f48142d274c153d90aff07bd797e07c6bc8486911e;7a3a403f7a7e8335e61776c1da6c423409d54090acaee597bbae738fa9a6703e;334ac1ec9101f516ed9698859a165666c6f6d08a51b35cb5fc1e1bf62e06b0da,none,resolved
518200,"Data processing, hosting, and related services",175248000000.0,0.24429950698438785,0.5443428740984205,1.430686252210282e-06,0.24429950698438785,0.19967141300116586,2017 production; 2024 satellite,2024,USD,2024,https://apps.bea.gov/industry/xls/io-annual/Use_SUT_Framework_2017_DET.xlsx;https://apps.bea.gov/industry/xls/io-annual/Supply_2017_DET.xlsx;https://data.bls.gov/cew/data/files/2024/csv/2024_annual_singlefile.zip,07aa2a21151e78ec1462c8f48142d274c153d90aff07bd797e07c6bc8486911e;7a3a403f7a7e8335e61776c1da6c423409d54090acaee597bbae738fa9a6703e;334ac1ec9101f516ed9698859a165666c6f6d08a51b35cb5fc1e1bf62e06b0da,none,resolved
519130,Internet publishing and broadcasting and Web search portals,180015000000.0,0.28933144460183874,0.6073327222731439,2.0967734611802594e-06,0.28933144460183874,0.23647701578460248,2017 production; 2024 satellite,2024,USD,2024,https://apps.bea.gov/industry/xls/io-annual/Use_SUT_Framework_2017_DET.xlsx;https://apps.bea.gov/industry/xls/io-annual/Supply_2017_DET.xlsx;https://data.bls.gov/cew/data/files/2024/csv/2024_annual_singlefile.zip,07aa2a21151e78ec1462c8f48142d274c153d90aff07bd797e07c6bc8486911e;7a3a403f7a7e8335e61776c1da6c423409d54090acaee597bbae738fa9a6703e;334ac1ec9101f516ed9698859a165666c6f6d08a51b35cb5fc1e1bf62e06b0da,none,resolved
5191A0,"News syndicates, libraries, archives and all other information services",8443000000.0,0.719649413715504,0.9368707805282482,5.215270653036419e-06,0.719649413715504,0.588185449392733,2017 production; 2024 satellite,2024,USD,2024,https://apps.bea.gov/industry/xls/io-annual/Use_SUT_Framework_2017_DET.xlsx;https://apps.bea.gov/industry/xls/io-annual/Supply_2017_DET.xlsx;https://data.bls.gov/cew/data/files/2024/csv/2024_annual_singlefile.zip,07aa2a21151e78ec1462c8f48142d274c153d90aff07bd797e07c6bc8486911e;7a3a403f7a7e8335e61776c1da6c423409d54090acaee597bbae738fa9a6703e;334ac1ec9101f516ed9698859a165666c6f6d08a51b35cb5fc1e1bf62e06b0da,none,resolved
522A00,Nondepository credit intermediation and related activities,398838000000.0,0.2443021978848555,0.5231447354565011,1.8252726384592022e-06,0.2443021978848555,0.19967361233388353,2017 production; 2024 satellite,2024,USD,2024,https://apps.bea.gov/industry/xls/io-annual/Use_SUT_Framework_2017_DET.xlsx;https://apps.bea.gov/industry/xls/io-annual/Supply_2017_DET.xlsx;https://data.bls.gov/cew/data/files/2024/csv/2024_annual_singlefile.zip,07aa2a21151e78ec1462c8f48142d274c153d90aff07bd797e07c6bc8486911e;7a3a403f7a7e8335e61776c1da6c423409d54090acaee597bbae738fa9a6703e;334ac1ec9101f516ed9698859a165666c6f6d08a51b35cb5fc1e1bf62e06b0da,none,resolved
52A000,Monetary authorities and depository credit intermediation,657055000000.0,0.252514629673315,0.6668954653720008,2.289860373514155e-06,0.252514629673315,0.2063858152344084,2017 production; 2024 satellite,2024,USD,2024,https://apps.bea.gov/industry/xls/io-annual/Use_SUT_Framework_2017_DET.xlsx;https://apps.bea.gov/industry/xls/io-annual/Supply_2017_DET.xlsx;https://data.bls.gov/cew/data/files/2024/csv/2024_annual_singlefile.zip,07aa2a21151e78ec1462c8f48142d274c153d90aff07bd797e07c6bc8486911e;7a3a403f7a7e8335e61776c1da6c423409d54090acaee597bbae738fa9a6703e;334ac1ec9101f516ed9698859a165666c6f6d08a51b35cb5fc1e1bf62e06b0da,none,resolved
523900,Other financial investment activities,349050000000.0,0.4395186935969059,0.5069617533304684,2.1901295464675785e-06,0.43951869359690593,0.35922839007828616,2017 production; 2024 satellite,2024,USD,2024,https://apps.bea.gov/industry/xls/io-annual/Use_SUT_Framework_2017_DET.xlsx;https://apps.bea.gov/industry/xls/io-annual/Supply_2017_DET.xlsx;https://data.bls.gov/cew/data/files/2024/csv/2024_annual_singlefile.zip,07aa2a21151e78ec1462c8f48142d274c153d90aff07bd797e07c6bc8486911e;7a3a403f7a7e8335e61776c1da6c423409d54090acaee597bbae738fa9a6703e;334ac1ec9101f516ed9698859a165666c6f6d08a51b35cb5fc1e1bf62e06b0da,none,resolved
523A00,Securities and commodity contracts intermediation and brokerage,198987000000.0,0.4915798519501274,0.5286375491866303,2.002786010711891e-06,0.4915798519501274,0.4017791310895216,2017 production; 2024 satellite,2024,USD,2024,https://apps.bea.gov/industry/xls/io-annual/Use_SUT_Framework_2017_DET.xlsx;https://apps.bea.gov/industry/xls/io-annual/Supply_2017_DET.xlsx;https://data.bls.gov/cew/data/files/2024/csv/2024_annual_singlefile.zip,07aa2a21151e78ec1462c8f48142d274c153d90aff07bd797e07c6bc8486911e;7a3a403f7a7e8335e61776c1da6c423409d54090acaee597bbae738fa9a6703e;334ac1ec9101f516ed9698859a165666c6f6d08a51b35cb5fc1e1bf62e06b0da,none,resolved
524113,Direct life insurance carriers,88447000000.0,0.38791592705235906,0.5810485375422569,2.7853296684029534e-06,0.38791592705235906,0.3170523028732579,2017 production; 2024 satellite,2024,USD,2024,https://apps.bea.gov/industry/xls/io-annual/Use_SUT_Framework_2017_DET.xlsx;https://apps.bea.gov/industry/xls/io-annual/Supply_2017_DET.xlsx;https://data.bls.gov/cew/data/files/2024/csv/2024_annual_singlefile.zip,07aa2a21151e78ec1462c8f48142d274c153d90aff07bd797e07c6bc8486911e;7a3a403f7a7e8335e61776c1da6c423409d54090acaee597bbae738fa9a6703e;334ac1ec9101f516ed9698859a165666c6f6d08a51b35cb5fc1e1bf62e06b0da,none,resolved
5241XX,"Insurance carriers, except direct life",567910000000.0,0.20431230300575795,0.5178091599020972,1.6679274702895689e-06,0.20431230300575798,0.16698898306532028,2017 production; 2024 satellite,2024,USD,2024,https://apps.bea.gov/industry/xls/io-annual/Use_SUT_Framework_2017_DET.xlsx;https://apps.bea.gov/industry/xls/io-annual/Supply_2017_DET.xlsx;https://data.bls.gov/cew/data/files/2024/csv/2024_annual_singlefile.zip,07aa2a21151e78ec1462c8f48142d274c153d90aff07bd797e07c6bc8486911e;7a3a403f7a7e8335e61776c1da6c423409d54090acaee597bbae738fa9a6703e;334ac1ec9101f516ed9698859a165666c6f6d08a51b35cb5fc1e1bf62e06b0da,none,resolved
524200,"Insurance agencies, brokerages, and related activities",362909000000.0,0.3324910652532729,0.5498733842368198,2.862337277584121e-06,0.33249106525327293,0.27175233232716467,2017 production; 2024 satellite,2024,USD,2024,https://apps.bea.gov/industry/xls/io-annual/Use_SUT_Framework_2017_DET.xlsx;https://apps.bea.gov/industry/xls/io-annual/Supply_2017_DET.xlsx;https://data.bls.gov/cew/data/files/2024/csv/2024_annual_singlefile.zip,07aa2a21151e78ec1462c8f48142d274c153d90aff07bd797e07c6bc8486911e;7a3a403f7a7e8335e61776c1da6c423409d54090acaee597bbae738fa9a6703e;334ac1ec9101f516ed9698859a165666c6f6d08a51b35cb5fc1e1bf62e06b0da,none,resolved
525000,"Funds, trusts, and other financial vehicles",157323000000.0,0.01308772398187169,0.04319775239475474,9.5342167166215e-08,0.013087723981871692,0.010696887491453543,2017 production; 2024 satellite,2024,USD,2024,https://apps.bea.gov/industry/xls/io-annual/Use_SUT_Framework_2017_DET.xlsx;https://apps.bea.gov/industry/xls/io-annual/Supply_2017_DET.xlsx;https://data.bls.gov/cew/data/files/2024/csv/2024_annual_singlefile.zip,07aa2a21151e78ec1462c8f48142d274c153d90aff07bd797e07c6bc8486911e;7a3a403f7a7e8335e61776c1da6c423409d54090acaee597bbae738fa9a6703e;334ac1ec9101f516ed9698859a165666c6f6d08a51b35cb5fc1e1bf62e06b0da,none,resolved
531HSO,Owner-occupied housing,1555683000000.0,0.0,0.8633648371808396,0.0,0.0,0.0,2017 production; 2024 satellite,2024,USD,2024,https://apps.bea.gov/industry/xls/io-annual/Use_SUT_Framework_2017_DET.xlsx;https://apps.bea.gov/industry/xls/io-annual/Supply_2017_DET.xlsx;https://data.bls.gov/cew/data/files/2024/csv/2024_annual_singlefile.zip,07aa2a21151e78ec1462c8f48142d274c153d90aff07bd797e07c6bc8486911e;7a3a403f7a7e8335e61776c1da6c423409d54090acaee597bbae738fa9a6703e;334ac1ec9101f516ed9698859a165666c6f6d08a51b35cb5fc1e1bf62e06b0da,none,resolved
531HST,Tenant-occupied housing,496703000000.0,0.03809117319605478,0.9481299690156895,4.7154457509149303e-07,0.03809117319605478,0.031132761866009186,2017 production; 2024 satellite,2024,USD,2024,https://apps.bea.gov/industry/xls/io-annual/Use_SUT_Framework_2017_DET.xlsx;https://apps.bea.gov/industry/xls/io-annual/Supply_2017_DET.xlsx;https://data.bls.gov/cew/data/files/2024/csv/2024_annual_singlefile.zip,07aa2a21151e78ec1462c8f48142d274c153d90aff07bd797e07c6bc8486911e;7a3a403f7a7e8335e61776c1da6c423409d54090acaee597bbae738fa9a6703e;334ac1ec9101f516ed9698859a165666c6f6d08a51b35cb5fc1e1bf62e06b0da,none,resolved
531ORE,Other real estate,1265134000000.0,0.07391153822440943,0.40908868151515965,9.149779847158286e-07,0.07391153822440943,0.06040954178143568,2017 production; 2024 satellite,2024,USD,2024,https://apps.bea.gov/industry/xls/io-annual/Use_SUT_Framework_2017_DET.xlsx;https://apps.bea.gov/industry/xls/io-annual/Supply_2017_DET.xlsx;https://data.bls.gov/cew/data/files/2024/csv/2024_annual_singlefile.zip,07aa2a21151e78ec1462c8f48142d274c153d90aff07bd797e07c6bc8486911e;7a3a403f7a7e8335e61776c1da6c423409d54090acaee597bbae738fa9a6703e;334ac1ec9101f516ed9698859a165666c6f6d08a51b35cb5fc1e1bf62e06b0da,none,resolved
532100,Automotive equipment rental and leasing,64106000000.0,0.17196518266620908,0.5226187876329829,2.3996406574106618e-06,0.17196518266620905,0.1405509631755412,2017 production; 2024 satellite,2024,USD,2024,https://apps.bea.gov/industry/xls/io-annual/Use_SUT_Framework_2017_DET.xlsx;https://apps.bea.gov/industry/xls/io-annual/Supply_2017_DET.xlsx;https://data.bls.gov/cew/data/files/2024/csv/2024_annual_singlefile.zip,07aa2a21151e78ec1462c8f48142d274c153d90aff07bd797e07c6bc8486911e;7a3a403f7a7e8335e61776c1da6c423409d54090acaee597bbae738fa9a6703e;334ac1ec9101f516ed9698859a165666c6f6d08a51b35cb5fc1e1bf62e06b0da,none,resolved
532400,Commercial and industrial machinery and equipment rental and leasing,87786000000.0,0.14926070216207596,0.5529127651333926,1.4875888107886527e-06,0.14926070216207596,0.12199408698828228,2017 production; 2024 satellite,2024,USD,2024,https://apps.bea.gov/industry/xls/io-annual/Use_SUT_Framework_2017_DET.xlsx;https://apps.bea.gov/industry/xls/io-annual/Supply_2017_DET.xlsx;https://data.bls.gov/cew/data/files/2024/csv/2024_annual_singlefile.zip,07aa2a21151e78ec1462c8f48142d274c153d90aff07bd797e07c6bc8486911e;7a3a403f7a7e8335e61776c1da6c423409d54090acaee597bbae738fa9a6703e;334ac1ec9101f516ed9698859a165666c6f6d08a51b35cb5fc1e1bf62e06b0da,none,resolved
532A00,General and consumer goods rental,27375000000.0,0.3328219178082192,0.5715799086757991,5.3553925199372e-06,0.3328219178082192,0.27202274546862626,2017 production; 2024 satellite,2024,USD,2024,https://apps.bea.gov/industry/xls/io-annual/Use_SUT_Framework_2017_DET.xlsx;https://apps.bea.gov/industry/xls/io-annual/Supply_2017_DET.xlsx;https://data.bls.gov/cew/data/files/2024/csv/2024_annual_singlefile.zip,07aa2a21151e78ec1462c8f48142d274c153d90aff07bd797e07c6bc8486911e;7a3a403f7a7e8335e61776c1da6c423409d54090acaee597bbae738fa9a6703e;334ac1ec9101f516ed9698859a165666c6f6d08a51b35cb5fc1e1bf62e06b0da,none,resolved
533000,Lessors of nonfinancial intangible assets,157204000000.0,0.019019872267881224,0.6508676624004478,1.4695674733476652e-07,0.019019872267881224,0.015545364039855514,2017 production; 2024 satellite,2024,USD,2024,https://apps.bea.gov/industry/xls/io-annual/Use_SUT_Framework_2017_DET.xlsx;https://apps.bea.gov/industry/xls/io-annual/Supply_2017_DET.xlsx;https://data.bls.gov/cew/data/files/2024/csv/2024_annual_singlefile.zip,07aa2a21151e78ec1462c8f48142d274c153d90aff07bd797e07c6bc8486911e;7a3a403f7a7e8335e61776c1da6c423409d54090acaee597bbae738fa9a6703e;334ac1ec9101f516ed9698859a165666c6f6d08a51b35cb5fc1e1bf62e06b0da,none,resolved
541100,Legal services,339319000000.0,0.38761460454616453,0.7398229984174184,2.995073965093998e-06,0.38761460454616453,0.31680602529650964,2017 production; 2024 satellite,2024,USD,2024,https://apps.bea.gov/industry/xls/io-annual/Use_SUT_Framework_2017_DET.xlsx;https://apps.bea.gov/industry/xls/io-annual/Supply_2017_DET.xlsx;https://data.bls.gov/cew/data/files/2024/csv/2024_annual_singlefile.zip,07aa2a21151e78ec1462c8f48142d274c153d90aff07bd797e07c6bc8486911e;7a3a403f7a7e8335e61776c1da6c423409d54090acaee597bbae738fa9a6703e;334ac1ec9101f516ed9698859a165666c6f6d08a51b35cb5fc1e1bf62e06b0da,none,resolved
541511,Custom computer programming services,152686000000.0,0.6510158102249061,0.7494858729680521,3.844474461825035e-06,0.6510158102249061,0.5320896808932689,2017 production; 2024 satellite,2024,USD,2024,https://apps.bea.gov/industry/xls/io-annual/Use_SUT_Framework_2017_DET.xlsx;https://apps.bea.gov/industry/xls/io-annual/Supply_2017_DET.xlsx;https://data.bls.gov/cew/data/files/2024/csv/2024_annual_singlefile.zip,07aa2a21151e78ec1462c8f48142d274c153d90aff07bd797e07c6bc8486911e;7a3a403f7a7e8335e61776c1da6c423409d54090acaee597bbae738fa9a6703e;334ac1ec9101f516ed9698859a165666c6f6d08a51b35cb5fc1e1bf62e06b0da,none,resolved
541512,Computer systems design services,269552000000.0,0.5211647474327773,0.6519335786786965,3.418098037592344e-06,0.5211647474327773,0.425959523254169,2017 production; 2024 satellite,2024,USD,2024,https://apps.bea.gov/industry/xls/io-annual/Use_SUT_Framework_2017_DET.xlsx;https://apps.bea.gov/industry/xls/io-annual/Supply_2017_DET.xlsx;https://data.bls.gov/cew/data/files/2024/csv/2024_annual_singlefile.zip,07aa2a21151e78ec1462c8f48142d274c153d90aff07bd797e07c6bc8486911e;7a3a403f7a7e8335e61776c1da6c423409d54090acaee597bbae738fa9a6703e;334ac1ec9101f516ed9698859a165666c6f6d08a51b35cb5fc1e1bf62e06b0da,none,resolved
54151A,"Other computer related services, including facilities management",49081000000.0,0.5068152645626617,0.6416943420060716,3.4545750146634954e-06,0.5068152645626617,0.4142313721994266,2017 production; 2024 satellite,2024,USD,2024,https://apps.bea.gov/industry/xls/io-annual/Use_SUT_Framework_2017_DET.xlsx;https://apps.bea.gov/industry/xls/io-annual/Supply_2017_DET.xlsx;https://data.bls.gov/cew/data/files/2024/csv/2024_annual_singlefile.zip,07aa2a21151e78ec1462c8f48142d274c153d90aff07bd797e07c6bc8486911e;7a3a403f7a7e8335e61776c1da6c423409d54090acaee597bbae738fa9a6703e;334ac1ec9101f516ed9698859a165666c6f6d08a51b35cb5fc1e1bf62e06b0da,none,resolved
541200,"Accounting, tax preparation, bookkeeping, and payroll services",171070000000.0,0.5176711287776934,0.7291284269597241,5.008192537501481e-06,0.5176711287776934,0.4231041111333725,2017 production; 2024 satellite,2024,USD,2024,https://apps.bea.gov/industry/xls/io-annual/Use_SUT_Framework_2017_DET.xlsx;https://apps.bea.gov/industry/xls/io-annual/Supply_2017_DET.xlsx;https://data.bls.gov/cew/data/files/2024/csv/2024_annual_singlefile.zip,07aa2a21151e78ec1462c8f48142d274c153d90aff07bd797e07c6bc8486911e;7a3a403f7a7e8335e61776c1da6c423409d54090acaee597bbae738fa9a6703e;334ac1ec9101f516ed9698859a165666c6f6d08a51b35cb5fc1e1bf62e06b0da,none,resolved
541300,"Architectural, engineering, and related services",329208000000.0,0.45472771014070135,0.6334141333138927,3.5130646227657268e-06,0.45472771014070135,0.37165905709494873,2017 production; 2024 satellite,2024,USD,2024,https://apps.bea.gov/industry/xls/io-annual/Use_SUT_Framework_2017_DET.xlsx;https://apps.bea.gov/industry/xls/io-annual/Supply_2017_DET.xlsx;https://data.bls.gov/cew/data/files/2024/csv/2024_annual_singlefile.zip,07aa2a21151e78ec1462c8f48142d274c153d90aff07bd797e07c6bc8486911e;7a3a403f7a7e8335e61776c1da6c423409d54090acaee597bbae738fa9a6703e;334ac1ec9101f516ed9698859a165666c6f6d08a51b35cb5fc1e1bf62e06b0da,none,resolved
541610,Management consulting services,251691000000.0,0.49705392723617453,0.6833537949310862,3.8015943235371307e-06,0.49705392723617453,0.40625321440115775,2017 production; 2024 satellite,2024,USD,2024,https://apps.bea.gov/industry/xls/io-annual/Use_SUT_Framework_2017_DET.xlsx;https://apps.bea.gov/industry/xls/io-annual/Supply_2017_DET.xlsx;https://data.bls.gov/cew/data/files/2024/csv/2024_annual_singlefile.zip,07aa2a21151e78ec1462c8f48142d274c153d90aff07bd797e07c6bc8486911e;7a3a403f7a7e8335e61776c1da6c423409d54090acaee597bbae738fa9a6703e;334ac1ec9101f516ed9698859a165666c6f6d08a51b35cb5fc1e1bf62e06b0da,none,resolved
5416A0,Environmental and other technical consulting services,53324000000.0,0.5161465756507388,0.5872027604830845,4.1410039399207644e-06,0.5161465756507388,0.4218580600020707,2017 production; 2024 satellite,2024,USD,2024,https://apps.bea.gov/industry/xls/io-annual/Use_SUT_Framework_2017_DET.xlsx;https://apps.bea.gov/industry/xls/io-annual/Supply_2017_DET.xlsx;https://data.bls.gov/cew/data/files/2024/csv/2024_annual_singlefile.zip,07aa2a21151e78ec1462c8f48142d274c153d90aff07bd797e07c6bc8486911e;7a3a403f7a7e8335e61776c1da6c423409d54090acaee597bbae738fa9a6703e;334ac1ec9101f516ed9698859a165666c6f6d08a51b35cb5fc1e1bf62e06b0da,none,resolved
541700,Scientific research and development services,255320000000.0,0.38050289832367223,0.47335500548331505,2.46659188603517e-06,0.38050289832367223,0.3109934698483934,2017 production; 2024 satellite,2024,USD,2024,https://apps.bea.gov/industry/xls/io-annual/Use_SUT_Framework_2017_DET.xlsx;https://apps.bea.gov/industry/xls/io-annual/Supply_2017_DET.xlsx;https://data.bls.gov/cew/data/files/2024/csv/2024_annual_singlefile.zip,07aa2a21151e78ec1462c8f48142d274c153d90aff07bd797e07c6bc8486911e;7a3a403f7a7e8335e61776c1da6c423409d54090acaee597bbae738fa9a6703e;334ac1ec9101f516ed9698859a165666c6f6d08a51b35cb5fc1e1bf62e06b0da,none,resolved
541800,"Advertising, public relations, and related services",128849000000.0,0.3561378047171495,0.6863537939758942,3.7620884362738025e-06,0.35613780471714945,0.2910793376899893,2017 production; 2024 satellite,2024,USD,2024,https://apps.bea.gov/industry/xls/io-annual/Use_SUT_Framework_2017_DET.xlsx;https://apps.bea.gov/industry/xls/io-annual/Supply_2017_DET.xlsx;https://data.bls.gov/cew/data/files/2024/csv/2024_annual_singlefile.zip,07aa2a21151e78ec1462c8f48142d274c153d90aff07bd797e07c6bc8486911e;7a3a403f7a7e8335e61776c1da6c423409d54090acaee597bbae738fa9a6703e;334ac1ec9101f516ed9698859a165666c6f6d08a51b35cb5fc1e1bf62e06b0da,none,resolved
541400,Specialized design services,35233000000.0,0.32549030738228363,0.6836488519285897,3.664675956120885e-06,0.32549030738228363,0.26603045743091774,2017 production; 2024 satellite,2024,USD,2024,https://apps.bea.gov/industry/xls/io-annual/Use_SUT_Framework_2017_DET.xlsx;https://apps.bea.gov/industry/xls/io-annual/Supply_2017_DET.xlsx;https://data.bls.gov/cew/data/files/2024/csv/2024_annual_singlefile.zip,07aa2a21151e78ec1462c8f48142d274c153d90aff07bd797e07c6bc8486911e;7a3a403f7a7e8335e61776c1da6c423409d54090acaee597bbae738fa9a6703e;334ac1ec9101f516ed9698859a165666c6f6d08a51b35cb5fc1e1bf62e06b0da,none,resolved
541920,Photographic services,12489000000.0,0.17391304347826086,0.5845944431099367,3.584250142198924e-06,0.17391304347826086,0.1421429930796246,2017 production; 2024 satellite,2024,USD,2024,https://apps.bea.gov/industry/xls/io-annual/Use_SUT_Framework_2017_DET.xlsx;https://apps.bea.gov/industry/xls/io-annual/Supply_2017_DET.xlsx;https://data.bls.gov/cew/data/files/2024/csv/2024_annual_singlefile.zip,07aa2a21151e78ec1462c8f48142d274c153d90aff07bd797e07c6bc8486911e;7a3a403f7a7e8335e61776c1da6c423409d54090acaee597bbae738fa9a6703e;334ac1ec9101f516ed9698859a165666c6f6d08a51b35cb5fc1e1bf62e06b0da,none,resolved
541940,Veterinary services,42489000000.0,0.4531290451646309,0.6962037233166232,6.815398995676058e-06,0.45312904516463093,0.3703524327033249,2017 production; 2024 satellite,2024,USD,2024,https://apps.bea.gov/industry/xls/io-annual/Use_SUT_Framework_2017_DET.xlsx;https://apps.bea.gov/industry/xls/io-annual/Supply_2017_DET.xlsx;https://data.bls.gov/cew/data/files/2024/csv/2024_annual_singlefile.zip,07aa2a21151e78ec1462c8f48142d274c153d90aff07bd797e07c6bc8486911e;7a3a403f7a7e8335e61776c1da6c423409d54090acaee597bbae738fa9a6703e;334ac1ec9101f516ed9698859a165666c6f6d08a51b35cb5fc1e1bf62e06b0da,none,resolved
5419A0,"All other miscellaneous professional, scientific, and technical services",88232000000.0,0.31108894732069997,0.6303835343186146,2.7210672858091438e-06,0.31108894732069997,0.2542599059953852,2017 production; 2024 satellite,2024,USD,2024,https://apps.bea.gov/industry/xls/io-annual/Use_SUT_Framework_2017_DET.xlsx;https://apps.bea.gov/industry/xls/io-annual/Supply_2017_DET.xlsx;https://data.bls.gov/cew/data/files/2024/csv/2024_annual_singlefile.zip,07aa2a21151e78ec1462c8f48142d274c153d90aff07bd797e07c6bc8486911e;7a3a403f7a7e8335e61776c1da6c423409d54090acaee597bbae738fa9a6703e;334ac1ec9101f516ed9698859a165666c6f6d08a51b35cb5fc1e1bf62e06b0da,none,resolved
550000,Management of companies and enterprises,567114000000.0,0.5722271007240167,0.6500015869825114,3.4427719896967e-06,0.5722271007240167,0.4676939187045785,2017 production; 2024 satellite,2024,USD,2024,https://apps.bea.gov/industry/xls/io-annual/Use_SUT_Framework_2017_DET.xlsx;https://apps.bea.gov/industry/xls/io-annual/Supply_2017_DET.xlsx;https://data.bls.gov/cew/data/files/2024/csv/2024_annual_singlefile.zip,07aa2a21151e78ec1462c8f48142d274c153d90aff07bd797e07c6bc8486911e;7a3a403f7a7e8335e61776c1da6c423409d54090acaee597bbae738fa9a6703e;334ac1ec9101f516ed9698859a165666c6f6d08a51b35cb5fc1e1bf62e06b0da,none,resolved
561300,Employment services,385839000000.0,0.45699631193321566,0.643817758184113,7.134520414143835e-06,0.45699631193321566,0.37351323572608797,2017 production; 2024 satellite,2024,USD,2024,https://apps.bea.gov/industry/xls/io-annual/Use_SUT_Framework_2017_DET.xlsx;https://apps.bea.gov/industry/xls/io-annual/Supply_2017_DET.xlsx;https://data.bls.gov/cew/data/files/2024/csv/2024_annual_singlefile.zip,07aa2a21151e78ec1462c8f48142d274c153d90aff07bd797e07c6bc8486911e;7a3a403f7a7e8335e61776c1da6c423409d54090acaee597bbae738fa9a6703e;334ac1ec9101f516ed9698859a165666c6f6d08a51b35cb5fc1e1bf62e06b0da,none,resolved
561700,Services to buildings and dwellings,193478000000.0,0.38847310805362884,0.5160328306060638,7.873227297723018e-06,0.38847310805362884,0.31750769928070155,2017 production; 2024 satellite,2024,USD,2024,https://apps.bea.gov/industry/xls/io-annual/Use_SUT_Framework_2017_DET.xlsx;https://apps.bea.gov/industry/xls/io-annual/Supply_2017_DET.xlsx;https://data.bls.gov/cew/data/files/2024/csv/2024_annual_singlefile.zip,07aa2a21151e78ec1462c8f48142d274c153d90aff07bd797e07c6bc8486911e;7a3a403f7a7e8335e61776c1da6c423409d54090acaee597bbae738fa9a6703e;334ac1ec9101f516ed9698859a165666c6f6d08a51b35cb5fc1e1bf62e06b0da,none,resolved
561100,Office administrative services,64882000000.0,0.5943404950525569,0.6361548657562961,4.962474244315908e-06,0.5943404950525569,0.48576768703237855,2017 production; 2024 satellite,2024,USD,2024,https://apps.bea.gov/industry/xls/io-annual/Use_SUT_Framework_2017_DET.xlsx;https://apps.bea.gov/industry/xls/io-annual/Supply_2017_DET.xlsx;https://data.bls.gov/cew/data/files/2024/csv/2024_annual_singlefile.zip,07aa2a21151e78ec1462c8f48142d274c153d90aff07bd797e07c6bc8486911e;7a3a403f7a7e8335e61776c1da6c423409d54090acaee597bbae738fa9a6703e;334ac1ec9101f516ed9698859a165666c6f6d08a51b35cb5fc1e1bf62e06b0da,none,resolved
561200,Facilities support services,29554000000.0,0.2727887933951411,0.4481288488867835,3.885618984249429e-06,0.2727887933951411,0.22295633953764699,2017 production; 2024 satellite,2024,USD,2024,https://apps.bea.gov/industry/xls/io-annual/Use_SUT_Framework_2017_DET.xlsx;https://apps.bea.gov/industry/xls/io-annual/Supply_2017_DET.xlsx;https://data.bls.gov/cew/data/files/2024/csv/2024_annual_singlefile.zip,07aa2a21151e78ec1462c8f48142d274c153d90aff07bd797e07c6bc8486911e;7a3a403f7a7e8335e61776c1da6c423409d54090acaee597bbae738fa9a6703e;334ac1ec9101f516ed9698859a165666c6f6d08a51b35cb5fc1e1bf62e06b0da,none,resolved
561400,Business support services,79528000000.0,0.4171612513831606,0.5298511216175436,5.628929291495357e-06,0.4171612513831606,0.3409551559935538,2017 production; 2024 satellite,2024,USD,2024,https://apps.bea.gov/industry/xls/io-annual/Use_SUT_Framework_2017_DET.xlsx;https://apps.bea.gov/industry/xls/io-annual/Supply_2017_DET.xlsx;https://data.bls.gov/cew/data/files/2024/csv/2024_annual_singlefile.zip,07aa2a21151e78ec1462c8f48142d274c153d90aff07bd797e07c6bc8486911e;7a3a403f7a7e8335e61776c1da6c423409d54090acaee597bbae738fa9a6703e;334ac1ec9101f516ed9698859a165666c6f6d08a51b35cb5fc1e1bf62e06b0da,none,resolved
561500,Travel arrangement and reservation services,58762000000.0,0.3042442394744903,0.43905925598175694,3.4648054746004278e-06,0.3042442394744903,0.24866557425029423,2017 production; 2024 satellite,2024,USD,2024,https://apps.bea.gov/industry/xls/io-annual/Use_SUT_Framework_2017_DET.xlsx;https://apps.bea.gov/industry/xls/io-annual/Supply_2017_DET.xlsx;https://data.bls.gov/cew/data/files/2024/csv/2024_annual_singlefile.zip,07aa2a21151e78ec1462c8f48142d274c153d90aff07bd797e07c6bc8486911e;7a3a403f7a7e8335e61776c1da6c423409d54090acaee597bbae738fa9a6703e;334ac1ec9101f516ed9698859a165666c6f6d08a51b35cb5fc1e1bf62e06b0da,none,resolved
561600,Investigation and security services,66053000000.0,0.5642892828486216,0.6492059406839962,1.0251059963967904e-05,0.5642892828486216,0.46120616385443314,2017 production; 2024 satellite,2024,USD,2024,https://apps.bea.gov/industry/xls/io-annual/Use_SUT_Framework_2017_DET.xlsx;https://apps.bea.gov/industry/xls/io-annual/Supply_2017_DET.xlsx;https://data.bls.gov/cew/data/files/2024/csv/2024_annual_singlefile.zip,07aa2a21151e78ec1462c8f48142d274c153d90aff07bd797e07c6bc8486911e;7a3a403f7a7e8335e61776c1da6c423409d54090acaee597bbae738fa9a6703e;334ac1ec9101f516ed9698859a165666c6f6d08a51b35cb5fc1e1bf62e06b0da,none,resolved
561900,Other support services,55186000000.0,0.414815351719639,0.5403181966440764,5.988708340854194e-06,0.41481535171963896,0.33903780009563844,2017 production; 2024 satellite,2024,USD,2024,https://apps.bea.gov/industry/xls/io-annual/Use_SUT_Framework_2017_DET.xlsx;https://apps.bea.gov/industry/xls/io-annual/Supply_2017_DET.xlsx;https://data.bls.gov/cew/data/files/2024/csv/2024_annual_singlefile.zip,07aa2a21151e78ec1462c8f48142d274c153d90aff07bd797e07c6bc8486911e;7a3a403f7a7e8335e61776c1da6c423409d54090acaee597bbae738fa9a6703e;334ac1ec9101f516ed9698859a165666c6f6d08a51b35cb5fc1e1bf62e06b0da,none,resolved
562000,Waste management and remediation services,113865000000.0,0.2651824529047556,0.451482018179423,3.007069754888384e-06,0.2651824529047556,0.21673950851645168,2017 production; 2024 satellite,2024,USD,2024,https://apps.bea.gov/industry/xls/io-annual/Use_SUT_Framework_2017_DET.xlsx;https://apps.bea.gov/industry/xls/io-annual/Supply_2017_DET.xlsx;https://data.bls.gov/cew/data/files/2024/csv/2024_annual_singlefile.zip,07aa2a21151e78ec1462c8f48142d274c153d90aff07bd797e07c6bc8486911e;7a3a403f7a7e8335e61776c1da6c423409d54090acaee597bbae738fa9a6703e;334ac1ec9101f516ed9698859a165666c6f6d08a51b35cb5fc1e1bf62e06b0da,none,resolved
611100,Elementary and secondary schools,48099000000.0,0.7185804278675232,0.7699744277427805,1.2558005679795622e-05,0.7185804278675232,0.5873117435167805,2017 production; 2024 satellite,2024,USD,2024,https://apps.bea.gov/industry/xls/io-annual/Use_SUT_Framework_2017_DET.xlsx;https://apps.bea.gov/industry/xls/io-annual/Supply_2017_DET.xlsx;https://data.bls.gov/cew/data/files/2024/csv/2024_annual_singlefile.zip,07aa2a21151e78ec1462c8f48142d274c153d90aff07bd797e07c6bc8486911e;7a3a403f7a7e8335e61776c1da6c423409d54090acaee597bbae738fa9a6703e;334ac1ec9101f516ed9698859a165666c6f6d08a51b35cb5fc1e1bf62e06b0da,none,resolved
611A00,"Junior colleges, colleges, universities, and professional schools",233920000000.0,0.520733584131327,0.7206908344733242,6.602307522720687e-06,0.520733584131327,0.4256071239116671,2017 production; 2024 satellite,2024,USD,2024,https://apps.bea.gov/industry/xls/io-annual/Use_SUT_Framework_2017_DET.xlsx;https://apps.bea.gov/industry/xls/io-annual/Supply_2017_DET.xlsx;https://data.bls.gov/cew/data/files/2024/csv/2024_annual_singlefile.zip,07aa2a21151e78ec1462c8f48142d274c153d90aff07bd797e07c6bc8486911e;7a3a403f7a7e8335e61776c1da6c423409d54090acaee597bbae738fa9a6703e;334ac1ec9101f516ed9698859a165666c6f6d08a51b35cb5fc1e1bf62e06b0da,none,resolved
611B00,Other educational services,74574000000.0,0.4833856303805616,0.5242041462171803,8.878744437869351e-06,0.48338563038056165,0.39508181180535135,2017 production; 2024 satellite,2024,USD,2024,https://apps.bea.gov/industry/xls/io-annual/Use_SUT_Framework_2017_DET.xlsx;https://apps.bea.gov/industry/xls/io-annual/Supply_2017_DET.xlsx;https://data.bls.gov/cew/data/files/2024/csv/2024_annual_singlefile.zip,07aa2a21151e78ec1462c8f48142d274c153d90aff07bd797e07c6bc8486911e;7a3a403f7a7e8335e61776c1da6c423409d54090acaee597bbae738fa9a6703e;334ac1ec9101f516ed9698859a165666c6f6d08a51b35cb5fc1e1bf62e06b0da,none,resolved
621100,Offices of physicians,494361000000.0,0.5648726335613043,0.6222335499766365,4.2125049194755095e-06,0.5648726335613043,0.4616829493482494,2017 production; 2024 satellite,2024,USD,2024,https://apps.bea.gov/industry/xls/io-annual/Use_SUT_Framework_2017_DET.xlsx;https://apps.bea.gov/industry/xls/io-annual/Supply_2017_DET.xlsx;https://data.bls.gov/cew/data/files/2024/csv/2024_annual_singlefile.zip,07aa2a21151e78ec1462c8f48142d274c153d90aff07bd797e07c6bc8486911e;7a3a403f7a7e8335e61776c1da6c423409d54090acaee597bbae738fa9a6703e;334ac1ec9101f516ed9698859a165666c6f6d08a51b35cb5fc1e1bf62e06b0da,none,resolved
621200,Offices of dentists,129727000000.0,0.44610605348154203,0.7648523437680668,5.61507774274332e-06,0.44610605348154203,0.36461238561863146,2017 production; 2024 satellite,2024,USD,2024,https://apps.bea.gov/industry/xls/io-annual/Use_SUT_Framework_2017_DET.xlsx;https://apps.bea.gov/industry/xls/io-annual/Supply_2017_DET.xlsx;https://data.bls.gov/cew/data/files/2024/csv/2024_annual_singlefile.zip,07aa2a21151e78ec1462c8f48142d274c153d90aff07bd797e07c6bc8486911e;7a3a403f7a7e8335e61776c1da6c423409d54090acaee597bbae738fa9a6703e;334ac1ec9101f516ed9698859a165666c6f6d08a51b35cb5fc1e1bf62e06b0da,none,resolved
621300,Offices of other health practitioners,103796000000.0,0.41718370650121395,0.7482176577132067,6.555032281806934e-06,0.417183706501214,0.34097350906027163,2017 production; 2024 satellite,2024,USD,2024,https://apps.bea.gov/industry/xls/io-annual/Use_SUT_Framework_2017_DET.xlsx;https://apps.bea.gov/industry/xls/io-annual/Supply_2017_DET.xlsx;https://data.bls.gov/cew/data/files/2024/csv/2024_annual_singlefile.zip,07aa2a21151e78ec1462c8f48142d274c153d90aff07bd797e07c6bc8486911e;7a3a403f7a7e8335e61776c1da6c423409d54090acaee597bbae738fa9a6703e;334ac1ec9101f516ed9698859a165666c6f6d08a51b35cb5fc1e1bf62e06b0da,none,resolved
621400,Outpatient care centers,163091000000.0,0.45317644750476727,0.6176735687438302,5.4178208800662485e-06,0.4531764475047673,0.3703911756887342,2017 production; 2024 satellite,2024,USD,2024,https://apps.bea.gov/industry/xls/io-annual/Use_SUT_Framework_2017_DET.xlsx;https://apps.bea.gov/industry/xls/io-annual/Supply_2017_DET.xlsx;https://data.bls.gov/cew/data/files/2024/csv/2024_annual_singlefile.zip,07aa2a21151e78ec1462c8f48142d274c153d90aff07bd797e07c6bc8486911e;7a3a403f7a7e8335e61776c1da6c423409d54090acaee597bbae738fa9a6703e;334ac1ec9101f516ed9698859a165666c6f6d08a51b35cb5fc1e1bf62e06b0da,none,resolved
621500,Medical and diagnostic laboratories,55022000000.0,0.3792483006797281,0.7189669586710771,3.9954096002847504e-06,0.3792483006797281,0.3099680593291234,2017 production; 2024 satellite,2024,USD,2024,https://apps.bea.gov/industry/xls/io-annual/Use_SUT_Framework_2017_DET.xlsx;https://apps.bea.gov/industry/xls/io-annual/Supply_2017_DET.xlsx;https://data.bls.gov/cew/data/files/2024/csv/2024_annual_singlefile.zip,07aa2a21151e78ec1462c8f48142d274c153d90aff07bd797e07c6bc8486911e;7a3a403f7a7e8335e61776c1da6c423409d54090acaee597bbae738fa9a6703e;334ac1ec9101f516ed9698859a165666c6f6d08a51b35cb5fc1e1bf62e06b0da,none,resolved
621600,Home health care services,90118000000.0,0.5870858208127122,0.7230852881777226,1.088273709746178e-05,0.5870858208127122,0.4798382806483307,2017 production; 2024 satellite,2024,USD,2024,https://apps.bea.gov/industry/xls/io-annual/Use_SUT_Framework_2017_DET.xlsx;https://apps.bea.gov/industry/xls/io-annual/Supply_2017_DET.xlsx;https://data.bls.gov/cew/data/files/2024/csv/2024_annual_singlefile.zip,07aa2a21151e78ec1462c8f48142d274c153d90aff07bd797e07c6bc8486911e;7a3a403f7a7e8335e61776c1da6c423409d54090acaee597bbae738fa9a6703e;334ac1ec9101f516ed9698859a165666c6f6d08a51b35cb5fc1e1bf62e06b0da,none,resolved
621900,Other ambulatory health care services,34752000000.0,0.49208678637200737,0.524689226519337,6.154681432798535e-06,0.49208678637200737,0.402193459851643,2017 production; 2024 satellite,2024,USD,2024,https://apps.bea.gov/industry/xls/io-annual/Use_SUT_Framework_2017_DET.xlsx;https://apps.bea.gov/industry/xls/io-annual/Supply_2017_DET.xlsx;https://data.bls.gov/cew/data/files/2024/csv/2024_annual_singlefile.zip,07aa2a21151e78ec1462c8f48142d274c153d90aff07bd797e07c6bc8486911e;7a3a403f7a7e8335e61776c1da6c423409d54090acaee597bbae738fa9a6703e;334ac1ec9101f516ed9698859a165666c6f6d08a51b35cb5fc1e1bf62e06b0da,none,resolved
622000,Hospitals,843933000000.0,0.46955623254452666,0.573404523818834,4.893644029328754e-06,0.46955623254452666,0.3837787378001597,2017 production; 2024 satellite,2024,USD,2024,https://apps.bea.gov/industry/xls/io-annual/Use_SUT_Framework_2017_DET.xlsx;https://apps.bea.gov/industry/xls/io-annual/Supply_2017_DET.xlsx;https://data.bls.gov/cew/data/files/2024/csv/2024_annual_singlefile.zip,07aa2a21151e78ec1462c8f48142d274c153d90aff07bd797e07c6bc8486911e;7a3a403f7a7e8335e61776c1da6c423409d54090acaee597bbae738fa9a6703e;334ac1ec9101f516ed9698859a165666c6f6d08a51b35cb5fc1e1bf62e06b0da,none,resolved
623A00,Nursing and community care facilities,186186000000.0,0.5277249632088342,0.581262823198307,9.839688853412132e-06,0.5277249632088342,0.4313213333116962,2017 production; 2024 satellite,2024,USD,2024,https://apps.bea.gov/industry/xls/io-annual/Use_SUT_Framework_2017_DET.xlsx;https://apps.bea.gov/industry/xls/io-annual/Supply_2017_DET.xlsx;https://data.bls.gov/cew/data/files/2024/csv/2024_annual_singlefile.zip,07aa2a21151e78ec1462c8f48142d274c153d90aff07bd797e07c6bc8486911e;7a3a403f7a7e8335e61776c1da6c423409d54090acaee597bbae738fa9a6703e;334ac1ec9101f516ed9698859a165666c6f6d08a51b35cb5fc1e1bf62e06b0da,none,resolved
623B00,"Residential mental health, substance abuse, and other residential care facilities",54735000000.0,0.6081118114551932,0.6610212843701471,1.1121322127726722e-05,0.6081118114551932,0.49702328979205274,2017 production; 2024 satellite,2024,USD,2024,https://apps.bea.gov/industry/xls/io-annual/Use_SUT_Framework_2017_DET.xlsx;https://apps.bea.gov/industry/xls/io-annual/Supply_2017_DET.xlsx;https://data.bls.gov/cew/data/files/2024/csv/2024_annual_singlefile.zip,07aa2a21151e78ec1462c8f48142d274c153d90aff07bd797e07c6bc8486911e;7a3a403f7a7e8335e61776c1da6c423409d54090acaee597bbae738fa9a6703e;334ac1ec9101f516ed9698859a165666c6f6d08a51b35cb5fc1e1bf62e06b0da,none,resolved
624100,Individual and family services,117803000000.0,0.5839409862227617,0.6426491685271173,1.4391709989254039e-05,0.5839409862227617,0.47726793749053426,2017 production; 2024 satellite,2024,USD,2024,https://apps.bea.gov/industry/xls/io-annual/Use_SUT_Framework_2017_DET.xlsx;https://apps.bea.gov/industry/xls/io-annual/Supply_2017_DET.xlsx;https://data.bls.gov/cew/data/files/2024/csv/2024_annual_singlefile.zip,07aa2a21151e78ec1462c8f48142d274c153d90aff07bd797e07c6bc8486911e;7a3a403f7a7e8335e61776c1da6c423409d54090acaee597bbae738fa9a6703e;334ac1ec9101f516ed9698859a165666c6f6d08a51b35cb5fc1e1bf62e06b0da,none,resolved
624400,Child day care services,52663000000.0,0.48235003702789436,0.5414427586730721,1.3059761412159086e-05,0.48235003702789436,0.3942353983574728,2017 production; 2024 satellite,2024,USD,2024,https://apps.bea.gov/industry/xls/io-annual/Use_SUT_Framework_2017_DET.xlsx;https://apps.bea.gov/industry/xls/io-annual/Supply_2017_DET.xlsx;https://data.bls.gov/cew/data/files/2024/csv/2024_annual_singlefile.zip,07aa2a21151e78ec1462c8f48142d274c153d90aff07bd797e07c6bc8486911e;7a3a403f7a7e8335e61776c1da6c423409d54090acaee597bbae738fa9a6703e;334ac1ec9101f516ed9698859a165666c6f6d08a51b35cb5fc1e1bf62e06b0da,none,resolved
624A00,"Community food, housing, and other relief services, including rehabilitation services",53043000000.0,0.37505420130837247,0.43327111965763626,7.3443773077037585e-06,0.37505420130837247,0.3065401287610957,2017 production; 2024 satellite,2024,USD,2024,https://apps.bea.gov/industry/xls/io-annual/Use_SUT_Framework_2017_DET.xlsx;https://apps.bea.gov/industry/xls/io-annual/Supply_2017_DET.xlsx;https://data.bls.gov/cew/data/files/2024/csv/2024_annual_singlefile.zip,07aa2a21151e78ec1462c8f48142d274c153d90aff07bd797e07c6bc8486911e;7a3a403f7a7e8335e61776c1da6c423409d54090acaee597bbae738fa9a6703e;334ac1ec9101f516ed9698859a165666c6f6d08a51b35cb5fc1e1bf62e06b0da,none,resolved
711100,Performing arts companies,26930000000.0,0.26973635350909764,0.5804307463795024,5.65877380037118e-06,0.26973635350909764,0.2204615126234593,2017 production; 2024 satellite,2024,USD,2024,https://apps.bea.gov/industry/xls/io-annual/Use_SUT_Framework_2017_DET.xlsx;https://apps.bea.gov/industry/xls/io-annual/Supply_2017_DET.xlsx;https://data.bls.gov/cew/data/files/2024/csv/2024_annual_singlefile.zip,07aa2a21151e78ec1462c8f48142d274c153d90aff07bd797e07c6bc8486911e;7a3a403f7a7e8335e61776c1da6c423409d54090acaee597bbae738fa9a6703e;334ac1ec9101f516ed9698859a165666c6f6d08a51b35cb5fc1e1bf62e06b0da,none,resolved
711200,Spectator sports,48962000000.0,0.5302275233854826,0.7298925697479678,6.7905005856869305e-06,0.5302275233854826,0.43336673132645265,2017 production; 2024 satellite,2024,USD,2024,https://apps.bea.gov/industry/xls/io-annual/Use_SUT_Framework_2017_DET.xlsx;https://apps.bea.gov/industry/xls/io-annual/Supply_2017_DET.xlsx;https://data.bls.gov/cew/data/files/2024/csv/2024_annual_singlefile.zip,07aa2a21151e78ec1462c8f48142d274c153d90aff07bd797e07c6bc8486911e;7a3a403f7a7e8335e61776c1da6c423409d54090acaee597bbae738fa9a6703e;334ac1ec9101f516ed9698859a165666c6f6d08a51b35cb5fc1e1bf62e06b0da,none,resolved
711500,"Independent artists, writers, and performers",45205000000.0,0.20185820152637982,0.6971573940935737,2.548785538510851e-06,0.20185820152637982,0.16498319142012063,2017 production; 2024 satellite,2024,USD,2024,https://apps.bea.gov/industry/xls/io-annual/Use_SUT_Framework_2017_DET.xlsx;https://apps.bea.gov/industry/xls/io-annual/Supply_2017_DET.xlsx;https://data.bls.gov/cew/data/files/2024/csv/2024_annual_singlefile.zip,07aa2a21151e78ec1462c8f48142d274c153d90aff07bd797e07c6bc8486911e;7a3a403f7a7e8335e61776c1da6c423409d54090acaee597bbae738fa9a6703e;334ac1ec9101f516ed9698859a165666c6f6d08a51b35cb5fc1e1bf62e06b0da,none,resolved
711A00,Promoters of performing arts and sports and agents for public figures,51321000000.0,0.19859316848853295,0.507570000584556,4.068684105167051e-06,0.19859316848853295,0.162314607401226,2017 production; 2024 satellite,2024,USD,2024,https://apps.bea.gov/industry/xls/io-annual/Use_SUT_Framework_2017_DET.xlsx;https://apps.bea.gov/industry/xls/io-annual/Supply_2017_DET.xlsx;https://data.bls.gov/cew/data/files/2024/csv/2024_annual_singlefile.zip,07aa2a21151e78ec1462c8f48142d274c153d90aff07bd797e07c6bc8486911e;7a3a403f7a7e8335e61776c1da6c423409d54090acaee597bbae738fa9a6703e;334ac1ec9101f516ed9698859a165666c6f6d08a51b35cb5fc1e1bf62e06b0da,none,resolved
712000,"Museums, historical sites, zoos, and parks",20528000000.0,0.3397798129384256,0.5757989088074824,7.111222308433332e-06,0.3397798129384256,0.2777095876948409,2017 production; 2024 satellite,2024,USD,2024,https://apps.bea.gov/industry/xls/io-annual/Use_SUT_Framework_2017_DET.xlsx;https://apps.bea.gov/industry/xls/io-annual/Supply_2017_DET.xlsx;https://data.bls.gov/cew/data/files/2024/csv/2024_annual_singlefile.zip,07aa2a21151e78ec1462c8f48142d274c153d90aff07bd797e07c6bc8486911e;7a3a403f7a7e8335e61776c1da6c423409d54090acaee597bbae738fa9a6703e;334ac1ec9101f516ed9698859a165666c6f6d08a51b35cb5fc1e1bf62e06b0da,none,resolved
713100,Amusement parks and arcades,21158000000.0,0.37867473296152754,0.6243028641648549,1.1726264680485327e-05,0.37867473296152754,0.30949926969397984,2017 production; 2024 satellite,2024,USD,2024,https://apps.bea.gov/industry/xls/io-annual/Use_SUT_Framework_2017_DET.xlsx;https://apps.bea.gov/industry/xls/io-annual/Supply_2017_DET.xlsx;https://data.bls.gov/cew/data/files/2024/csv/2024_annual_singlefile.zip,07aa2a21151e78ec1462c8f48142d274c153d90aff07bd797e07c6bc8486911e;7a3a403f7a7e8335e61776c1da6c423409d54090acaee597bbae738fa9a6703e;334ac1ec9101f516ed9698859a165666c6f6d08a51b35cb5fc1e1bf62e06b0da,none,resolved
713200,Gambling industries (except casino hotels),35404000000.0,0.2571178397921139,0.5438086091967009,4.7375877041499075e-06,0.2571178397921139,0.2101481211027562,2017 production; 2024 satellite,2024,USD,2024,https://apps.bea.gov/industry/xls/io-annual/Use_SUT_Framework_2017_DET.xlsx;https://apps.bea.gov/industry/xls/io-annual/Supply_2017_DET.xlsx;https://data.bls.gov/cew/data/files/2024/csv/2024_annual_singlefile.zip,07aa2a21151e78ec1462c8f48142d274c153d90aff07bd797e07c6bc8486911e;7a3a403f7a7e8335e61776c1da6c423409d54090acaee597bbae738fa9a6703e;334ac1ec9101f516ed9698859a165666c6f6d08a51b35cb5fc1e1bf62e06b0da,none,resolved
713900,Other amusement and recreation industries,87055000000.0,0.4259605996209293,0.5124116937568204,1.358113580576757e-05,0.4259605996209293,0.3481470587436354,2017 production; 2024 satellite,2024,USD,2024,https://apps.bea.gov/industry/xls/io-annual/Use_SUT_Framework_2017_DET.xlsx;https://apps.bea.gov/industry/xls/io-annual/Supply_2017_DET.xlsx;https://data.bls.gov/cew/data/files/2024/csv/2024_annual_singlefile.zip,07aa2a21151e78ec1462c8f48142d274c153d90aff07bd797e07c6bc8486911e;7a3a403f7a7e8335e61776c1da6c423409d54090acaee597bbae738fa9a6703e;334ac1ec9101f516ed9698859a165666c6f6d08a51b35cb5fc1e1bf62e06b0da,none,resolved
721000,Accommodation,258207000000.0,0.3203747380977278,0.5870871045324101,6.975634195977043e-06,0.3203747380977278,0.2618493890367932,2017 production; 2024 satellite,2024,USD,2024,https://apps.bea.gov/industry/xls/io-annual/Use_SUT_Framework_2017_DET.xlsx;https://apps.bea.gov/industry/xls/io-annual/Supply_2017_DET.xlsx;https://data.bls.gov/cew/data/files/2024/csv/2024_annual_singlefile.zip,07aa2a21151e78ec1462c8f48142d274c153d90aff07bd797e07c6bc8486911e;7a3a403f7a7e8335e61776c1da6c423409d54090acaee597bbae738fa9a6703e;334ac1ec9101f516ed9698859a165666c6f6d08a51b35cb5fc1e1bf62e06b0da,none,resolved
722110,Full-service restaurants,347105000000.0,0.44189222281442214,0.5606113423891906,1.2807034501765517e-05,0.44189222281442214,0.3611683282243395,2017 production; 2024 satellite,2024,USD,2024,https://apps.bea.gov/industry/xls/io-annual/Use_SUT_Framework_2017_DET.xlsx;https://apps.bea.gov/industry/xls/io-annual/Supply_2017_DET.xlsx;https://data.bls.gov/cew/data/files/2024/csv/2024_annual_singlefile.zip,07aa2a21151e78ec1462c8f48142d274c153d90aff07bd797e07c6bc8486911e;7a3a403f7a7e8335e61776c1da6c423409d54090acaee597bbae738fa9a6703e;334ac1ec9101f516ed9698859a165666c6f6d08a51b35cb5fc1e1bf62e06b0da,none,resolved
722211,Limited-service restaurants,317136000000.0,0.2920797386610161,0.41771984259119116,1.0452971297451768e-05,0.2920797386610161,0.2387232575593504,2017 production; 2024 satellite,2024,USD,2024,https://apps.bea.gov/industry/xls/io-annual/Use_SUT_Framework_2017_DET.xlsx;https://apps.bea.gov/industry/xls/io-annual/Supply_2017_DET.xlsx;https://data.bls.gov/cew/data/files/2024/csv/2024_annual_singlefile.zip,07aa2a21151e78ec1462c8f48142d274c153d90aff07bd797e07c6bc8486911e;7a3a403f7a7e8335e61776c1da6c423409d54090acaee597bbae738fa9a6703e;334ac1ec9101f516ed9698859a165666c6f6d08a51b35cb5fc1e1bf62e06b0da,none,resolved
722A00,All other food and drinking places,100899000000.0,0.5156047136245157,0.6109376703436109,1.8624160663533194e-05,0.5156047136245157,0.4214151841331703,2017 production; 2024 satellite,2024,USD,2024,https://apps.bea.gov/industry/xls/io-annual/Use_SUT_Framework_2017_DET.xlsx;https://apps.bea.gov/industry/xls/io-annual/Supply_2017_DET.xlsx;https://data.bls.gov/cew/data/files/2024/csv/2024_annual_singlefile.zip,07aa2a21151e78ec1462c8f48142d274c153d90aff07bd797e07c6bc8486911e;7a3a403f7a7e8335e61776c1da6c423409d54090acaee597bbae738fa9a6703e;334ac1ec9101f516ed9698859a165666c6f6d08a51b35cb5fc1e1bf62e06b0da,none,resolved
811100,Automotive repair and maintenance (including car washes),131352000000.0,0.3462680431207747,0.5393827273280954,5.307523863997088e-06,0.3462680431207747,0.28301256232781574,2017 production; 2024 satellite,2024,USD,2024,https://apps.bea.gov/industry/xls/io-annual/Use_SUT_Framework_2017_DET.xlsx;https://apps.bea.gov/industry/xls/io-annual/Supply_2017_DET.xlsx;https://data.bls.gov/cew/data/files/2024/csv/2024_annual_singlefile.zip,07aa2a21151e78ec1462c8f48142d274c153d90aff07bd797e07c6bc8486911e;7a3a403f7a7e8335e61776c1da6c423409d54090acaee597bbae738fa9a6703e;334ac1ec9101f516ed9698859a165666c6f6d08a51b35cb5fc1e1bf62e06b0da,none,resolved
811200,Electronic and precision equipment repair and maintenance,20997000000.0,0.4123922465114064,0.6276610944420632,4.313006187706895e-06,0.4123922465114064,0.33705734239127966,2017 production; 2024 satellite,2024,USD,2024,https://apps.bea.gov/industry/xls/io-annual/Use_SUT_Framework_2017_DET.xlsx;https://apps.bea.gov/industry/xls/io-annual/Supply_2017_DET.xlsx;https://data.bls.gov/cew/data/files/2024/csv/2024_annual_singlefile.zip,07aa2a21151e78ec1462c8f48142d274c153d90aff07bd797e07c6bc8486911e;7a3a403f7a7e8335e61776c1da6c423409d54090acaee597bbae738fa9a6703e;334ac1ec9101f516ed9698859a165666c6f6d08a51b35cb5fc1e1bf62e06b0da,none,resolved
811300,Commercial and industrial machinery and equipment repair and maintenance,42351000000.0,0.3555760194564473,0.5729970957002196,3.618333210331758e-06,0.35557601945644735,0.29062017811904994,2017 production; 2024 satellite,2024,USD,2024,https://apps.bea.gov/industry/xls/io-annual/Use_SUT_Framework_2017_DET.xlsx;https://apps.bea.gov/industry/xls/io-annual/Supply_2017_DET.xlsx;https://data.bls.gov/cew/data/files/2024/csv/2024_annual_singlefile.zip,07aa2a21151e78ec1462c8f48142d274c153d90aff07bd797e07c6bc8486911e;7a3a403f7a7e8335e61776c1da6c423409d54090acaee597bbae738fa9a6703e;334ac1ec9101f516ed9698859a165666c6f6d08a51b35cb5fc1e1bf62e06b0da,none,resolved
811400,Personal and household goods repair and maintenance,23952000000.0,0.2648630594522378,0.5179943219772879,4.665215687594053e-06,0.2648630594522378,0.21647846115391392,2017 production; 2024 satellite,2024,USD,2024,https://apps.bea.gov/industry/xls/io-annual/Use_SUT_Framework_2017_DET.xlsx;https://apps.bea.gov/industry/xls/io-annual/Supply_2017_DET.xlsx;https://data.bls.gov/cew/data/files/2024/csv/2024_annual_singlefile.zip,07aa2a21151e78ec1462c8f48142d274c153d90aff07bd797e07c6bc8486911e;7a3a403f7a7e8335e61776c1da6c423409d54090acaee597bbae738fa9a6703e;334ac1ec9101f516ed9698859a165666c6f6d08a51b35cb5fc1e1bf62e06b0da,none,resolved
812100,Personal care services,79575000000.0,0.37585925227772543,0.5456236255105247,9.063088135487406e-06,0.3758592522777255,0.3071981147986972,2017 production; 2024 satellite,2024,USD,2024,https://apps.bea.gov/industry/xls/io-annual/Use_SUT_Framework_2017_DET.xlsx;https://apps.bea.gov/industry/xls/io-annual/Supply_2017_DET.xlsx;https://data.bls.gov/cew/data/files/2024/csv/2024_annual_singlefile.zip,07aa2a21151e78ec1462c8f48142d274c153d90aff07bd797e07c6bc8486911e;7a3a403f7a7e8335e61776c1da6c423409d54090acaee597bbae738fa9a6703e;334ac1ec9101f516ed9698859a165666c6f6d08a51b35cb5fc1e1bf62e06b0da,none,resolved
812200,Death care services,23216000000.0,0.333433838731909,0.5880427291523087,5.845485032537145e-06,0.333433838731909,0.27252288203044883,2017 production; 2024 satellite,2024,USD,2024,https://apps.bea.gov/industry/xls/io-annual/Use_SUT_Framework_2017_DET.xlsx;https://apps.bea.gov/industry/xls/io-annual/Supply_2017_DET.xlsx;https://data.bls.gov/cew/data/files/2024/csv/2024_annual_singlefile.zip,07aa2a21151e78ec1462c8f48142d274c153d90aff07bd797e07c6bc8486911e;7a3a403f7a7e8335e61776c1da6c423409d54090acaee597bbae738fa9a6703e;334ac1ec9101f516ed9698859a165666c6f6d08a51b35cb5fc1e1bf62e06b0da,none,resolved
812300,Dry-cleaning and laundry services,28173000000.0,0.47719447698150713,0.6491321478010862,9.443110087178171e-06,0.47719447698150713,0.3900216446255003,2017 production; 2024 satellite,2024,USD,2024,https://apps.bea.gov/industry/xls/io-annual/Use_SUT_Framework_2017_DET.xlsx;https://apps.bea.gov/industry/xls/io-annual/Supply_2017_DET.xlsx;https://data.bls.gov/cew/data/files/2024/csv/2024_annual_singlefile.zip,07aa2a21151e78ec1462c8f48142d274c153d90aff07bd797e07c6bc8486911e;7a3a403f7a7e8335e61776c1da6c423409d54090acaee597bbae738fa9a6703e;334ac1ec9101f516ed9698859a165666c6f6d08a51b35cb5fc1e1bf62e06b0da,none,resolved
812900,Other personal services,67381000000.0,0.2734598774135142,0.5174900936465769,6.84897684308347e-06,0.2734598774135142,0.22350483141077881,2017 production; 2024 satellite,2024,USD,2024,https://apps.bea.gov/industry/xls/io-annual/Use_SUT_Framework_2017_DET.xlsx;https://apps.bea.gov/industry/xls/io-annual/Supply_2017_DET.xlsx;https://data.bls.gov/cew/data/files/2024/csv/2024_annual_singlefile.zip,07aa2a21151e78ec1462c8f48142d274c153d90aff07bd797e07c6bc8486911e;7a3a403f7a7e8335e61776c1da6c423409d54090acaee597bbae738fa9a6703e;334ac1ec9101f516ed9698859a165666c6f6d08a51b35cb5fc1e1bf62e06b0da,none,resolved
813100,Religious organizations,100432000000.0,0.5691213955711327,0.6895411820933567,1.1724916799473757e-05,0.5691213955711327,0.46515555690476945,2017 production; 2024 satellite,2024,USD,2024,https://apps.bea.gov/industry/xls/io-annual/Use_SUT_Framework_2017_DET.xlsx;https://apps.bea.gov/industry/xls/io-annual/Supply_2017_DET.xlsx;https://data.bls.gov/cew/data/files/2024/csv/2024_annual_singlefile.zip,07aa2a21151e78ec1462c8f48142d274c153d90aff07bd797e07c6bc8486911e;7a3a403f7a7e8335e61776c1da6c423409d54090acaee597bbae738fa9a6703e;334ac1ec9101f516ed9698859a165666c6f6d08a51b35cb5fc1e1bf62e06b0da,none,resolved
813A00,"Grantmaking, giving, and social advocacy organizations",59649000000.0,0.493352780432195,0.6572448825629935,6.051328227884472e-06,0.493352780432195,0.40322818491502554,2017 production; 2024 satellite,2024,USD,2024,https://apps.bea.gov/industry/xls/io-annual/Use_SUT_Framework_2017_DET.xlsx;https://apps.bea.gov/industry/xls/io-annual/Supply_2017_DET.xlsx;https://data.bls.gov/cew/data/files/2024/csv/2024_annual_singlefile.zip,07aa2a21151e78ec1462c8f48142d274c153d90aff07bd797e07c6bc8486911e;7a3a403f7a7e8335e61776c1da6c423409d54090acaee597bbae738fa9a6703e;334ac1ec9101f516ed9698859a165666c6f6d08a51b35cb5fc1e1bf62e06b0da,none,resolved
813B00,"Civic, social, professional, and similar organizations",99722000000.0,0.5531076392370791,0.6187100138384709,9.324107406662993e-06,0.5531076392370791,0.45206715818409093,2017 production; 2024 satellite,2024,USD,2024,https://apps.bea.gov/industry/xls/io-annual/Use_SUT_Framework_2017_DET.xlsx;https://apps.bea.gov/industry/xls/io-annual/Supply_2017_DET.xlsx;https://data.bls.gov/cew/data/files/2024/csv/2024_annual_singlefile.zip,07aa2a21151e78ec1462c8f48142d274c153d90aff07bd797e07c6bc8486911e;7a3a403f7a7e8335e61776c1da6c423409d54090acaee597bbae738fa9a6703e;334ac1ec9101f516ed9698859a165666c6f6d08a51b35cb5fc1e1bf62e06b0da,none,resolved
814000,Private households,18684000000.0,1.0,1.0,2.287534654928529e-05,1.0,0.8173222102078416,2017 production; 2024 satellite,2024,USD,2024,https://apps.bea.gov/industry/xls/io-annual/Use_SUT_Framework_2017_DET.xlsx;https://apps.bea.gov/industry/xls/io-annual/Supply_2017_DET.xlsx;https://data.bls.gov/cew/data/files/2024/csv/2024_annual_singlefile.zip,07aa2a21151e78ec1462c8f48142d274c153d90aff07bd797e07c6bc8486911e;7a3a403f7a7e8335e61776c1da6c423409d54090acaee597bbae738fa9a6703e;334ac1ec9101f516ed9698859a165666c6f6d08a51b35cb5fc1e1bf62e06b0da,none,resolved
S00500,Federal general government (defense),624290000000.0,0.39420301462461355,0.6497284915664194,4.696962947549143e-06,0.39420301462461355,0.3221908791835832,2017 production; 2024 satellite,2024,USD,2024,https://apps.bea.gov/industry/xls/io-annual/Use_SUT_Framework_2017_DET.xlsx;https://apps.bea.gov/industry/xls/io-annual/Supply_2017_DET.xlsx;https://data.bls.gov/cew/data/files/2024/csv/2024_annual_singlefile.zip,07aa2a21151e78ec1462c8f48142d274c153d90aff07bd797e07c6bc8486911e;7a3a403f7a7e8335e61776c1da6c423409d54090acaee597bbae738fa9a6703e;334ac1ec9101f516ed9698859a165666c6f6d08a51b35cb5fc1e1bf62e06b0da,none,resolved
S00600,Federal general government (nondefense),405353000000.0,0.4544680809072586,0.7315253618451079,5.4150264144932715e-06,0.4544680809072586,0.37144685635603675,2017 production; 2024 satellite,2024,USD,2024,https://apps.bea.gov/industry/xls/io-annual/Use_SUT_Framework_2017_DET.xlsx;https://apps.bea.gov/industry/xls/io-annual/Supply_2017_DET.xlsx;https://data.bls.gov/cew/data/files/2024/csv/2024_annual_singlefile.zip,07aa2a21151e78ec1462c8f48142d274c153d90aff07bd797e07c6bc8486911e;7a3a403f7a7e8335e61776c1da6c423409d54090acaee597bbae738fa9a6703e;334ac1ec9101f516ed9698859a165666c6f6d08a51b35cb5fc1e1bf62e06b0da,none,resolved
491000,Postal service,69731000000.0,0.7779753624643272,0.8178571940743715,1.3289486730783209e-05,0.7779753624643272,0.6358565427365904,2017 production; 2024 satellite,2024,USD,2024,https://apps.bea.gov/industry/xls/io-annual/Use_SUT_Framework_2017_DET.xlsx;https://apps.bea.gov/industry/xls/io-annual/Supply_2017_DET.xlsx;https://data.bls.gov/cew/data/files/2024/csv/2024_annual_singlefile.zip,07aa2a21151e78ec1462c8f48142d274c153d90aff07bd797e07c6bc8486911e;7a3a403f7a7e8335e61776c1da6c423409d54090acaee597bbae738fa9a6703e;334ac1ec9101f516ed9698859a165666c6f6d08a51b35cb5fc1e1bf62e06b0da,none,resolved
S00101,Federal electric utilities,15873000000.0,0.1258111258111258,0.41346941346941346,1.4990504242770053e-06,0.1258111258111258,0.10282822741668615,2017 production; 2024 satellite,2024,USD,2024,https://apps.bea.gov/industry/xls/io-annual/Use_SUT_Framework_2017_DET.xlsx;https://apps.bea.gov/industry/xls/io-annual/Supply_2017_DET.xlsx;https://data.bls.gov/cew/data/files/2024/csv/2024_annual_singlefile.zip,07aa2a21151e78ec1462c8f48142d274c153d90aff07bd797e07c6bc8486911e;7a3a403f7a7e8335e61776c1da6c423409d54090acaee597bbae738fa9a6703e;334ac1ec9101f516ed9698859a165666c6f6d08a51b35cb5fc1e1bf62e06b0da,none,resolved
S00102,Other federal government enterprises,15546000000.0,0.19123890389810883,0.4536858355847163,2.278628048024175e-06,0.19123890389810883,0.1563038036117273,2017 production; 2024 satellite,2024,USD,2024,https://apps.bea.gov/industry/xls/io-annual/Use_SUT_Framework_2017_DET.xlsx;https://apps.bea.gov/industry/xls/io-annual/Supply_2017_DET.xlsx;https://data.bls.gov/cew/data/files/2024/csv/2024_annual_singlefile.zip,07aa2a21151e78ec1462c8f48142d274c153d90aff07bd797e07c6bc8486911e;7a3a403f7a7e8335e61776c1da6c423409d54090acaee597bbae738fa9a6703e;334ac1ec9101f516ed9698859a165666c6f6d08a51b35cb5fc1e1bf62e06b0da,none,resolved
GSLGE,State and local government (educational services),1019982000000.0,0.7173146192775951,0.7923522179803173,8.546865608550869e-06,0.7173146192775951,0.5862771700423604,2017 production; 2024 satellite,2024,USD,2024,https://apps.bea.gov/industry/xls/io-annual/Use_SUT_Framework_2017_DET.xlsx;https://apps.bea.gov/industry/xls/io-annual/Supply_2017_DET.xlsx;https://data.bls.gov/cew/data/files/2024/csv/2024_annual_singlefile.zip,07aa2a21151e78ec1462c8f48142d274c153d90aff07bd797e07c6bc8486911e;7a3a403f7a7e8335e61776c1da6c423409d54090acaee597bbae738fa9a6703e;334ac1ec9101f516ed9698859a165666c6f6d08a51b35cb5fc1e1bf62e06b0da,none,resolved
GSLGH,State and local government (hospitals and health services),312935000000.0,0.44519149344112996,0.5023247639286114,5.304495074063018e-06,0.44519149344112996,0.3638648953850341,2017 production; 2024 satellite,2024,USD,2024,https://apps.bea.gov/industry/xls/io-annual/Use_SUT_Framework_2017_DET.xlsx;https://apps.bea.gov/industry/xls/io-annual/Supply_2017_DET.xlsx;https://data.bls.gov/cew/data/files/2024/csv/2024_annual_singlefile.zip,07aa2a21151e78ec1462c8f48142d274c153d90aff07bd797e07c6bc8486911e;7a3a403f7a7e8335e61776c1da6c423409d54090acaee597bbae738fa9a6703e;334ac1ec9101f516ed9698859a165666c6f6d08a51b35cb5fc1e1bf62e06b0da,none,resolved
GSLGO,State and local government (other services),935967000000.0,0.49996634496729053,0.619138281584714,5.95714215825865e-06,0.49996634496729053,0.40863359809820204,2017 production; 2024 satellite,2024,USD,2024,https://apps.bea.gov/industry/xls/io-annual/Use_SUT_Framework_2017_DET.xlsx;https://apps.bea.gov/industry/xls/io-annual/Supply_2017_DET.xlsx;https://data.bls.gov/cew/data/files/2024/csv/2024_annual_singlefile.zip,07aa2a21151e78ec1462c8f48142d274c153d90aff07bd797e07c6bc8486911e;7a3a403f7a7e8335e61776c1da6c423409d54090acaee597bbae738fa9a6703e;334ac1ec9101f516ed9698859a165666c6f6d08a51b35cb5fc1e1bf62e06b0da,none,resolved
S00201,State and local government passenger transit,16928000000.0,1.5861294896030245,-0.5948133270321361,1.889886978610455e-05,1.5861294896030245,1.2963788601181796,2017 production; 2024 satellite,2024,USD,2024,https://apps.bea.gov/industry/xls/io-annual/Use_SUT_Framework_2017_DET.xlsx;https://apps.bea.gov/industry/xls/io-annual/Supply_2017_DET.xlsx;https://data.bls.gov/cew/data/files/2024/csv/2024_annual_singlefile.zip,07aa2a21151e78ec1462c8f48142d274c153d90aff07bd797e07c6bc8486911e;7a3a403f7a7e8335e61776c1da6c423409d54090acaee597bbae738fa9a6703e;334ac1ec9101f516ed9698859a165666c6f6d08a51b35cb5fc1e1bf62e06b0da,none,resolved
S00202,State and local government electric utilities,63412000000.0,0.16090014508294959,0.46506970289535104,1.9171391178465838e-06,0.16090014508294956,0.1315072622019587,2017 production; 2024 satellite,2024,USD,2024,https://apps.bea.gov/industry/xls/io-annual/Use_SUT_Framework_2017_DET.xlsx;https://apps.bea.gov/industry/xls/io-annual/Supply_2017_DET.xlsx;https://data.bls.gov/cew/data/files/2024/csv/2024_annual_singlefile.zip,07aa2a21151e78ec1462c8f48142d274c153d90aff07bd797e07c6bc8486911e;7a3a403f7a7e8335e61776c1da6c423409d54090acaee597bbae738fa9a6703e;334ac1ec9101f516ed9698859a165666c6f6d08a51b35cb5fc1e1bf62e06b0da,none,resolved
S00203,Other state and local government enterprises,292843000000.0,0.23896422315028873,0.4918574116506114,2.8472793466473137e-06,0.23896422315028873,0.19531076702579384,2017 production; 2024 satellite,2024,USD,2024,https://apps.bea.gov/industry/xls/io-annual/Use_SUT_Framework_2017_DET.xlsx;https://apps.bea.gov/industry/xls/io-annual/Supply_2017_DET.xlsx;https://data.bls.gov/cew/data/files/2024/csv/2024_annual_singlefile.zip,07aa2a21151e78ec1462c8f48142d274c153d90aff07bd797e07c6bc8486911e;7a3a403f7a7e8335e61776c1da6c423409d54090acaee597bbae738fa9a6703e;334ac1ec9101f516ed9698859a165666c6f6d08a51b35cb5fc1e1bf62e06b0da,none,resolved
