purchaser_industry,producer_industry,margin_share,tax_flag,margin_type,source_data_year,source_price_year,currency,price_year,mapping_status,download_url,sha256,fallback_status
1111A0,1111A0,0.6196101498292567,False,basic_price,2017,2017,USD,2024,resolved,https://apps.bea.gov/industry/xls/io-annual/Supply_2017_DET.xlsx,7a3a403f7a7e8335e61776c1da6c423409d54090acaee597bbae738fa9a6703e,none
1111A0,423400,0.2561802526019966,False,trade_margin,2017,2017,USD,2024,resolved,https://apps.bea.gov/industry/xls/io-annual/Supply_2017_DET.xlsx,7a3a403f7a7e8335e61776c1da6c423409d54090acaee597bbae738fa9a6703e,none
1111A0,484000,0.09945590902406745,False,transport_margin,2017,2017,USD,2024,resolved,https://apps.bea.gov/industry/xls/io-annual/Supply_2017_DET.xlsx,7a3a403f7a7e8335e61776c1da6c423409d54090acaee597bbae738fa9a6703e,none
1111A0,1111A0,0.01571818374916262,True,foreign_import,2017,2017,USD,2024,resolved,https://apps.bea.gov/industry/xls/io-annual/Supply_2017_DET.xlsx,7a3a403f7a7e8335e61776c1da6c423409d54090acaee597bbae738fa9a6703e,none
1111A0,1111A0,0.009035504795516559,True,product_tax,2017,2017,USD,2024,resolved,https://apps.bea.gov/industry/xls/io-annual/Supply_2017_DET.xlsx,7a3a403f7a7e8335e61776c1da6c423409d54090acaee597bbae738fa9a6703e,none
1111B0,1111B0,0.6365984540160318,False,basic_price,2017,2017,USD,2024,resolved,https://apps.bea.gov/industry/xls/io-annual/Supply_2017_DET.xlsx,7a3a403f7a7e8335e61776c1da6c423409d54090acaee597bbae738fa9a6703e,none
1111B0,423400,0.21803902132161615,False,trade_margin,2017,2017,USD,2024,resolved,https://apps.bea.gov/industry/xls/io-annual/Supply_2017_DET.xlsx,7a3a403f7a7e8335e61776c1da6c423409d54090acaee597bbae738fa9a6703e,none
1111B0,484000,0.1296644013839511,False,transport_margin,2017,2017,USD,2024,resolved,https://apps.bea.gov/industry/xls/io-annual/Supply_2017_DET.xlsx,7a3a403f7a7e8335e61776c1da6c423409d54090acaee597bbae738fa9a6703e,none
1111B0,1111B0,0.015698123278401022,True,foreign_import,2017,2017,USD,2024,resolved,https://apps.bea.gov/industry/xls/io-annual/Supply_2017_DET.xlsx,7a3a403f7a7e8335e61776c1da6c423409d54090acaee597bbae738fa9a6703e,none
111200,111200,0.3691445826214788,False,basic_price,2017,2017,USD,2024,resolved,https://apps.bea.gov/industry/xls/io-annual/Supply_2017_DET.xlsx,7a3a403f7a7e8335e61776c1da6c423409d54090acaee597bbae738fa9a6703e,none
111200,423400,0.3722237673328301,False,trade_margin,2017,2017,USD,2024,resolved,https://apps.bea.gov/industry/xls/io-annual/Supply_2017_DET.xlsx,7a3a403f7a7e8335e61776c1da6c423409d54090acaee597bbae738fa9a6703e,none
111200,484000,0.0660137470698081,False,transport_margin,2017,2017,USD,2024,resolved,https://apps.bea.gov/industry/xls/io-annual/Supply_2017_DET.xlsx,7a3a403f7a7e8335e61776c1da6c423409d54090acaee597bbae738fa9a6703e,none
111200,111200,0.1668322142317931,True,foreign_import,2017,2017,USD,2024,resolved,https://apps.bea.gov/industry/xls/io-annual/Supply_2017_DET.xlsx,7a3a403f7a7e8335e61776c1da6c423409d54090acaee597bbae738fa9a6703e,none
111200,111200,0.02578568874408995,True,product_tax,2017,2017,USD,2024,resolved,https://apps.bea.gov/industry/xls/io-annual/Supply_2017_DET.xlsx,7a3a403f7a7e8335e61776c1da6c423409d54090acaee597bbae738fa9a6703e,none
111300,111300,0.35956945032351695,False,basic_price,2017,2017,USD,2024,resolved,https://apps.bea.gov/industry/xls/io-annual/Supply_2017_DET.xlsx,7a3a403f7a7e8335e61776c1da6c423409d54090acaee597bbae738fa9a6703e,none
111300,423400,0.3185100078611598,False,trade_margin,2017,2017,USD,2024,resolved,https://apps.bea.gov/industry/xls/io-annual/Supply_2017_DET.xlsx,7a3a403f7a7e8335e61776c1da6c423409d54090acaee597bbae738fa9a6703e,none
111300,484000,0.0681139263469795,False,transport_margin,2017,2017,USD,2024,resolved,https://apps.bea.gov/industry/xls/io-annual/Supply_2017_DET.xlsx,7a3a403f7a7e8335e61776c1da6c423409d54090acaee597bbae738fa9a6703e,none
111300,111300,0.2336578581363004,True,foreign_import,2017,2017,USD,2024,resolved,https://apps.bea.gov/industry/xls/io-annual/Supply_2017_DET.xlsx,7a3a403f7a7e8335e61776c1da6c423409d54090acaee597bbae738fa9a6703e,none
111300,111300,0.020148757332043295,True,product_tax,2017,2017,USD,2024,resolved,https://apps.bea.gov/industry/xls/io-annual/Supply_2017_DET.xlsx,7a3a403f7a7e8335e61776c1da6c423409d54090acaee597bbae738fa9a6703e,none
111400,111400,0.44656222606819357,False,basic_price,2017,2017,USD,2024,resolved,https://apps.bea.gov/industry/xls/io-annual/Supply_2017_DET.xlsx,7a3a403f7a7e8335e61776c1da6c423409d54090acaee597bbae738fa9a6703e,none
111400,423400,0.4026207547593895,False,trade_margin,2017,2017,USD,2024,resolved,https://apps.bea.gov/industry/xls/io-annual/Supply_2017_DET.xlsx,7a3a403f7a7e8335e61776c1da6c423409d54090acaee597bbae738fa9a6703e,none
111400,484000,0.056730574722977684,False,transport_margin,2017,2017,USD,2024,resolved,https://apps.bea.gov/industry/xls/io-annual/Supply_2017_DET.xlsx,7a3a403f7a7e8335e61776c1da6c423409d54090acaee597bbae738fa9a6703e,none
111400,111400,0.05980984918298083,True,foreign_import,2017,2017,USD,2024,resolved,https://apps.bea.gov/industry/xls/io-annual/Supply_2017_DET.xlsx,7a3a403f7a7e8335e61776c1da6c423409d54090acaee597bbae738fa9a6703e,none
111400,111400,0.03427659526645838,True,product_tax,2017,2017,USD,2024,resolved,https://apps.bea.gov/industry/xls/io-annual/Supply_2017_DET.xlsx,7a3a403f7a7e8335e61776c1da6c423409d54090acaee597bbae738fa9a6703e,none
111900,111900,0.6582213029989659,False,basic_price,2017,2017,USD,2024,resolved,https://apps.bea.gov/industry/xls/io-annual/Supply_2017_DET.xlsx,7a3a403f7a7e8335e61776c1da6c423409d54090acaee597bbae738fa9a6703e,none
111900,423400,0.2170372285418821,False,trade_margin,2017,2017,USD,2024,resolved,https://apps.bea.gov/industry/xls/io-annual/Supply_2017_DET.xlsx,7a3a403f7a7e8335e61776c1da6c423409d54090acaee597bbae738fa9a6703e,none
111900,484000,0.08327300930713546,False,transport_margin,2017,2017,USD,2024,resolved,https://apps.bea.gov/industry/xls/io-annual/Supply_2017_DET.xlsx,7a3a403f7a7e8335e61776c1da6c423409d54090acaee597bbae738fa9a6703e,none
111900,111900,0.041468459152016544,True,foreign_import,2017,2017,USD,2024,resolved,https://apps.bea.gov/industry/xls/io-annual/Supply_2017_DET.xlsx,7a3a403f7a7e8335e61776c1da6c423409d54090acaee597bbae738fa9a6703e,none
112120,112120,0.8285894453021375,False,basic_price,2017,2017,USD,2024,resolved,https://apps.bea.gov/industry/xls/io-annual/Supply_2017_DET.xlsx,7a3a403f7a7e8335e61776c1da6c423409d54090acaee597bbae738fa9a6703e,none
112120,423400,0.08786883820043924,False,trade_margin,2017,2017,USD,2024,resolved,https://apps.bea.gov/industry/xls/io-annual/Supply_2017_DET.xlsx,7a3a403f7a7e8335e61776c1da6c423409d54090acaee597bbae738fa9a6703e,none
112120,484000,0.0819108917349801,False,transport_margin,2017,2017,USD,2024,resolved,https://apps.bea.gov/industry/xls/io-annual/Supply_2017_DET.xlsx,7a3a403f7a7e8335e61776c1da6c423409d54090acaee597bbae738fa9a6703e,none
112120,112120,0.00019569897149318316,True,foreign_import,2017,2017,USD,2024,resolved,https://apps.bea.gov/industry/xls/io-annual/Supply_2017_DET.xlsx,7a3a403f7a7e8335e61776c1da6c423409d54090acaee597bbae738fa9a6703e,none
112120,112120,0.0014351257909500097,True,product_tax,2017,2017,USD,2024,resolved,https://apps.bea.gov/industry/xls/io-annual/Supply_2017_DET.xlsx,7a3a403f7a7e8335e61776c1da6c423409d54090acaee597bbae738fa9a6703e,none
1121A0,1121A0,0.861883735141635,False,basic_price,2017,2017,USD,2024,resolved,https://apps.bea.gov/industry/xls/io-annual/Supply_2017_DET.xlsx,7a3a403f7a7e8335e61776c1da6c423409d54090acaee597bbae738fa9a6703e,none
1121A0,423400,0.04468844250823001,False,trade_margin,2017,2017,USD,2024,resolved,https://apps.bea.gov/industry/xls/io-annual/Supply_2017_DET.xlsx,7a3a403f7a7e8335e61776c1da6c423409d54090acaee597bbae738fa9a6703e,none
1121A0,484000,0.07638628792209584,False,transport_margin,2017,2017,USD,2024,resolved,https://apps.bea.gov/industry/xls/io-annual/Supply_2017_DET.xlsx,7a3a403f7a7e8335e61776c1da6c423409d54090acaee597bbae738fa9a6703e,none
1121A0,1121A0,0.01635159376293639,True,foreign_import,2017,2017,USD,2024,resolved,https://apps.bea.gov/industry/xls/io-annual/Supply_2017_DET.xlsx,7a3a403f7a7e8335e61776c1da6c423409d54090acaee597bbae738fa9a6703e,none
1121A0,1121A0,0.0006899406651028012,True,product_tax,2017,2017,USD,2024,resolved,https://apps.bea.gov/industry/xls/io-annual/Supply_2017_DET.xlsx,7a3a403f7a7e8335e61776c1da6c423409d54090acaee597bbae738fa9a6703e,none
112300,112300,0.8282386917710599,False,basic_price,2017,2017,USD,2024,resolved,https://apps.bea.gov/industry/xls/io-annual/Supply_2017_DET.xlsx,7a3a403f7a7e8335e61776c1da6c423409d54090acaee597bbae738fa9a6703e,none
112300,423400,0.08157677593578876,False,trade_margin,2017,2017,USD,2024,resolved,https://apps.bea.gov/industry/xls/io-annual/Supply_2017_DET.xlsx,7a3a403f7a7e8335e61776c1da6c423409d54090acaee597bbae738fa9a6703e,none
112300,484000,0.08202685469957242,False,transport_margin,2017,2017,USD,2024,resolved,https://apps.bea.gov/industry/xls/io-annual/Supply_2017_DET.xlsx,7a3a403f7a7e8335e61776c1da6c423409d54090acaee597bbae738fa9a6703e,none
112300,112300,0.001912834746080564,True,foreign_import,2017,2017,USD,2024,resolved,https://apps.bea.gov/industry/xls/io-annual/Supply_2017_DET.xlsx,7a3a403f7a7e8335e61776c1da6c423409d54090acaee597bbae738fa9a6703e,none
112300,112300,0.006244842847498312,True,product_tax,2017,2017,USD,2024,resolved,https://apps.bea.gov/industry/xls/io-annual/Supply_2017_DET.xlsx,7a3a403f7a7e8335e61776c1da6c423409d54090acaee597bbae738fa9a6703e,none
112A00,112A00,0.6592942296629838,False,basic_price,2017,2017,USD,2024,resolved,https://apps.bea.gov/industry/xls/io-annual/Supply_2017_DET.xlsx,7a3a403f7a7e8335e61776c1da6c423409d54090acaee597bbae738fa9a6703e,none
112A00,423400,0.15716184317537144,False,trade_margin,2017,2017,USD,2024,resolved,https://apps.bea.gov/industry/xls/io-annual/Supply_2017_DET.xlsx,7a3a403f7a7e8335e61776c1da6c423409d54090acaee597bbae738fa9a6703e,none
112A00,484000,0.0751393489774463,False,transport_margin,2017,2017,USD,2024,resolved,https://apps.bea.gov/industry/xls/io-annual/Supply_2017_DET.xlsx,7a3a403f7a7e8335e61776c1da6c423409d54090acaee597bbae738fa9a6703e,none
112A00,112A00,0.09501517465733045,True,foreign_import,2017,2017,USD,2024,resolved,https://apps.bea.gov/industry/xls/io-annual/Supply_2017_DET.xlsx,7a3a403f7a7e8335e61776c1da6c423409d54090acaee597bbae738fa9a6703e,none
112A00,112A00,0.01338940352686807,True,product_tax,2017,2017,USD,2024,resolved,https://apps.bea.gov/industry/xls/io-annual/Supply_2017_DET.xlsx,7a3a403f7a7e8335e61776c1da6c423409d54090acaee597bbae738fa9a6703e,none
113000,113000,0.672075769534333,False,basic_price,2017,2017,USD,2024,resolved,https://apps.bea.gov/industry/xls/io-annual/Supply_2017_DET.xlsx,7a3a403f7a7e8335e61776c1da6c423409d54090acaee597bbae738fa9a6703e,none
113000,423400,0.18374112075769533,False,trade_margin,2017,2017,USD,2024,resolved,https://apps.bea.gov/industry/xls/io-annual/Supply_2017_DET.xlsx,7a3a403f7a7e8335e61776c1da6c423409d54090acaee597bbae738fa9a6703e,none
113000,484000,0.05767955801104972,False,transport_margin,2017,2017,USD,2024,resolved,https://apps.bea.gov/industry/xls/io-annual/Supply_2017_DET.xlsx,7a3a403f7a7e8335e61776c1da6c423409d54090acaee597bbae738fa9a6703e,none
113000,113000,0.08233622730860299,True,foreign_import,2017,2017,USD,2024,resolved,https://apps.bea.gov/industry/xls/io-annual/Supply_2017_DET.xlsx,7a3a403f7a7e8335e61776c1da6c423409d54090acaee597bbae738fa9a6703e,none
113000,113000,0.004167324388318863,True,product_tax,2017,2017,USD,2024,resolved,https://apps.bea.gov/industry/xls/io-annual/Supply_2017_DET.xlsx,7a3a403f7a7e8335e61776c1da6c423409d54090acaee597bbae738fa9a6703e,none
114000,114000,0.28866995073891627,False,basic_price,2017,2017,USD,2024,resolved,https://apps.bea.gov/industry/xls/io-annual/Supply_2017_DET.xlsx,7a3a403f7a7e8335e61776c1da6c423409d54090acaee597bbae738fa9a6703e,none
114000,423400,0.11891625615763547,False,trade_margin,2017,2017,USD,2024,resolved,https://apps.bea.gov/industry/xls/io-annual/Supply_2017_DET.xlsx,7a3a403f7a7e8335e61776c1da6c423409d54090acaee597bbae738fa9a6703e,none
114000,484000,0.0728407224958949,False,transport_margin,2017,2017,USD,2024,resolved,https://apps.bea.gov/industry/xls/io-annual/Supply_2017_DET.xlsx,7a3a403f7a7e8335e61776c1da6c423409d54090acaee597bbae738fa9a6703e,none
114000,114000,0.4978325123152709,True,foreign_import,2017,2017,USD,2024,resolved,https://apps.bea.gov/industry/xls/io-annual/Supply_2017_DET.xlsx,7a3a403f7a7e8335e61776c1da6c423409d54090acaee597bbae738fa9a6703e,none
114000,114000,0.02174055829228243,True,product_tax,2017,2017,USD,2024,resolved,https://apps.bea.gov/industry/xls/io-annual/Supply_2017_DET.xlsx,7a3a403f7a7e8335e61776c1da6c423409d54090acaee597bbae738fa9a6703e,none
115000,115000,0.9952778056867276,False,basic_price,2017,2017,USD,2024,resolved,https://apps.bea.gov/industry/xls/io-annual/Supply_2017_DET.xlsx,7a3a403f7a7e8335e61776c1da6c423409d54090acaee597bbae738fa9a6703e,none
115000,115000,0.00472219431327238,True,foreign_import,2017,2017,USD,2024,resolved,https://apps.bea.gov/industry/xls/io-annual/Supply_2017_DET.xlsx,7a3a403f7a7e8335e61776c1da6c423409d54090acaee597bbae738fa9a6703e,none
211000,211000,0.4830278880698017,False,basic_price,2017,2017,USD,2024,resolved,https://apps.bea.gov/industry/xls/io-annual/Supply_2017_DET.xlsx,7a3a403f7a7e8335e61776c1da6c423409d54090acaee597bbae738fa9a6703e,none
211000,423400,0.03655658984673017,False,trade_margin,2017,2017,USD,2024,resolved,https://apps.bea.gov/industry/xls/io-annual/Supply_2017_DET.xlsx,7a3a403f7a7e8335e61776c1da6c423409d54090acaee597bbae738fa9a6703e,none
211000,484000,0.11246164711328835,False,transport_margin,2017,2017,USD,2024,resolved,https://apps.bea.gov/industry/xls/io-annual/Supply_2017_DET.xlsx,7a3a403f7a7e8335e61776c1da6c423409d54090acaee597bbae738fa9a6703e,none
211000,211000,0.34628729884663806,True,foreign_import,2017,2017,USD,2024,resolved,https://apps.bea.gov/industry/xls/io-annual/Supply_2017_DET.xlsx,7a3a403f7a7e8335e61776c1da6c423409d54090acaee597bbae738fa9a6703e,none
211000,211000,0.021666576123541764,True,product_tax,2017,2017,USD,2024,resolved,https://apps.bea.gov/industry/xls/io-annual/Supply_2017_DET.xlsx,7a3a403f7a7e8335e61776c1da6c423409d54090acaee597bbae738fa9a6703e,none
212100,212100,0.6282704085224207,False,basic_price,2017,2017,USD,2024,resolved,https://apps.bea.gov/industry/xls/io-annual/Supply_2017_DET.xlsx,7a3a403f7a7e8335e61776c1da6c423409d54090acaee597bbae738fa9a6703e,none
212100,423400,0.015416383133491331,False,trade_margin,2017,2017,USD,2024,resolved,https://apps.bea.gov/industry/xls/io-annual/Supply_2017_DET.xlsx,7a3a403f7a7e8335e61776c1da6c423409d54090acaee597bbae738fa9a6703e,none
212100,484000,0.3151793885069339,False,transport_margin,2017,2017,USD,2024,resolved,https://apps.bea.gov/industry/xls/io-annual/Supply_2017_DET.xlsx,7a3a403f7a7e8335e61776c1da6c423409d54090acaee597bbae738fa9a6703e,none
212100,212100,0.013492268343618745,True,foreign_import,2017,2017,USD,2024,resolved,https://apps.bea.gov/industry/xls/io-annual/Supply_2017_DET.xlsx,7a3a403f7a7e8335e61776c1da6c423409d54090acaee597bbae738fa9a6703e,none
212100,212100,0.027641551493535445,True,product_tax,2017,2017,USD,2024,resolved,https://apps.bea.gov/industry/xls/io-annual/Supply_2017_DET.xlsx,7a3a403f7a7e8335e61776c1da6c423409d54090acaee597bbae738fa9a6703e,none
212230,212230,0.822953416372669,False,basic_price,2017,2017,USD,2024,resolved,https://apps.bea.gov/industry/xls/io-annual/Supply_2017_DET.xlsx,7a3a403f7a7e8335e61776c1da6c423409d54090acaee597bbae738fa9a6703e,none
212230,423400,0.019727842177262582,False,trade_margin,2017,2017,USD,2024,resolved,https://apps.bea.gov/industry/xls/io-annual/Supply_2017_DET.xlsx,7a3a403f7a7e8335e61776c1da6c423409d54090acaee597bbae738fa9a6703e,none
212230,484000,0.12614299085607314,False,transport_margin,2017,2017,USD,2024,resolved,https://apps.bea.gov/industry/xls/io-annual/Supply_2017_DET.xlsx,7a3a403f7a7e8335e61776c1da6c423409d54090acaee597bbae738fa9a6703e,none
212230,212230,0.00777593779249766,True,foreign_import,2017,2017,USD,2024,resolved,https://apps.bea.gov/industry/xls/io-annual/Supply_2017_DET.xlsx,7a3a403f7a7e8335e61776c1da6c423409d54090acaee597bbae738fa9a6703e,none
212230,212230,0.02339981280149759,True,product_tax,2017,2017,USD,2024,resolved,https://apps.bea.gov/industry/xls/io-annual/Supply_2017_DET.xlsx,7a3a403f7a7e8335e61776c1da6c423409d54090acaee597bbae738fa9a6703e,none
2122A0,2122A0,0.7537530147167397,False,basic_price,2017,2017,USD,2024,resolved,https://apps.bea.gov/industry/xls/io-annual/Supply_2017_DET.xlsx,7a3a403f7a7e8335e61776c1da6c423409d54090acaee597bbae738fa9a6703e,none
2122A0,423400,0.012994044396318355,False,trade_margin,2017,2017,USD,2024,resolved,https://apps.bea.gov/industry/xls/io-annual/Supply_2017_DET.xlsx,7a3a403f7a7e8335e61776c1da6c423409d54090acaee597bbae738fa9a6703e,none
2122A0,484000,0.11049859723384357,False,transport_margin,2017,2017,USD,2024,resolved,https://apps.bea.gov/industry/xls/io-annual/Supply_2017_DET.xlsx,7a3a403f7a7e8335e61776c1da6c423409d54090acaee597bbae738fa9a6703e,none
2122A0,2122A0,0.10414923463109711,True,foreign_import,2017,2017,USD,2024,resolved,https://apps.bea.gov/industry/xls/io-annual/Supply_2017_DET.xlsx,7a3a403f7a7e8335e61776c1da6c423409d54090acaee597bbae738fa9a6703e,none
2122A0,2122A0,0.01860510902200128,True,product_tax,2017,2017,USD,2024,resolved,https://apps.bea.gov/industry/xls/io-annual/Supply_2017_DET.xlsx,7a3a403f7a7e8335e61776c1da6c423409d54090acaee597bbae738fa9a6703e,none
212310,212310,0.6972154372252076,False,basic_price,2017,2017,USD,2024,resolved,https://apps.bea.gov/industry/xls/io-annual/Supply_2017_DET.xlsx,7a3a403f7a7e8335e61776c1da6c423409d54090acaee597bbae738fa9a6703e,none
212310,423400,0.1054714215925745,False,trade_margin,2017,2017,USD,2024,resolved,https://apps.bea.gov/industry/xls/io-annual/Supply_2017_DET.xlsx,7a3a403f7a7e8335e61776c1da6c423409d54090acaee597bbae738fa9a6703e,none
212310,484000,0.15964826575476307,False,transport_margin,2017,2017,USD,2024,resolved,https://apps.bea.gov/industry/xls/io-annual/Supply_2017_DET.xlsx,7a3a403f7a7e8335e61776c1da6c423409d54090acaee597bbae738fa9a6703e,none
212310,212310,0.016023448949682464,True,foreign_import,2017,2017,USD,2024,resolved,https://apps.bea.gov/industry/xls/io-annual/Supply_2017_DET.xlsx,7a3a403f7a7e8335e61776c1da6c423409d54090acaee597bbae738fa9a6703e,none
212310,212310,0.02164142647777235,True,product_tax,2017,2017,USD,2024,resolved,https://apps.bea.gov/industry/xls/io-annual/Supply_2017_DET.xlsx,7a3a403f7a7e8335e61776c1da6c423409d54090acaee597bbae738fa9a6703e,none
2123A0,2123A0,0.522876516773733,False,basic_price,2017,2017,USD,2024,resolved,https://apps.bea.gov/industry/xls/io-annual/Supply_2017_DET.xlsx,7a3a403f7a7e8335e61776c1da6c423409d54090acaee597bbae738fa9a6703e,none
2123A0,423400,0.11441827266238401,False,trade_margin,2017,2017,USD,2024,resolved,https://apps.bea.gov/industry/xls/io-annual/Supply_2017_DET.xlsx,7a3a403f7a7e8335e61776c1da6c423409d54090acaee597bbae738fa9a6703e,none
2123A0,484000,0.2698072805139186,False,transport_margin,2017,2017,USD,2024,resolved,https://apps.bea.gov/industry/xls/io-annual/Supply_2017_DET.xlsx,7a3a403f7a7e8335e61776c1da6c423409d54090acaee597bbae738fa9a6703e,none
2123A0,2123A0,0.0708779443254818,True,foreign_import,2017,2017,USD,2024,resolved,https://apps.bea.gov/industry/xls/io-annual/Supply_2017_DET.xlsx,7a3a403f7a7e8335e61776c1da6c423409d54090acaee597bbae738fa9a6703e,none
2123A0,2123A0,0.022019985724482515,True,product_tax,2017,2017,USD,2024,resolved,https://apps.bea.gov/industry/xls/io-annual/Supply_2017_DET.xlsx,7a3a403f7a7e8335e61776c1da6c423409d54090acaee597bbae738fa9a6703e,none
213111,213111,1.0,False,basic_price,2017,2017,USD,2024,resolved,https://apps.bea.gov/industry/xls/io-annual/Supply_2017_DET.xlsx,7a3a403f7a7e8335e61776c1da6c423409d54090acaee597bbae738fa9a6703e,none
21311A,21311A,0.9884503906809641,False,basic_price,2017,2017,USD,2024,resolved,https://apps.bea.gov/industry/xls/io-annual/Supply_2017_DET.xlsx,7a3a403f7a7e8335e61776c1da6c423409d54090acaee597bbae738fa9a6703e,none
21311A,21311A,0.011549609319035916,True,foreign_import,2017,2017,USD,2024,resolved,https://apps.bea.gov/industry/xls/io-annual/Supply_2017_DET.xlsx,7a3a403f7a7e8335e61776c1da6c423409d54090acaee597bbae738fa9a6703e,none
221100,221100,0.9435303463824196,False,basic_price,2017,2017,USD,2024,resolved,https://apps.bea.gov/industry/xls/io-annual/Supply_2017_DET.xlsx,7a3a403f7a7e8335e61776c1da6c423409d54090acaee597bbae738fa9a6703e,none
221100,221100,0.005305624485751638,True,foreign_import,2017,2017,USD,2024,resolved,https://apps.bea.gov/industry/xls/io-annual/Supply_2017_DET.xlsx,7a3a403f7a7e8335e61776c1da6c423409d54090acaee597bbae738fa9a6703e,none
221100,221100,0.05116402913182873,True,product_tax,2017,2017,USD,2024,resolved,https://apps.bea.gov/industry/xls/io-annual/Supply_2017_DET.xlsx,7a3a403f7a7e8335e61776c1da6c423409d54090acaee597bbae738fa9a6703e,none
221200,221200,0.9304734834318199,False,basic_price,2017,2017,USD,2024,resolved,https://apps.bea.gov/industry/xls/io-annual/Supply_2017_DET.xlsx,7a3a403f7a7e8335e61776c1da6c423409d54090acaee597bbae738fa9a6703e,none
221200,221200,0.06952651656818012,True,product_tax,2017,2017,USD,2024,resolved,https://apps.bea.gov/industry/xls/io-annual/Supply_2017_DET.xlsx,7a3a403f7a7e8335e61776c1da6c423409d54090acaee597bbae738fa9a6703e,none
221300,S00203,0.9912926413556308,False,basic_price,2017,2017,USD,2024,resolved,https://apps.bea.gov/industry/xls/io-annual/Supply_2017_DET.xlsx,7a3a403f7a7e8335e61776c1da6c423409d54090acaee597bbae738fa9a6703e,none
221300,S00203,0.00870735864436924,True,product_tax,2017,2017,USD,2024,resolved,https://apps.bea.gov/industry/xls/io-annual/Supply_2017_DET.xlsx,7a3a403f7a7e8335e61776c1da6c423409d54090acaee597bbae738fa9a6703e,none
233210,233210,1.0,False,basic_price,2017,2017,USD,2024,resolved,https://apps.bea.gov/industry/xls/io-annual/Supply_2017_DET.xlsx,7a3a403f7a7e8335e61776c1da6c423409d54090acaee597bbae738fa9a6703e,none
233262,233262,1.0,False,basic_price,2017,2017,USD,2024,resolved,https://apps.bea.gov/industry/xls/io-annual/Supply_2017_DET.xlsx,7a3a403f7a7e8335e61776c1da6c423409d54090acaee597bbae738fa9a6703e,none
230301,230301,0.996928013775021,False,basic_price,2017,2017,USD,2024,resolved,https://apps.bea.gov/industry/xls/io-annual/Supply_2017_DET.xlsx,7a3a403f7a7e8335e61776c1da6c423409d54090acaee597bbae738fa9a6703e,none
230301,230301,0.0030719862249789657,True,product_tax,2017,2017,USD,2024,resolved,https://apps.bea.gov/industry/xls/io-annual/Supply_2017_DET.xlsx,7a3a403f7a7e8335e61776c1da6c423409d54090acaee597bbae738fa9a6703e,none
230302,230302,0.9962470994932993,False,basic_price,2017,2017,USD,2024,resolved,https://apps.bea.gov/industry/xls/io-annual/Supply_2017_DET.xlsx,7a3a403f7a7e8335e61776c1da6c423409d54090acaee597bbae738fa9a6703e,none
230302,230302,0.0037529005067007625,True,product_tax,2017,2017,USD,2024,resolved,https://apps.bea.gov/industry/xls/io-annual/Supply_2017_DET.xlsx,7a3a403f7a7e8335e61776c1da6c423409d54090acaee597bbae738fa9a6703e,none
2332A0,2332A0,1.0,False,basic_price,2017,2017,USD,2024,resolved,https://apps.bea.gov/industry/xls/io-annual/Supply_2017_DET.xlsx,7a3a403f7a7e8335e61776c1da6c423409d54090acaee597bbae738fa9a6703e,none
233412,233412,1.0,False,basic_price,2017,2017,USD,2024,resolved,https://apps.bea.gov/industry/xls/io-annual/Supply_2017_DET.xlsx,7a3a403f7a7e8335e61776c1da6c423409d54090acaee597bbae738fa9a6703e,none
2334A0,2334A0,0.9961870033096177,False,basic_price,2017,2017,USD,2024,resolved,https://apps.bea.gov/industry/xls/io-annual/Supply_2017_DET.xlsx,7a3a403f7a7e8335e61776c1da6c423409d54090acaee597bbae738fa9a6703e,none
2334A0,2334A0,0.0038129966903822908,True,product_tax,2017,2017,USD,2024,resolved,https://apps.bea.gov/industry/xls/io-annual/Supply_2017_DET.xlsx,7a3a403f7a7e8335e61776c1da6c423409d54090acaee597bbae738fa9a6703e,none
233230,233230,1.0,False,basic_price,2017,2017,USD,2024,resolved,https://apps.bea.gov/industry/xls/io-annual/Supply_2017_DET.xlsx,7a3a403f7a7e8335e61776c1da6c423409d54090acaee597bbae738fa9a6703e,none
2332D0,2332D0,1.0,False,basic_price,2017,2017,USD,2024,resolved,https://apps.bea.gov/industry/xls/io-annual/Supply_2017_DET.xlsx,7a3a403f7a7e8335e61776c1da6c423409d54090acaee597bbae738fa9a6703e,none
233240,233240,1.0,False,basic_price,2017,2017,USD,2024,resolved,https://apps.bea.gov/industry/xls/io-annual/Supply_2017_DET.xlsx,7a3a403f7a7e8335e61776c1da6c423409d54090acaee597bbae738fa9a6703e,none
233411,233411,1.0,False,basic_price,2017,2017,USD,2024,resolved,https://apps.bea.gov/industry/xls/io-annual/Supply_2017_DET.xlsx,7a3a403f7a7e8335e61776c1da6c423409d54090acaee597bbae738fa9a6703e,none
2332C0,2332C0,1.0,False,basic_price,2017,2017,USD,2024,resolved,https://apps.bea.gov/industry/xls/io-annual/Supply_2017_DET.xlsx,7a3a403f7a7e8335e61776c1da6c423409d54090acaee597bbae738fa9a6703e,none
321100,321100,0.6635843484680694,False,basic_price,2017,2017,USD,2024,resolved,https://apps.bea.gov/industry/xls/io-annual/Supply_2017_DET.xlsx,7a3a403f7a7e8335e61776c1da6c423409d54090acaee597bbae738fa9a6703e,none
321100,423400,0.12220376522702103,False,trade_margin,2017,2017,USD,2024,resolved,https://apps.bea.gov/industry/xls/io-annual/Supply_2017_DET.xlsx,7a3a403f7a7e8335e61776c1da6c423409d54090acaee597bbae738fa9a6703e,none
321100,484000,0.05976375046142488,False,transport_margin,2017,2017,USD,2024,resolved,https://apps.bea.gov/industry/xls/io-annual/Supply_2017_DET.xlsx,7a3a403f7a7e8335e61776c1da6c423409d54090acaee597bbae738fa9a6703e,none
321100,321100,0.1416389811738649,True,foreign_import,2017,2017,USD,2024,resolved,https://apps.bea.gov/industry/xls/io-annual/Supply_2017_DET.xlsx,7a3a403f7a7e8335e61776c1da6c423409d54090acaee597bbae738fa9a6703e,none
321100,321100,0.012809154669619786,True,product_tax,2017,2017,USD,2024,resolved,https://apps.bea.gov/industry/xls/io-annual/Supply_2017_DET.xlsx,7a3a403f7a7e8335e61776c1da6c423409d54090acaee597bbae738fa9a6703e,none
321200,321200,0.576600399048054,False,basic_price,2017,2017,USD,2024,resolved,https://apps.bea.gov/industry/xls/io-annual/Supply_2017_DET.xlsx,7a3a403f7a7e8335e61776c1da6c423409d54090acaee597bbae738fa9a6703e,none
321200,423400,0.17892257025409264,False,trade_margin,2017,2017,USD,2024,resolved,https://apps.bea.gov/industry/xls/io-annual/Supply_2017_DET.xlsx,7a3a403f7a7e8335e61776c1da6c423409d54090acaee597bbae738fa9a6703e,none
321200,484000,0.04322219284117407,False,transport_margin,2017,2017,USD,2024,resolved,https://apps.bea.gov/industry/xls/io-annual/Supply_2017_DET.xlsx,7a3a403f7a7e8335e61776c1da6c423409d54090acaee597bbae738fa9a6703e,none
321200,321200,0.17276857616769634,True,foreign_import,2017,2017,USD,2024,resolved,https://apps.bea.gov/industry/xls/io-annual/Supply_2017_DET.xlsx,7a3a403f7a7e8335e61776c1da6c423409d54090acaee597bbae738fa9a6703e,none
321200,321200,0.028486261688982908,True,product_tax,2017,2017,USD,2024,resolved,https://apps.bea.gov/industry/xls/io-annual/Supply_2017_DET.xlsx,7a3a403f7a7e8335e61776c1da6c423409d54090acaee597bbae738fa9a6703e,none
321910,321910,0.6240648556393117,False,basic_price,2017,2017,USD,2024,resolved,https://apps.bea.gov/industry/xls/io-annual/Supply_2017_DET.xlsx,7a3a403f7a7e8335e61776c1da6c423409d54090acaee597bbae738fa9a6703e,none
321910,423400,0.2432086474185749,False,trade_margin,2017,2017,USD,2024,resolved,https://apps.bea.gov/industry/xls/io-annual/Supply_2017_DET.xlsx,7a3a403f7a7e8335e61776c1da6c423409d54090acaee597bbae738fa9a6703e,none
321910,484000,0.026880955767316174,False,transport_margin,2017,2017,USD,2024,resolved,https://apps.bea.gov/industry/xls/io-annual/Supply_2017_DET.xlsx,7a3a403f7a7e8335e61776c1da6c423409d54090acaee597bbae738fa9a6703e,none
321910,321910,0.0697482577158299,True,foreign_import,2017,2017,USD,2024,resolved,https://apps.bea.gov/industry/xls/io-annual/Supply_2017_DET.xlsx,7a3a403f7a7e8335e61776c1da6c423409d54090acaee597bbae738fa9a6703e,none
321910,321910,0.036097283458967434,True,product_tax,2017,2017,USD,2024,resolved,https://apps.bea.gov/industry/xls/io-annual/Supply_2017_DET.xlsx,7a3a403f7a7e8335e61776c1da6c423409d54090acaee597bbae738fa9a6703e,none
3219A0,3219A0,0.6191470032165394,False,basic_price,2017,2017,USD,2024,resolved,https://apps.bea.gov/industry/xls/io-annual/Supply_2017_DET.xlsx,7a3a403f7a7e8335e61776c1da6c423409d54090acaee597bbae738fa9a6703e,none
3219A0,423400,0.23171360522503498,False,trade_margin,2017,2017,USD,2024,resolved,https://apps.bea.gov/industry/xls/io-annual/Supply_2017_DET.xlsx,7a3a403f7a7e8335e61776c1da6c423409d54090acaee597bbae738fa9a6703e,none
3219A0,484000,0.03452255260637906,False,transport_margin,2017,2017,USD,2024,resolved,https://apps.bea.gov/industry/xls/io-annual/Supply_2017_DET.xlsx,7a3a403f7a7e8335e61776c1da6c423409d54090acaee597bbae738fa9a6703e,none
3219A0,3219A0,0.09156088098804233,True,foreign_import,2017,2017,USD,2024,resolved,https://apps.bea.gov/industry/xls/io-annual/Supply_2017_DET.xlsx,7a3a403f7a7e8335e61776c1da6c423409d54090acaee597bbae738fa9a6703e,none
3219A0,3219A0,0.023055957964004222,True,product_tax,2017,2017,USD,2024,resolved,https://apps.bea.gov/industry/xls/io-annual/Supply_2017_DET.xlsx,7a3a403f7a7e8335e61776c1da6c423409d54090acaee597bbae738fa9a6703e,none
327100,327100,0.349748743718593,False,basic_price,2017,2017,USD,2024,resolved,https://apps.bea.gov/industry/xls/io-annual/Supply_2017_DET.xlsx,7a3a403f7a7e8335e61776c1da6c423409d54090acaee597bbae738fa9a6703e,none
327100,423400,0.22939698492462313,False,trade_margin,2017,2017,USD,2024,resolved,https://apps.bea.gov/industry/xls/io-annual/Supply_2017_DET.xlsx,7a3a403f7a7e8335e61776c1da6c423409d54090acaee597bbae738fa9a6703e,none
327100,484000,0.08760469011725293,False,transport_margin,2017,2017,USD,2024,resolved,https://apps.bea.gov/industry/xls/io-annual/Supply_2017_DET.xlsx,7a3a403f7a7e8335e61776c1da6c423409d54090acaee597bbae738fa9a6703e,none
327100,327100,0.2914572864321608,True,foreign_import,2017,2017,USD,2024,resolved,https://apps.bea.gov/industry/xls/io-annual/Supply_2017_DET.xlsx,7a3a403f7a7e8335e61776c1da6c423409d54090acaee597bbae738fa9a6703e,none
327100,327100,0.041792294807370185,True,product_tax,2017,2017,USD,2024,resolved,https://apps.bea.gov/industry/xls/io-annual/Supply_2017_DET.xlsx,7a3a403f7a7e8335e61776c1da6c423409d54090acaee597bbae738fa9a6703e,none
327200,327200,0.5127468230694037,False,basic_price,2017,2017,USD,2024,resolved,https://apps.bea.gov/industry/xls/io-annual/Supply_2017_DET.xlsx,7a3a403f7a7e8335e61776c1da6c423409d54090acaee597bbae738fa9a6703e,none
327200,423400,0.22027370478983382,False,trade_margin,2017,2017,USD,2024,resolved,https://apps.bea.gov/industry/xls/io-annual/Supply_2017_DET.xlsx,7a3a403f7a7e8335e61776c1da6c423409d54090acaee597bbae738fa9a6703e,none
327200,484000,0.09540566959921798,False,transport_margin,2017,2017,USD,2024,resolved,https://apps.bea.gov/industry/xls/io-annual/Supply_2017_DET.xlsx,7a3a403f7a7e8335e61776c1da6c423409d54090acaee597bbae738fa9a6703e,none
327200,327200,0.14961876832844576,True,foreign_import,2017,2017,USD,2024,resolved,https://apps.bea.gov/industry/xls/io-annual/Supply_2017_DET.xlsx,7a3a403f7a7e8335e61776c1da6c423409d54090acaee597bbae738fa9a6703e,none
327200,327200,0.02195503421309873,True,product_tax,2017,2017,USD,2024,resolved,https://apps.bea.gov/industry/xls/io-annual/Supply_2017_DET.xlsx,7a3a403f7a7e8335e61776c1da6c423409d54090acaee597bbae738fa9a6703e,none
327310,327310,0.6417495029821073,False,basic_price,2017,2017,USD,2024,resolved,https://apps.bea.gov/industry/xls/io-annual/Supply_2017_DET.xlsx,7a3a403f7a7e8335e61776c1da6c423409d54090acaee597bbae738fa9a6703e,none
327310,423400,0.10854870775347912,False,trade_margin,2017,2017,USD,2024,resolved,https://apps.bea.gov/industry/xls/io-annual/Supply_2017_DET.xlsx,7a3a403f7a7e8335e61776c1da6c423409d54090acaee597bbae738fa9a6703e,none
327310,484000,0.14807157057654075,False,transport_margin,2017,2017,USD,2024,resolved,https://apps.bea.gov/industry/xls/io-annual/Supply_2017_DET.xlsx,7a3a403f7a7e8335e61776c1da6c423409d54090acaee597bbae738fa9a6703e,none
327310,327310,0.08962226640159046,True,foreign_import,2017,2017,USD,2024,resolved,https://apps.bea.gov/industry/xls/io-annual/Supply_2017_DET.xlsx,7a3a403f7a7e8335e61776c1da6c423409d54090acaee597bbae738fa9a6703e,none
327310,327310,0.012007952286282306,True,product_tax,2017,2017,USD,2024,resolved,https://apps.bea.gov/industry/xls/io-annual/Supply_2017_DET.xlsx,7a3a403f7a7e8335e61776c1da6c423409d54090acaee597bbae738fa9a6703e,none
327320,327320,0.5987772482225174,False,basic_price,2017,2017,USD,2024,resolved,https://apps.bea.gov/industry/xls/io-annual/Supply_2017_DET.xlsx,7a3a403f7a7e8335e61776c1da6c423409d54090acaee597bbae738fa9a6703e,none
327320,423400,0.2737323228377217,False,trade_margin,2017,2017,USD,2024,resolved,https://apps.bea.gov/industry/xls/io-annual/Supply_2017_DET.xlsx,7a3a403f7a7e8335e61776c1da6c423409d54090acaee597bbae738fa9a6703e,none
327320,484000,0.08235018360809439,False,transport_margin,2017,2017,USD,2024,resolved,https://apps.bea.gov/industry/xls/io-annual/Supply_2017_DET.xlsx,7a3a403f7a7e8335e61776c1da6c423409d54090acaee597bbae738fa9a6703e,none
327320,327320,1.9532775998124853e-05,True,foreign_import,2017,2017,USD,2024,resolved,https://apps.bea.gov/industry/xls/io-annual/Supply_2017_DET.xlsx,7a3a403f7a7e8335e61776c1da6c423409d54090acaee597bbae738fa9a6703e,none
327320,327320,0.045120712555668414,True,product_tax,2017,2017,USD,2024,resolved,https://apps.bea.gov/industry/xls/io-annual/Supply_2017_DET.xlsx,7a3a403f7a7e8335e61776c1da6c423409d54090acaee597bbae738fa9a6703e,none
327330,327330,0.6140845070422535,False,basic_price,2017,2017,USD,2024,resolved,https://apps.bea.gov/industry/xls/io-annual/Supply_2017_DET.xlsx,7a3a403f7a7e8335e61776c1da6c423409d54090acaee597bbae738fa9a6703e,none
327330,423400,0.2523138832997988,False,trade_margin,2017,2017,USD,2024,resolved,https://apps.bea.gov/industry/xls/io-annual/Supply_2017_DET.xlsx,7a3a403f7a7e8335e61776c1da6c423409d54090acaee597bbae738fa9a6703e,none
327330,484000,0.0886317907444668,False,transport_margin,2017,2017,USD,2024,resolved,https://apps.bea.gov/industry/xls/io-annual/Supply_2017_DET.xlsx,7a3a403f7a7e8335e61776c1da6c423409d54090acaee597bbae738fa9a6703e,none
327330,327330,0.004124748490945674,True,foreign_import,2017,2017,USD,2024,resolved,https://apps.bea.gov/industry/xls/io-annual/Supply_2017_DET.xlsx,7a3a403f7a7e8335e61776c1da6c423409d54090acaee597bbae738fa9a6703e,none
327330,327330,0.04084507042253521,True,product_tax,2017,2017,USD,2024,resolved,https://apps.bea.gov/industry/xls/io-annual/Supply_2017_DET.xlsx,7a3a403f7a7e8335e61776c1da6c423409d54090acaee597bbae738fa9a6703e,none
327390,327390,0.6522079958191795,False,basic_price,2017,2017,USD,2024,resolved,https://apps.bea.gov/industry/xls/io-annual/Supply_2017_DET.xlsx,7a3a403f7a7e8335e61776c1da6c423409d54090acaee597bbae738fa9a6703e,none
327390,423400,0.12035536974131174,False,trade_margin,2017,2017,USD,2024,resolved,https://apps.bea.gov/industry/xls/io-annual/Supply_2017_DET.xlsx,7a3a403f7a7e8335e61776c1da6c423409d54090acaee597bbae738fa9a6703e,none
327390,484000,0.10425921087013326,False,transport_margin,2017,2017,USD,2024,resolved,https://apps.bea.gov/industry/xls/io-annual/Supply_2017_DET.xlsx,7a3a403f7a7e8335e61776c1da6c423409d54090acaee597bbae738fa9a6703e,none
327390,327390,0.10938071596550823,True,foreign_import,2017,2017,USD,2024,resolved,https://apps.bea.gov/industry/xls/io-annual/Supply_2017_DET.xlsx,7a3a403f7a7e8335e61776c1da6c423409d54090acaee597bbae738fa9a6703e,none
327390,327390,0.013796707603867258,True,product_tax,2017,2017,USD,2024,resolved,https://apps.bea.gov/industry/xls/io-annual/Supply_2017_DET.xlsx,7a3a403f7a7e8335e61776c1da6c423409d54090acaee597bbae738fa9a6703e,none
327400,327400,0.7155401809473124,False,basic_price,2017,2017,USD,2024,resolved,https://apps.bea.gov/industry/xls/io-annual/Supply_2017_DET.xlsx,7a3a403f7a7e8335e61776c1da6c423409d54090acaee597bbae738fa9a6703e,none
327400,423400,0.12657441901720773,False,trade_margin,2017,2017,USD,2024,resolved,https://apps.bea.gov/industry/xls/io-annual/Supply_2017_DET.xlsx,7a3a403f7a7e8335e61776c1da6c423409d54090acaee597bbae738fa9a6703e,none
327400,484000,0.12595352137661878,False,transport_margin,2017,2017,USD,2024,resolved,https://apps.bea.gov/industry/xls/io-annual/Supply_2017_DET.xlsx,7a3a403f7a7e8335e61776c1da6c423409d54090acaee597bbae738fa9a6703e,none
327400,327400,0.016764236295902075,True,foreign_import,2017,2017,USD,2024,resolved,https://apps.bea.gov/industry/xls/io-annual/Supply_2017_DET.xlsx,7a3a403f7a7e8335e61776c1da6c423409d54090acaee597bbae738fa9a6703e,none
327400,327400,0.01516764236295902,True,product_tax,2017,2017,USD,2024,resolved,https://apps.bea.gov/industry/xls/io-annual/Supply_2017_DET.xlsx,7a3a403f7a7e8335e61776c1da6c423409d54090acaee597bbae738fa9a6703e,none
327910,327910,0.5065408535277718,False,basic_price,2017,2017,USD,2024,resolved,https://apps.bea.gov/industry/xls/io-annual/Supply_2017_DET.xlsx,7a3a403f7a7e8335e61776c1da6c423409d54090acaee597bbae738fa9a6703e,none
327910,423400,0.18818357280720566,False,trade_margin,2017,2017,USD,2024,resolved,https://apps.bea.gov/industry/xls/io-annual/Supply_2017_DET.xlsx,7a3a403f7a7e8335e61776c1da6c423409d54090acaee597bbae738fa9a6703e,none
327910,484000,0.09929230109371649,False,transport_margin,2017,2017,USD,2024,resolved,https://apps.bea.gov/industry/xls/io-annual/Supply_2017_DET.xlsx,7a3a403f7a7e8335e61776c1da6c423409d54090acaee597bbae738fa9a6703e,none
327910,327910,0.19611837872614196,True,foreign_import,2017,2017,USD,2024,resolved,https://apps.bea.gov/industry/xls/io-annual/Supply_2017_DET.xlsx,7a3a403f7a7e8335e61776c1da6c423409d54090acaee597bbae738fa9a6703e,none
327910,327910,0.009864893845164058,True,product_tax,2017,2017,USD,2024,resolved,https://apps.bea.gov/industry/xls/io-annual/Supply_2017_DET.xlsx,7a3a403f7a7e8335e61776c1da6c423409d54090acaee597bbae738fa9a6703e,none
327991,327991,0.4239643194098979,False,basic_price,2017,2017,USD,2024,resolved,https://apps.bea.gov/industry/xls/io-annual/Supply_2017_DET.xlsx,7a3a403f7a7e8335e61776c1da6c423409d54090acaee597bbae738fa9a6703e,none
327991,423400,0.18560768505017583,False,trade_margin,2017,2017,USD,2024,resolved,https://apps.bea.gov/industry/xls/io-annual/Supply_2017_DET.xlsx,7a3a403f7a7e8335e61776c1da6c423409d54090acaee597bbae738fa9a6703e,none
327991,484000,0.09469079680933185,False,transport_margin,2017,2017,USD,2024,resolved,https://apps.bea.gov/industry/xls/io-annual/Supply_2017_DET.xlsx,7a3a403f7a7e8335e61776c1da6c423409d54090acaee597bbae738fa9a6703e,none
327991,327991,0.2736941418646539,True,foreign_import,2017,2017,USD,2024,resolved,https://apps.bea.gov/industry/xls/io-annual/Supply_2017_DET.xlsx,7a3a403f7a7e8335e61776c1da6c423409d54090acaee597bbae738fa9a6703e,none
327991,327991,0.022043056865940474,True,product_tax,2017,2017,USD,2024,resolved,https://apps.bea.gov/industry/xls/io-annual/Supply_2017_DET.xlsx,7a3a403f7a7e8335e61776c1da6c423409d54090acaee597bbae738fa9a6703e,none
327992,327992,0.6598573281452659,False,basic_price,2017,2017,USD,2024,resolved,https://apps.bea.gov/industry/xls/io-annual/Supply_2017_DET.xlsx,7a3a403f7a7e8335e61776c1da6c423409d54090acaee597bbae738fa9a6703e,none
327992,423400,0.019617380025940337,False,trade_margin,2017,2017,USD,2024,resolved,https://apps.bea.gov/industry/xls/io-annual/Supply_2017_DET.xlsx,7a3a403f7a7e8335e61776c1da6c423409d54090acaee597bbae738fa9a6703e,none
327992,484000,0.24075875486381323,False,transport_margin,2017,2017,USD,2024,resolved,https://apps.bea.gov/industry/xls/io-annual/Supply_2017_DET.xlsx,7a3a403f7a7e8335e61776c1da6c423409d54090acaee597bbae738fa9a6703e,none
327992,327992,0.07522697795071337,True,foreign_import,2017,2017,USD,2024,resolved,https://apps.bea.gov/industry/xls/io-annual/Supply_2017_DET.xlsx,7a3a403f7a7e8335e61776c1da6c423409d54090acaee597bbae738fa9a6703e,none
327992,327992,0.004539559014267185,True,product_tax,2017,2017,USD,2024,resolved,https://apps.bea.gov/industry/xls/io-annual/Supply_2017_DET.xlsx,7a3a403f7a7e8335e61776c1da6c423409d54090acaee597bbae738fa9a6703e,none
327993,327993,0.6732403573763347,False,basic_price,2017,2017,USD,2024,resolved,https://apps.bea.gov/industry/xls/io-annual/Supply_2017_DET.xlsx,7a3a403f7a7e8335e61776c1da6c423409d54090acaee597bbae738fa9a6703e,none
327993,423400,0.11320549139246024,False,trade_margin,2017,2017,USD,2024,resolved,https://apps.bea.gov/industry/xls/io-annual/Supply_2017_DET.xlsx,7a3a403f7a7e8335e61776c1da6c423409d54090acaee597bbae738fa9a6703e,none
327993,484000,0.11004576160383525,False,transport_margin,2017,2017,USD,2024,resolved,https://apps.bea.gov/industry/xls/io-annual/Supply_2017_DET.xlsx,7a3a403f7a7e8335e61776c1da6c423409d54090acaee597bbae738fa9a6703e,none
327993,327993,0.0893440836783613,True,foreign_import,2017,2017,USD,2024,resolved,https://apps.bea.gov/industry/xls/io-annual/Supply_2017_DET.xlsx,7a3a403f7a7e8335e61776c1da6c423409d54090acaee597bbae738fa9a6703e,none
327993,327993,0.014164305949008499,True,product_tax,2017,2017,USD,2024,resolved,https://apps.bea.gov/industry/xls/io-annual/Supply_2017_DET.xlsx,7a3a403f7a7e8335e61776c1da6c423409d54090acaee597bbae738fa9a6703e,none
327999,327999,0.6868102288021534,False,basic_price,2017,2017,USD,2024,resolved,https://apps.bea.gov/industry/xls/io-annual/Supply_2017_DET.xlsx,7a3a403f7a7e8335e61776c1da6c423409d54090acaee597bbae738fa9a6703e,none
327999,423400,0.11238223418573351,False,trade_margin,2017,2017,USD,2024,resolved,https://apps.bea.gov/industry/xls/io-annual/Supply_2017_DET.xlsx,7a3a403f7a7e8335e61776c1da6c423409d54090acaee597bbae738fa9a6703e,none
327999,484000,0.10915208613728129,False,transport_margin,2017,2017,USD,2024,resolved,https://apps.bea.gov/industry/xls/io-annual/Supply_2017_DET.xlsx,7a3a403f7a7e8335e61776c1da6c423409d54090acaee597bbae738fa9a6703e,none
327999,327999,0.0791386271870794,True,foreign_import,2017,2017,USD,2024,resolved,https://apps.bea.gov/industry/xls/io-annual/Supply_2017_DET.xlsx,7a3a403f7a7e8335e61776c1da6c423409d54090acaee597bbae738fa9a6703e,none
327999,327999,0.012516823687752355,True,product_tax,2017,2017,USD,2024,resolved,https://apps.bea.gov/industry/xls/io-annual/Supply_2017_DET.xlsx,7a3a403f7a7e8335e61776c1da6c423409d54090acaee597bbae738fa9a6703e,none
331110,331110,0.6551471580286413,False,basic_price,2017,2017,USD,2024,resolved,https://apps.bea.gov/industry/xls/io-annual/Supply_2017_DET.xlsx,7a3a403f7a7e8335e61776c1da6c423409d54090acaee597bbae738fa9a6703e,none
331110,423400,0.08253827522181319,False,trade_margin,2017,2017,USD,2024,resolved,https://apps.bea.gov/industry/xls/io-annual/Supply_2017_DET.xlsx,7a3a403f7a7e8335e61776c1da6c423409d54090acaee597bbae738fa9a6703e,none
331110,484000,0.041188828710753043,False,transport_margin,2017,2017,USD,2024,resolved,https://apps.bea.gov/industry/xls/io-annual/Supply_2017_DET.xlsx,7a3a403f7a7e8335e61776c1da6c423409d54090acaee597bbae738fa9a6703e,none
331110,331110,0.2164228488458005,True,foreign_import,2017,2017,USD,2024,resolved,https://apps.bea.gov/industry/xls/io-annual/Supply_2017_DET.xlsx,7a3a403f7a7e8335e61776c1da6c423409d54090acaee597bbae738fa9a6703e,none
331110,331110,0.0047028891929919246,True,product_tax,2017,2017,USD,2024,resolved,https://apps.bea.gov/industry/xls/io-annual/Supply_2017_DET.xlsx,7a3a403f7a7e8335e61776c1da6c423409d54090acaee597bbae738fa9a6703e,none
331200,331200,0.5825615825615826,False,basic_price,2017,2017,USD,2024,resolved,https://apps.bea.gov/industry/xls/io-annual/Supply_2017_DET.xlsx,7a3a403f7a7e8335e61776c1da6c423409d54090acaee597bbae738fa9a6703e,none
331200,423400,0.14553014553014554,False,trade_margin,2017,2017,USD,2024,resolved,https://apps.bea.gov/industry/xls/io-annual/Supply_2017_DET.xlsx,7a3a403f7a7e8335e61776c1da6c423409d54090acaee597bbae738fa9a6703e,none
331200,484000,0.023310023310023312,False,transport_margin,2017,2017,USD,2024,resolved,https://apps.bea.gov/industry/xls/io-annual/Supply_2017_DET.xlsx,7a3a403f7a7e8335e61776c1da6c423409d54090acaee597bbae738fa9a6703e,none
331200,331200,0.23391923391923394,True,foreign_import,2017,2017,USD,2024,resolved,https://apps.bea.gov/industry/xls/io-annual/Supply_2017_DET.xlsx,7a3a403f7a7e8335e61776c1da6c423409d54090acaee597bbae738fa9a6703e,none
331200,331200,0.01467901467901468,True,product_tax,2017,2017,USD,2024,resolved,https://apps.bea.gov/industry/xls/io-annual/Supply_2017_DET.xlsx,7a3a403f7a7e8335e61776c1da6c423409d54090acaee597bbae738fa9a6703e,none
331313,331314,0.4003451251078516,False,basic_price,2017,2017,USD,2024,resolved,https://apps.bea.gov/industry/xls/io-annual/Supply_2017_DET.xlsx,7a3a403f7a7e8335e61776c1da6c423409d54090acaee597bbae738fa9a6703e,none
331313,423400,0.0800145315834885,False,trade_margin,2017,2017,USD,2024,resolved,https://apps.bea.gov/industry/xls/io-annual/Supply_2017_DET.xlsx,7a3a403f7a7e8335e61776c1da6c423409d54090acaee597bbae738fa9a6703e,none
331313,484000,0.028381999000953635,False,transport_margin,2017,2017,USD,2024,resolved,https://apps.bea.gov/industry/xls/io-annual/Supply_2017_DET.xlsx,7a3a403f7a7e8335e61776c1da6c423409d54090acaee597bbae738fa9a6703e,none
331313,331314,0.48680804686435675,True,foreign_import,2017,2017,USD,2024,resolved,https://apps.bea.gov/industry/xls/io-annual/Supply_2017_DET.xlsx,7a3a403f7a7e8335e61776c1da6c423409d54090acaee597bbae738fa9a6703e,none
331313,331314,0.00445029744334953,True,product_tax,2017,2017,USD,2024,resolved,https://apps.bea.gov/industry/xls/io-annual/Supply_2017_DET.xlsx,7a3a403f7a7e8335e61776c1da6c423409d54090acaee597bbae738fa9a6703e,none
33131B,33131B,0.713914428639298,False,basic_price,2017,2017,USD,2024,resolved,https://apps.bea.gov/industry/xls/io-annual/Supply_2017_DET.xlsx,7a3a403f7a7e8335e61776c1da6c423409d54090acaee597bbae738fa9a6703e,none
33131B,423400,0.08397842550932007,False,trade_margin,2017,2017,USD,2024,resolved,https://apps.bea.gov/industry/xls/io-annual/Supply_2017_DET.xlsx,7a3a403f7a7e8335e61776c1da6c423409d54090acaee597bbae738fa9a6703e,none
33131B,484000,0.028337478690998518,False,transport_margin,2017,2017,USD,2024,resolved,https://apps.bea.gov/industry/xls/io-annual/Supply_2017_DET.xlsx,7a3a403f7a7e8335e61776c1da6c423409d54090acaee597bbae738fa9a6703e,none
33131B,33131B,0.16563731380823296,True,foreign_import,2017,2017,USD,2024,resolved,https://apps.bea.gov/industry/xls/io-annual/Supply_2017_DET.xlsx,7a3a403f7a7e8335e61776c1da6c423409d54090acaee597bbae738fa9a6703e,none
33131B,33131B,0.008132353352150462,True,product_tax,2017,2017,USD,2024,resolved,https://apps.bea.gov/industry/xls/io-annual/Supply_2017_DET.xlsx,7a3a403f7a7e8335e61776c1da6c423409d54090acaee597bbae738fa9a6703e,none
331410,331410,0.39611869223482427,False,basic_price,2017,2017,USD,2024,resolved,https://apps.bea.gov/industry/xls/io-annual/Supply_2017_DET.xlsx,7a3a403f7a7e8335e61776c1da6c423409d54090acaee597bbae738fa9a6703e,none
331410,423400,0.08310504621214061,False,trade_margin,2017,2017,USD,2024,resolved,https://apps.bea.gov/industry/xls/io-annual/Supply_2017_DET.xlsx,7a3a403f7a7e8335e61776c1da6c423409d54090acaee597bbae738fa9a6703e,none
331410,484000,0.028392944007783097,False,transport_margin,2017,2017,USD,2024,resolved,https://apps.bea.gov/industry/xls/io-annual/Supply_2017_DET.xlsx,7a3a403f7a7e8335e61776c1da6c423409d54090acaee597bbae738fa9a6703e,none
331410,331410,0.4855987096443841,True,foreign_import,2017,2017,USD,2024,resolved,https://apps.bea.gov/industry/xls/io-annual/Supply_2017_DET.xlsx,7a3a403f7a7e8335e61776c1da6c423409d54090acaee597bbae738fa9a6703e,none
331410,331410,0.006784607900867917,True,product_tax,2017,2017,USD,2024,resolved,https://apps.bea.gov/industry/xls/io-annual/Supply_2017_DET.xlsx,7a3a403f7a7e8335e61776c1da6c423409d54090acaee597bbae738fa9a6703e,none
331420,331420,0.7624622212020353,False,basic_price,2017,2017,USD,2024,resolved,https://apps.bea.gov/industry/xls/io-annual/Supply_2017_DET.xlsx,7a3a403f7a7e8335e61776c1da6c423409d54090acaee597bbae738fa9a6703e,none
331420,423400,0.08416542331382226,False,trade_margin,2017,2017,USD,2024,resolved,https://apps.bea.gov/industry/xls/io-annual/Supply_2017_DET.xlsx,7a3a403f7a7e8335e61776c1da6c423409d54090acaee597bbae738fa9a6703e,none
331420,484000,0.02624430926967367,False,transport_margin,2017,2017,USD,2024,resolved,https://apps.bea.gov/industry/xls/io-annual/Supply_2017_DET.xlsx,7a3a403f7a7e8335e61776c1da6c423409d54090acaee597bbae738fa9a6703e,none
331420,331420,0.12138949462489002,True,foreign_import,2017,2017,USD,2024,resolved,https://apps.bea.gov/industry/xls/io-annual/Supply_2017_DET.xlsx,7a3a403f7a7e8335e61776c1da6c423409d54090acaee597bbae738fa9a6703e,none
331420,331420,0.005738551589578791,True,product_tax,2017,2017,USD,2024,resolved,https://apps.bea.gov/industry/xls/io-annual/Supply_2017_DET.xlsx,7a3a403f7a7e8335e61776c1da6c423409d54090acaee597bbae738fa9a6703e,none
331490,331490,0.7120415318230853,False,basic_price,2017,2017,USD,2024,resolved,https://apps.bea.gov/industry/xls/io-annual/Supply_2017_DET.xlsx,7a3a403f7a7e8335e61776c1da6c423409d54090acaee597bbae738fa9a6703e,none
331490,423400,0.08454692556634304,False,trade_margin,2017,2017,USD,2024,resolved,https://apps.bea.gov/industry/xls/io-annual/Supply_2017_DET.xlsx,7a3a403f7a7e8335e61776c1da6c423409d54090acaee597bbae738fa9a6703e,none
331490,484000,0.025485436893203883,False,transport_margin,2017,2017,USD,2024,resolved,https://apps.bea.gov/industry/xls/io-annual/Supply_2017_DET.xlsx,7a3a403f7a7e8335e61776c1da6c423409d54090acaee597bbae738fa9a6703e,none
331490,331490,0.16794768069039914,True,foreign_import,2017,2017,USD,2024,resolved,https://apps.bea.gov/industry/xls/io-annual/Supply_2017_DET.xlsx,7a3a403f7a7e8335e61776c1da6c423409d54090acaee597bbae738fa9a6703e,none
331490,331490,0.009978425026968716,True,product_tax,2017,2017,USD,2024,resolved,https://apps.bea.gov/industry/xls/io-annual/Supply_2017_DET.xlsx,7a3a403f7a7e8335e61776c1da6c423409d54090acaee597bbae738fa9a6703e,none
331510,331510,0.8419521159834601,False,basic_price,2017,2017,USD,2024,resolved,https://apps.bea.gov/industry/xls/io-annual/Supply_2017_DET.xlsx,7a3a403f7a7e8335e61776c1da6c423409d54090acaee597bbae738fa9a6703e,none
331510,423400,0.08234213078768697,False,trade_margin,2017,2017,USD,2024,resolved,https://apps.bea.gov/industry/xls/io-annual/Supply_2017_DET.xlsx,7a3a403f7a7e8335e61776c1da6c423409d54090acaee597bbae738fa9a6703e,none
331510,484000,0.02486089131655521,False,transport_margin,2017,2017,USD,2024,resolved,https://apps.bea.gov/industry/xls/io-annual/Supply_2017_DET.xlsx,7a3a403f7a7e8335e61776c1da6c423409d54090acaee597bbae738fa9a6703e,none
331510,331510,0.04604625044667926,True,foreign_import,2017,2017,USD,2024,resolved,https://apps.bea.gov/industry/xls/io-annual/Supply_2017_DET.xlsx,7a3a403f7a7e8335e61776c1da6c423409d54090acaee597bbae738fa9a6703e,none
331510,331510,0.004798611465618459,True,product_tax,2017,2017,USD,2024,resolved,https://apps.bea.gov/industry/xls/io-annual/Supply_2017_DET.xlsx,7a3a403f7a7e8335e61776c1da6c423409d54090acaee597bbae738fa9a6703e,none
331520,331520,0.87972017988436,False,basic_price,2017,2017,USD,2024,resolved,https://apps.bea.gov/industry/xls/io-annual/Supply_2017_DET.xlsx,7a3a403f7a7e8335e61776c1da6c423409d54090acaee597bbae738fa9a6703e,none
331520,423400,0.08394603469198372,False,trade_margin,2017,2017,USD,2024,resolved,https://apps.bea.gov/industry/xls/io-annual/Supply_2017_DET.xlsx,7a3a403f7a7e8335e61776c1da6c423409d54090acaee597bbae738fa9a6703e,none
331520,484000,0.025126704261546146,False,transport_margin,2017,2017,USD,2024,resolved,https://apps.bea.gov/industry/xls/io-annual/Supply_2017_DET.xlsx,7a3a403f7a7e8335e61776c1da6c423409d54090acaee597bbae738fa9a6703e,none
331520,331520,0.006424441430508958,True,foreign_import,2017,2017,USD,2024,resolved,https://apps.bea.gov/industry/xls/io-annual/Supply_2017_DET.xlsx,7a3a403f7a7e8335e61776c1da6c423409d54090acaee597bbae738fa9a6703e,none
331520,331520,0.004782639731601113,True,product_tax,2017,2017,USD,2024,resolved,https://apps.bea.gov/industry/xls/io-annual/Supply_2017_DET.xlsx,7a3a403f7a7e8335e61776c1da6c423409d54090acaee597bbae738fa9a6703e,none
332114,332114,0.8863066156080813,False,basic_price,2017,2017,USD,2024,resolved,https://apps.bea.gov/industry/xls/io-annual/Supply_2017_DET.xlsx,7a3a403f7a7e8335e61776c1da6c423409d54090acaee597bbae738fa9a6703e,none
332114,423400,0.08437871385184208,False,trade_margin,2017,2017,USD,2024,resolved,https://apps.bea.gov/industry/xls/io-annual/Supply_2017_DET.xlsx,7a3a403f7a7e8335e61776c1da6c423409d54090acaee597bbae738fa9a6703e,none
332114,484000,0.02416479598573881,False,transport_margin,2017,2017,USD,2024,resolved,https://apps.bea.gov/industry/xls/io-annual/Supply_2017_DET.xlsx,7a3a403f7a7e8335e61776c1da6c423409d54090acaee597bbae738fa9a6703e,none
332114,332114,0.005149874554337779,True,product_tax,2017,2017,USD,2024,resolved,https://apps.bea.gov/industry/xls/io-annual/Supply_2017_DET.xlsx,7a3a403f7a7e8335e61776c1da6c423409d54090acaee597bbae738fa9a6703e,none
33211A,33211A,0.8927373536860839,False,basic_price,2017,2017,USD,2024,resolved,https://apps.bea.gov/industry/xls/io-annual/Supply_2017_DET.xlsx,7a3a403f7a7e8335e61776c1da6c423409d54090acaee597bbae738fa9a6703e,none
33211A,423400,0.075980559928811,False,trade_margin,2017,2017,USD,2024,resolved,https://apps.bea.gov/industry/xls/io-annual/Supply_2017_DET.xlsx,7a3a403f7a7e8335e61776c1da6c423409d54090acaee597bbae738fa9a6703e,none
33211A,484000,0.02628516667807516,False,transport_margin,2017,2017,USD,2024,resolved,https://apps.bea.gov/industry/xls/io-annual/Supply_2017_DET.xlsx,7a3a403f7a7e8335e61776c1da6c423409d54090acaee597bbae738fa9a6703e,none
33211A,33211A,0.004996919707029913,True,product_tax,2017,2017,USD,2024,resolved,https://apps.bea.gov/industry/xls/io-annual/Supply_2017_DET.xlsx,7a3a403f7a7e8335e61776c1da6c423409d54090acaee597bbae738fa9a6703e,none
332119,332119,0.7372002155753167,False,basic_price,2017,2017,USD,2024,resolved,https://apps.bea.gov/industry/xls/io-annual/Supply_2017_DET.xlsx,7a3a403f7a7e8335e61776c1da6c423409d54090acaee597bbae738fa9a6703e,none
332119,423400,0.18909997305308543,False,trade_margin,2017,2017,USD,2024,resolved,https://apps.bea.gov/industry/xls/io-annual/Supply_2017_DET.xlsx,7a3a403f7a7e8335e61776c1da6c423409d54090acaee597bbae738fa9a6703e,none
332119,484000,0.021288062516841823,False,transport_margin,2017,2017,USD,2024,resolved,https://apps.bea.gov/industry/xls/io-annual/Supply_2017_DET.xlsx,7a3a403f7a7e8335e61776c1da6c423409d54090acaee597bbae738fa9a6703e,none
332119,332119,0.043654001616814875,True,foreign_import,2017,2017,USD,2024,resolved,https://apps.bea.gov/industry/xls/io-annual/Supply_2017_DET.xlsx,7a3a403f7a7e8335e61776c1da6c423409d54090acaee597bbae738fa9a6703e,none
332119,332119,0.008757747237941255,True,product_tax,2017,2017,USD,2024,resolved,https://apps.bea.gov/industry/xls/io-annual/Supply_2017_DET.xlsx,7a3a403f7a7e8335e61776c1da6c423409d54090acaee597bbae738fa9a6703e,none
332200,332200,0.24700273632542527,False,basic_price,2017,2017,USD,2024,resolved,https://apps.bea.gov/industry/xls/io-annual/Supply_2017_DET.xlsx,7a3a403f7a7e8335e61776c1da6c423409d54090acaee597bbae738fa9a6703e,none
332200,423400,0.46379305481113714,False,trade_margin,2017,2017,USD,2024,resolved,https://apps.bea.gov/industry/xls/io-annual/Supply_2017_DET.xlsx,7a3a403f7a7e8335e61776c1da6c423409d54090acaee597bbae738fa9a6703e,none
332200,484000,0.013935512990493384,False,transport_margin,2017,2017,USD,2024,resolved,https://apps.bea.gov/industry/xls/io-annual/Supply_2017_DET.xlsx,7a3a403f7a7e8335e61776c1da6c423409d54090acaee597bbae738fa9a6703e,none
332200,332200,0.21820079550904115,True,foreign_import,2017,2017,USD,2024,resolved,https://apps.bea.gov/industry/xls/io-annual/Supply_2017_DET.xlsx,7a3a403f7a7e8335e61776c1da6c423409d54090acaee597bbae738fa9a6703e,none
332200,332200,0.05706790036390307,True,product_tax,2017,2017,USD,2024,resolved,https://apps.bea.gov/industry/xls/io-annual/Supply_2017_DET.xlsx,7a3a403f7a7e8335e61776c1da6c423409d54090acaee597bbae738fa9a6703e,none
332310,332310,0.7612903225806451,False,basic_price,2017,2017,USD,2024,resolved,https://apps.bea.gov/industry/xls/io-annual/Supply_2017_DET.xlsx,7a3a403f7a7e8335e61776c1da6c423409d54090acaee597bbae738fa9a6703e,none
332310,423400,0.12885646479739826,False,trade_margin,2017,2017,USD,2024,resolved,https://apps.bea.gov/industry/xls/io-annual/Supply_2017_DET.xlsx,7a3a403f7a7e8335e61776c1da6c423409d54090acaee597bbae738fa9a6703e,none
332310,484000,0.023187131932846973,False,transport_margin,2017,2017,USD,2024,resolved,https://apps.bea.gov/industry/xls/io-annual/Supply_2017_DET.xlsx,7a3a403f7a7e8335e61776c1da6c423409d54090acaee597bbae738fa9a6703e,none
332310,332310,0.07188186692449679,True,foreign_import,2017,2017,USD,2024,resolved,https://apps.bea.gov/industry/xls/io-annual/Supply_2017_DET.xlsx,7a3a403f7a7e8335e61776c1da6c423409d54090acaee597bbae738fa9a6703e,none
332310,332310,0.014784213764612815,True,product_tax,2017,2017,USD,2024,resolved,https://apps.bea.gov/industry/xls/io-annual/Supply_2017_DET.xlsx,7a3a403f7a7e8335e61776c1da6c423409d54090acaee597bbae738fa9a6703e,none
332320,332320,0.7023258181077917,False,basic_price,2017,2017,USD,2024,resolved,https://apps.bea.gov/industry/xls/io-annual/Supply_2017_DET.xlsx,7a3a403f7a7e8335e61776c1da6c423409d54090acaee597bbae738fa9a6703e,none
332320,423400,0.21597367126401684,False,trade_margin,2017,2017,USD,2024,resolved,https://apps.bea.gov/industry/xls/io-annual/Supply_2017_DET.xlsx,7a3a403f7a7e8335e61776c1da6c423409d54090acaee597bbae738fa9a6703e,none
332320,484000,0.02042512765704786,False,transport_margin,2017,2017,USD,2024,resolved,https://apps.bea.gov/industry/xls/io-annual/Supply_2017_DET.xlsx,7a3a403f7a7e8335e61776c1da6c423409d54090acaee597bbae738fa9a6703e,none
332320,332320,0.02858500008482196,True,foreign_import,2017,2017,USD,2024,resolved,https://apps.bea.gov/industry/xls/io-annual/Supply_2017_DET.xlsx,7a3a403f7a7e8335e61776c1da6c423409d54090acaee597bbae738fa9a6703e,none
332320,332320,0.03269038288632161,True,product_tax,2017,2017,USD,2024,resolved,https://apps.bea.gov/industry/xls/io-annual/Supply_2017_DET.xlsx,7a3a403f7a7e8335e61776c1da6c423409d54090acaee597bbae738fa9a6703e,none
332410,332410,0.5268687174060918,False,basic_price,2017,2017,USD,2024,resolved,https://apps.bea.gov/industry/xls/io-annual/Supply_2017_DET.xlsx,7a3a403f7a7e8335e61776c1da6c423409d54090acaee597bbae738fa9a6703e,none
332410,423400,0.2658907112085254,False,trade_margin,2017,2017,USD,2024,resolved,https://apps.bea.gov/industry/xls/io-annual/Supply_2017_DET.xlsx,7a3a403f7a7e8335e61776c1da6c423409d54090acaee597bbae738fa9a6703e,none
332410,484000,0.01866827904164462,False,transport_margin,2017,2017,USD,2024,resolved,https://apps.bea.gov/industry/xls/io-annual/Supply_2017_DET.xlsx,7a3a403f7a7e8335e61776c1da6c423409d54090acaee597bbae738fa9a6703e,none
332410,332410,0.159927443125992,True,foreign_import,2017,2017,USD,2024,resolved,https://apps.bea.gov/industry/xls/io-annual/Supply_2017_DET.xlsx,7a3a403f7a7e8335e61776c1da6c423409d54090acaee597bbae738fa9a6703e,none
332410,332410,0.028644849217746203,True,product_tax,2017,2017,USD,2024,resolved,https://apps.bea.gov/industry/xls/io-annual/Supply_2017_DET.xlsx,7a3a403f7a7e8335e61776c1da6c423409d54090acaee597bbae738fa9a6703e,none
332420,332420,0.7994243747518857,False,basic_price,2017,2017,USD,2024,resolved,https://apps.bea.gov/industry/xls/io-annual/Supply_2017_DET.xlsx,7a3a403f7a7e8335e61776c1da6c423409d54090acaee597bbae738fa9a6703e,none
332420,423400,0.047439460103215564,False,trade_margin,2017,2017,USD,2024,resolved,https://apps.bea.gov/industry/xls/io-annual/Supply_2017_DET.xlsx,7a3a403f7a7e8335e61776c1da6c423409d54090acaee597bbae738fa9a6703e,none
332420,484000,0.024910678840809844,False,transport_margin,2017,2017,USD,2024,resolved,https://apps.bea.gov/industry/xls/io-annual/Supply_2017_DET.xlsx,7a3a403f7a7e8335e61776c1da6c423409d54090acaee597bbae738fa9a6703e,none
332420,332420,0.12554585152838427,True,foreign_import,2017,2017,USD,2024,resolved,https://apps.bea.gov/industry/xls/io-annual/Supply_2017_DET.xlsx,7a3a403f7a7e8335e61776c1da6c423409d54090acaee597bbae738fa9a6703e,none
332420,332420,0.002679634775704645,True,product_tax,2017,2017,USD,2024,resolved,https://apps.bea.gov/industry/xls/io-annual/Supply_2017_DET.xlsx,7a3a403f7a7e8335e61776c1da6c423409d54090acaee597bbae738fa9a6703e,none
332430,332430,0.8325046171331155,False,basic_price,2017,2017,USD,2024,resolved,https://apps.bea.gov/industry/xls/io-annual/Supply_2017_DET.xlsx,7a3a403f7a7e8335e61776c1da6c423409d54090acaee597bbae738fa9a6703e,none
332430,423400,0.08538144622815741,False,trade_margin,2017,2017,USD,2024,resolved,https://apps.bea.gov/industry/xls/io-annual/Supply_2017_DET.xlsx,7a3a403f7a7e8335e61776c1da6c423409d54090acaee597bbae738fa9a6703e,none
332430,484000,0.025003551640858077,False,transport_margin,2017,2017,USD,2024,resolved,https://apps.bea.gov/industry/xls/io-annual/Supply_2017_DET.xlsx,7a3a403f7a7e8335e61776c1da6c423409d54090acaee597bbae738fa9a6703e,none
332430,332430,0.0506227210304494,True,foreign_import,2017,2017,USD,2024,resolved,https://apps.bea.gov/industry/xls/io-annual/Supply_2017_DET.xlsx,7a3a403f7a7e8335e61776c1da6c423409d54090acaee597bbae738fa9a6703e,none
332430,332430,0.006487663967419614,True,product_tax,2017,2017,USD,2024,resolved,https://apps.bea.gov/industry/xls/io-annual/Supply_2017_DET.xlsx,7a3a403f7a7e8335e61776c1da6c423409d54090acaee597bbae738fa9a6703e,none
332500,332500,0.2859201991744742,False,basic_price,2017,2017,USD,2024,resolved,https://apps.bea.gov/industry/xls/io-annual/Supply_2017_DET.xlsx,7a3a403f7a7e8335e61776c1da6c423409d54090acaee597bbae738fa9a6703e,none
332500,423400,0.3971368669331062,False,trade_margin,2017,2017,USD,2024,resolved,https://apps.bea.gov/industry/xls/io-annual/Supply_2017_DET.xlsx,7a3a403f7a7e8335e61776c1da6c423409d54090acaee597bbae738fa9a6703e,none
332500,484000,0.01585533643451484,False,transport_margin,2017,2017,USD,2024,resolved,https://apps.bea.gov/industry/xls/io-annual/Supply_2017_DET.xlsx,7a3a403f7a7e8335e61776c1da6c423409d54090acaee597bbae738fa9a6703e,none
332500,332500,0.24919740549040162,True,foreign_import,2017,2017,USD,2024,resolved,https://apps.bea.gov/industry/xls/io-annual/Supply_2017_DET.xlsx,7a3a403f7a7e8335e61776c1da6c423409d54090acaee597bbae738fa9a6703e,none
332500,332500,0.051890191967503115,True,product_tax,2017,2017,USD,2024,resolved,https://apps.bea.gov/industry/xls/io-annual/Supply_2017_DET.xlsx,7a3a403f7a7e8335e61776c1da6c423409d54090acaee597bbae738fa9a6703e,none
332600,332600,0.6718638419423947,False,basic_price,2017,2017,USD,2024,resolved,https://apps.bea.gov/industry/xls/io-annual/Supply_2017_DET.xlsx,7a3a403f7a7e8335e61776c1da6c423409d54090acaee597bbae738fa9a6703e,none
332600,423400,0.1011663889550107,False,trade_margin,2017,2017,USD,2024,resolved,https://apps.bea.gov/industry/xls/io-annual/Supply_2017_DET.xlsx,7a3a403f7a7e8335e61776c1da6c423409d54090acaee597bbae738fa9a6703e,none
332600,484000,0.023327779100214236,False,transport_margin,2017,2017,USD,2024,resolved,https://apps.bea.gov/industry/xls/io-annual/Supply_2017_DET.xlsx,7a3a403f7a7e8335e61776c1da6c423409d54090acaee597bbae738fa9a6703e,none
332600,332600,0.1943584860747441,True,foreign_import,2017,2017,USD,2024,resolved,https://apps.bea.gov/industry/xls/io-annual/Supply_2017_DET.xlsx,7a3a403f7a7e8335e61776c1da6c423409d54090acaee597bbae738fa9a6703e,none
332600,332600,0.009283503927636277,True,product_tax,2017,2017,USD,2024,resolved,https://apps.bea.gov/industry/xls/io-annual/Supply_2017_DET.xlsx,7a3a403f7a7e8335e61776c1da6c423409d54090acaee597bbae738fa9a6703e,none
332710,332710,0.9725387240745602,False,basic_price,2017,2017,USD,2024,resolved,https://apps.bea.gov/industry/xls/io-annual/Supply_2017_DET.xlsx,7a3a403f7a7e8335e61776c1da6c423409d54090acaee597bbae738fa9a6703e,none
332710,484000,0.02746127592543975,False,transport_margin,2017,2017,USD,2024,resolved,https://apps.bea.gov/industry/xls/io-annual/Supply_2017_DET.xlsx,7a3a403f7a7e8335e61776c1da6c423409d54090acaee597bbae738fa9a6703e,none
332720,332720,0.6473924163238074,False,basic_price,2017,2017,USD,2024,resolved,https://apps.bea.gov/industry/xls/io-annual/Supply_2017_DET.xlsx,7a3a403f7a7e8335e61776c1da6c423409d54090acaee597bbae738fa9a6703e,none
332720,423400,0.20500389191593463,False,trade_margin,2017,2017,USD,2024,resolved,https://apps.bea.gov/industry/xls/io-annual/Supply_2017_DET.xlsx,7a3a403f7a7e8335e61776c1da6c423409d54090acaee597bbae738fa9a6703e,none
332720,484000,0.020816190370288003,False,transport_margin,2017,2017,USD,2024,resolved,https://apps.bea.gov/industry/xls/io-annual/Supply_2017_DET.xlsx,7a3a403f7a7e8335e61776c1da6c423409d54090acaee597bbae738fa9a6703e,none
332720,332720,0.1034360057822751,True,foreign_import,2017,2017,USD,2024,resolved,https://apps.bea.gov/industry/xls/io-annual/Supply_2017_DET.xlsx,7a3a403f7a7e8335e61776c1da6c423409d54090acaee597bbae738fa9a6703e,none
332720,332720,0.023351495607694873,True,product_tax,2017,2017,USD,2024,resolved,https://apps.bea.gov/industry/xls/io-annual/Supply_2017_DET.xlsx,7a3a403f7a7e8335e61776c1da6c423409d54090acaee597bbae738fa9a6703e,none
332800,332800,0.973067610355746,False,basic_price,2017,2017,USD,2024,resolved,https://apps.bea.gov/industry/xls/io-annual/Supply_2017_DET.xlsx,7a3a403f7a7e8335e61776c1da6c423409d54090acaee597bbae738fa9a6703e,none
332800,423400,7.450176941702365e-05,False,trade_margin,2017,2017,USD,2024,resolved,https://apps.bea.gov/industry/xls/io-annual/Supply_2017_DET.xlsx,7a3a403f7a7e8335e61776c1da6c423409d54090acaee597bbae738fa9a6703e,none
332800,484000,0.026857887874837026,False,transport_margin,2017,2017,USD,2024,resolved,https://apps.bea.gov/industry/xls/io-annual/Supply_2017_DET.xlsx,7a3a403f7a7e8335e61776c1da6c423409d54090acaee597bbae738fa9a6703e,none
332913,332913,0.40680742628321814,False,basic_price,2017,2017,USD,2024,resolved,https://apps.bea.gov/industry/xls/io-annual/Supply_2017_DET.xlsx,7a3a403f7a7e8335e61776c1da6c423409d54090acaee597bbae738fa9a6703e,none
332913,423400,0.40353112486348747,False,trade_margin,2017,2017,USD,2024,resolved,https://apps.bea.gov/industry/xls/io-annual/Supply_2017_DET.xlsx,7a3a403f7a7e8335e61776c1da6c423409d54090acaee597bbae738fa9a6703e,none
332913,484000,0.015107389879868949,False,transport_margin,2017,2017,USD,2024,resolved,https://apps.bea.gov/industry/xls/io-annual/Supply_2017_DET.xlsx,7a3a403f7a7e8335e61776c1da6c423409d54090acaee597bbae738fa9a6703e,none
332913,332913,0.11175828176192212,True,foreign_import,2017,2017,USD,2024,resolved,https://apps.bea.gov/industry/xls/io-annual/Supply_2017_DET.xlsx,7a3a403f7a7e8335e61776c1da6c423409d54090acaee597bbae738fa9a6703e,none
332913,332913,0.06279577721150346,True,product_tax,2017,2017,USD,2024,resolved,https://apps.bea.gov/industry/xls/io-annual/Supply_2017_DET.xlsx,7a3a403f7a7e8335e61776c1da6c423409d54090acaee597bbae738fa9a6703e,none
33291A,33291A,0.43521025085724596,False,basic_price,2017,2017,USD,2024,resolved,https://apps.bea.gov/industry/xls/io-annual/Supply_2017_DET.xlsx,7a3a403f7a7e8335e61776c1da6c423409d54090acaee597bbae738fa9a6703e,none
33291A,423400,0.2515430427720628,False,trade_margin,2017,2017,USD,2024,resolved,https://apps.bea.gov/industry/xls/io-annual/Supply_2017_DET.xlsx,7a3a403f7a7e8335e61776c1da6c423409d54090acaee597bbae738fa9a6703e,none
33291A,484000,0.019870059556036816,False,transport_margin,2017,2017,USD,2024,resolved,https://apps.bea.gov/industry/xls/io-annual/Supply_2017_DET.xlsx,7a3a403f7a7e8335e61776c1da6c423409d54090acaee597bbae738fa9a6703e,none
33291A,33291A,0.264067857787403,True,foreign_import,2017,2017,USD,2024,resolved,https://apps.bea.gov/industry/xls/io-annual/Supply_2017_DET.xlsx,7a3a403f7a7e8335e61776c1da6c423409d54090acaee597bbae738fa9a6703e,none
33291A,33291A,0.029308789027251397,True,product_tax,2017,2017,USD,2024,resolved,https://apps.bea.gov/industry/xls/io-annual/Supply_2017_DET.xlsx,7a3a403f7a7e8335e61776c1da6c423409d54090acaee597bbae738fa9a6703e,none
332991,332991,0.5103207096554078,False,basic_price,2017,2017,USD,2024,resolved,https://apps.bea.gov/industry/xls/io-annual/Supply_2017_DET.xlsx,7a3a403f7a7e8335e61776c1da6c423409d54090acaee597bbae738fa9a6703e,none
332991,423400,0.19549641760491301,False,trade_margin,2017,2017,USD,2024,resolved,https://apps.bea.gov/industry/xls/io-annual/Supply_2017_DET.xlsx,7a3a403f7a7e8335e61776c1da6c423409d54090acaee597bbae738fa9a6703e,none
332991,484000,0.021750255885363362,False,transport_margin,2017,2017,USD,2024,resolved,https://apps.bea.gov/industry/xls/io-annual/Supply_2017_DET.xlsx,7a3a403f7a7e8335e61776c1da6c423409d54090acaee597bbae738fa9a6703e,none
332991,332991,0.2460764244285227,True,foreign_import,2017,2017,USD,2024,resolved,https://apps.bea.gov/industry/xls/io-annual/Supply_2017_DET.xlsx,7a3a403f7a7e8335e61776c1da6c423409d54090acaee597bbae738fa9a6703e,none
332991,332991,0.02635619242579325,True,product_tax,2017,2017,USD,2024,resolved,https://apps.bea.gov/industry/xls/io-annual/Supply_2017_DET.xlsx,7a3a403f7a7e8335e61776c1da6c423409d54090acaee597bbae738fa9a6703e,none
332996,332996,0.7760240020871381,False,basic_price,2017,2017,USD,2024,resolved,https://apps.bea.gov/industry/xls/io-annual/Supply_2017_DET.xlsx,7a3a403f7a7e8335e61776c1da6c423409d54090acaee597bbae738fa9a6703e,none
332996,423400,0.1933211583615967,False,trade_margin,2017,2017,USD,2024,resolved,https://apps.bea.gov/industry/xls/io-annual/Supply_2017_DET.xlsx,7a3a403f7a7e8335e61776c1da6c423409d54090acaee597bbae738fa9a6703e,none
332996,484000,0.02074093399426037,False,transport_margin,2017,2017,USD,2024,resolved,https://apps.bea.gov/industry/xls/io-annual/Supply_2017_DET.xlsx,7a3a403f7a7e8335e61776c1da6c423409d54090acaee597bbae738fa9a6703e,none
332996,332996,0.009913905557004958,True,product_tax,2017,2017,USD,2024,resolved,https://apps.bea.gov/industry/xls/io-annual/Supply_2017_DET.xlsx,7a3a403f7a7e8335e61776c1da6c423409d54090acaee597bbae738fa9a6703e,none
33299A,33299A,0.4462669683257919,False,basic_price,2017,2017,USD,2024,resolved,https://apps.bea.gov/industry/xls/io-annual/Supply_2017_DET.xlsx,7a3a403f7a7e8335e61776c1da6c423409d54090acaee597bbae738fa9a6703e,none
33299A,423400,0.39490243212669685,False,trade_margin,2017,2017,USD,2024,resolved,https://apps.bea.gov/industry/xls/io-annual/Supply_2017_DET.xlsx,7a3a403f7a7e8335e61776c1da6c423409d54090acaee597bbae738fa9a6703e,none
33299A,484000,0.014529128959276019,False,transport_margin,2017,2017,USD,2024,resolved,https://apps.bea.gov/industry/xls/io-annual/Supply_2017_DET.xlsx,7a3a403f7a7e8335e61776c1da6c423409d54090acaee597bbae738fa9a6703e,none
33299A,33299A,0.09329044117647059,True,foreign_import,2017,2017,USD,2024,resolved,https://apps.bea.gov/industry/xls/io-annual/Supply_2017_DET.xlsx,7a3a403f7a7e8335e61776c1da6c423409d54090acaee597bbae738fa9a6703e,none
33299A,33299A,0.051011029411764705,True,product_tax,2017,2017,USD,2024,resolved,https://apps.bea.gov/industry/xls/io-annual/Supply_2017_DET.xlsx,7a3a403f7a7e8335e61776c1da6c423409d54090acaee597bbae738fa9a6703e,none
332999,332999,0.4183519922956543,False,basic_price,2017,2017,USD,2024,resolved,https://apps.bea.gov/industry/xls/io-annual/Supply_2017_DET.xlsx,7a3a403f7a7e8335e61776c1da6c423409d54090acaee597bbae738fa9a6703e,none
332999,423400,0.2430781268809438,False,trade_margin,2017,2017,USD,2024,resolved,https://apps.bea.gov/industry/xls/io-annual/Supply_2017_DET.xlsx,7a3a403f7a7e8335e61776c1da6c423409d54090acaee597bbae738fa9a6703e,none
332999,484000,0.01932105453232214,False,transport_margin,2017,2017,USD,2024,resolved,https://apps.bea.gov/industry/xls/io-annual/Supply_2017_DET.xlsx,7a3a403f7a7e8335e61776c1da6c423409d54090acaee597bbae738fa9a6703e,none
332999,332999,0.29417960755988926,True,foreign_import,2017,2017,USD,2024,resolved,https://apps.bea.gov/industry/xls/io-annual/Supply_2017_DET.xlsx,7a3a403f7a7e8335e61776c1da6c423409d54090acaee597bbae738fa9a6703e,none
332999,332999,0.025069218731190564,True,product_tax,2017,2017,USD,2024,resolved,https://apps.bea.gov/industry/xls/io-annual/Supply_2017_DET.xlsx,7a3a403f7a7e8335e61776c1da6c423409d54090acaee597bbae738fa9a6703e,none
333111,333111,0.5082335021201267,False,basic_price,2017,2017,USD,2024,resolved,https://apps.bea.gov/industry/xls/io-annual/Supply_2017_DET.xlsx,7a3a403f7a7e8335e61776c1da6c423409d54090acaee597bbae738fa9a6703e,none
333111,423400,0.26126960602692356,False,trade_margin,2017,2017,USD,2024,resolved,https://apps.bea.gov/industry/xls/io-annual/Supply_2017_DET.xlsx,7a3a403f7a7e8335e61776c1da6c423409d54090acaee597bbae738fa9a6703e,none
333111,484000,0.020686674076818574,False,transport_margin,2017,2017,USD,2024,resolved,https://apps.bea.gov/industry/xls/io-annual/Supply_2017_DET.xlsx,7a3a403f7a7e8335e61776c1da6c423409d54090acaee597bbae738fa9a6703e,none
333111,333111,0.19439298505619365,True,foreign_import,2017,2017,USD,2024,resolved,https://apps.bea.gov/industry/xls/io-annual/Supply_2017_DET.xlsx,7a3a403f7a7e8335e61776c1da6c423409d54090acaee597bbae738fa9a6703e,none
333111,333111,0.015417232719937425,True,product_tax,2017,2017,USD,2024,resolved,https://apps.bea.gov/industry/xls/io-annual/Supply_2017_DET.xlsx,7a3a403f7a7e8335e61776c1da6c423409d54090acaee597bbae738fa9a6703e,none
333112,333112,0.2915401301518438,False,basic_price,2017,2017,USD,2024,resolved,https://apps.bea.gov/industry/xls/io-annual/Supply_2017_DET.xlsx,7a3a403f7a7e8335e61776c1da6c423409d54090acaee597bbae738fa9a6703e,none
333112,423400,0.6237034115559061,False,trade_margin,2017,2017,USD,2024,resolved,https://apps.bea.gov/industry/xls/io-annual/Supply_2017_DET.xlsx,7a3a403f7a7e8335e61776c1da6c423409d54090acaee597bbae738fa9a6703e,none
333112,484000,0.00859790968250838,False,transport_margin,2017,2017,USD,2024,resolved,https://apps.bea.gov/industry/xls/io-annual/Supply_2017_DET.xlsx,7a3a403f7a7e8335e61776c1da6c423409d54090acaee597bbae738fa9a6703e,none
333112,333112,0.004732794320646815,True,foreign_import,2017,2017,USD,2024,resolved,https://apps.bea.gov/industry/xls/io-annual/Supply_2017_DET.xlsx,7a3a403f7a7e8335e61776c1da6c423409d54090acaee597bbae738fa9a6703e,none
333112,333112,0.07142575428909485,True,product_tax,2017,2017,USD,2024,resolved,https://apps.bea.gov/industry/xls/io-annual/Supply_2017_DET.xlsx,7a3a403f7a7e8335e61776c1da6c423409d54090acaee597bbae738fa9a6703e,none
333120,333120,0.49703243402395747,False,basic_price,2017,2017,USD,2024,resolved,https://apps.bea.gov/industry/xls/io-annual/Supply_2017_DET.xlsx,7a3a403f7a7e8335e61776c1da6c423409d54090acaee597bbae738fa9a6703e,none
333120,423400,0.23444546032139593,False,trade_margin,2017,2017,USD,2024,resolved,https://apps.bea.gov/industry/xls/io-annual/Supply_2017_DET.xlsx,7a3a403f7a7e8335e61776c1da6c423409d54090acaee597bbae738fa9a6703e,none
333120,484000,0.02093567432706761,False,transport_margin,2017,2017,USD,2024,resolved,https://apps.bea.gov/industry/xls/io-annual/Supply_2017_DET.xlsx,7a3a403f7a7e8335e61776c1da6c423409d54090acaee597bbae738fa9a6703e,none
333120,333120,0.2355612031426756,True,foreign_import,2017,2017,USD,2024,resolved,https://apps.bea.gov/industry/xls/io-annual/Supply_2017_DET.xlsx,7a3a403f7a7e8335e61776c1da6c423409d54090acaee597bbae738fa9a6703e,none
333120,333120,0.01202522818490338,True,product_tax,2017,2017,USD,2024,resolved,https://apps.bea.gov/industry/xls/io-annual/Supply_2017_DET.xlsx,7a3a403f7a7e8335e61776c1da6c423409d54090acaee597bbae738fa9a6703e,none
333130,333130,0.522315374183208,False,basic_price,2017,2017,USD,2024,resolved,https://apps.bea.gov/industry/xls/io-annual/Supply_2017_DET.xlsx,7a3a403f7a7e8335e61776c1da6c423409d54090acaee597bbae738fa9a6703e,none
333130,423400,0.3851251387005301,False,trade_margin,2017,2017,USD,2024,resolved,https://apps.bea.gov/industry/xls/io-annual/Supply_2017_DET.xlsx,7a3a403f7a7e8335e61776c1da6c423409d54090acaee597bbae738fa9a6703e,none
333130,484000,0.01676735297743805,False,transport_margin,2017,2017,USD,2024,resolved,https://apps.bea.gov/industry/xls/io-annual/Supply_2017_DET.xlsx,7a3a403f7a7e8335e61776c1da6c423409d54090acaee597bbae738fa9a6703e,none
333130,333130,0.057545308839847126,True,foreign_import,2017,2017,USD,2024,resolved,https://apps.bea.gov/industry/xls/io-annual/Supply_2017_DET.xlsx,7a3a403f7a7e8335e61776c1da6c423409d54090acaee597bbae738fa9a6703e,none
333130,333130,0.0182468252989767,True,product_tax,2017,2017,USD,2024,resolved,https://apps.bea.gov/industry/xls/io-annual/Supply_2017_DET.xlsx,7a3a403f7a7e8335e61776c1da6c423409d54090acaee597bbae738fa9a6703e,none
333242,333242,0.6493948048415612,False,basic_price,2017,2017,USD,2024,resolved,https://apps.bea.gov/industry/xls/io-annual/Supply_2017_DET.xlsx,7a3a403f7a7e8335e61776c1da6c423409d54090acaee597bbae738fa9a6703e,none
333242,423400,0.14180153225440864,False,trade_margin,2017,2017,USD,2024,resolved,https://apps.bea.gov/industry/xls/io-annual/Supply_2017_DET.xlsx,7a3a403f7a7e8335e61776c1da6c423409d54090acaee597bbae738fa9a6703e,none
333242,484000,0.023346479894827507,False,transport_margin,2017,2017,USD,2024,resolved,https://apps.bea.gov/industry/xls/io-annual/Supply_2017_DET.xlsx,7a3a403f7a7e8335e61776c1da6c423409d54090acaee597bbae738fa9a6703e,none
333242,333242,0.17901990117412392,True,foreign_import,2017,2017,USD,2024,resolved,https://apps.bea.gov/industry/xls/io-annual/Supply_2017_DET.xlsx,7a3a403f7a7e8335e61776c1da6c423409d54090acaee597bbae738fa9a6703e,none
333242,333242,0.0064372818350786525,True,product_tax,2017,2017,USD,2024,resolved,https://apps.bea.gov/industry/xls/io-annual/Supply_2017_DET.xlsx,7a3a403f7a7e8335e61776c1da6c423409d54090acaee597bbae738fa9a6703e,none
33329A,33329A,0.48172691951166596,False,basic_price,2017,2017,USD,2024,resolved,https://apps.bea.gov/industry/xls/io-annual/Supply_2017_DET.xlsx,7a3a403f7a7e8335e61776c1da6c423409d54090acaee597bbae738fa9a6703e,none
33329A,423400,0.15241701674457134,False,trade_margin,2017,2017,USD,2024,resolved,https://apps.bea.gov/industry/xls/io-annual/Supply_2017_DET.xlsx,7a3a403f7a7e8335e61776c1da6c423409d54090acaee597bbae738fa9a6703e,none
33329A,484000,0.023351675443267658,False,transport_margin,2017,2017,USD,2024,resolved,https://apps.bea.gov/industry/xls/io-annual/Supply_2017_DET.xlsx,7a3a403f7a7e8335e61776c1da6c423409d54090acaee597bbae738fa9a6703e,none
33329A,33329A,0.33043409660177897,True,foreign_import,2017,2017,USD,2024,resolved,https://apps.bea.gov/industry/xls/io-annual/Supply_2017_DET.xlsx,7a3a403f7a7e8335e61776c1da6c423409d54090acaee597bbae738fa9a6703e,none
33329A,33329A,0.012070291698716052,True,product_tax,2017,2017,USD,2024,resolved,https://apps.bea.gov/industry/xls/io-annual/Supply_2017_DET.xlsx,7a3a403f7a7e8335e61776c1da6c423409d54090acaee597bbae738fa9a6703e,none
333314,333314,0.35020383047457887,False,basic_price,2017,2017,USD,2024,resolved,https://apps.bea.gov/industry/xls/io-annual/Supply_2017_DET.xlsx,7a3a403f7a7e8335e61776c1da6c423409d54090acaee597bbae738fa9a6703e,none
333314,423400,0.19390816091069918,False,trade_margin,2017,2017,USD,2024,resolved,https://apps.bea.gov/industry/xls/io-annual/Supply_2017_DET.xlsx,7a3a403f7a7e8335e61776c1da6c423409d54090acaee597bbae738fa9a6703e,none
333314,484000,0.021690639181601416,False,transport_margin,2017,2017,USD,2024,resolved,https://apps.bea.gov/industry/xls/io-annual/Supply_2017_DET.xlsx,7a3a403f7a7e8335e61776c1da6c423409d54090acaee597bbae738fa9a6703e,none
333314,333314,0.41542958233982,True,foreign_import,2017,2017,USD,2024,resolved,https://apps.bea.gov/industry/xls/io-annual/Supply_2017_DET.xlsx,7a3a403f7a7e8335e61776c1da6c423409d54090acaee597bbae738fa9a6703e,none
333314,333314,0.018767787093300514,True,product_tax,2017,2017,USD,2024,resolved,https://apps.bea.gov/industry/xls/io-annual/Supply_2017_DET.xlsx,7a3a403f7a7e8335e61776c1da6c423409d54090acaee597bbae738fa9a6703e,none
333316,333316,0.28840508806262233,False,basic_price,2017,2017,USD,2024,resolved,https://apps.bea.gov/industry/xls/io-annual/Supply_2017_DET.xlsx,7a3a403f7a7e8335e61776c1da6c423409d54090acaee597bbae738fa9a6703e,none
333316,423400,0.4740704500978474,False,trade_margin,2017,2017,USD,2024,resolved,https://apps.bea.gov/industry/xls/io-annual/Supply_2017_DET.xlsx,7a3a403f7a7e8335e61776c1da6c423409d54090acaee597bbae738fa9a6703e,none
333316,484000,0.0136986301369863,False,transport_margin,2017,2017,USD,2024,resolved,https://apps.bea.gov/industry/xls/io-annual/Supply_2017_DET.xlsx,7a3a403f7a7e8335e61776c1da6c423409d54090acaee597bbae738fa9a6703e,none
333316,333316,0.1780821917808219,True,foreign_import,2017,2017,USD,2024,resolved,https://apps.bea.gov/industry/xls/io-annual/Supply_2017_DET.xlsx,7a3a403f7a7e8335e61776c1da6c423409d54090acaee597bbae738fa9a6703e,none
333316,333316,0.04574363992172211,True,product_tax,2017,2017,USD,2024,resolved,https://apps.bea.gov/industry/xls/io-annual/Supply_2017_DET.xlsx,7a3a403f7a7e8335e61776c1da6c423409d54090acaee597bbae738fa9a6703e,none
333318,333318,0.4861500979820984,False,basic_price,2017,2017,USD,2024,resolved,https://apps.bea.gov/industry/xls/io-annual/Supply_2017_DET.xlsx,7a3a403f7a7e8335e61776c1da6c423409d54090acaee597bbae738fa9a6703e,none
333318,423400,0.2797786134208993,False,trade_margin,2017,2017,USD,2024,resolved,https://apps.bea.gov/industry/xls/io-annual/Supply_2017_DET.xlsx,7a3a403f7a7e8335e61776c1da6c423409d54090acaee597bbae738fa9a6703e,none
333318,484000,0.02097346538848578,False,transport_margin,2017,2017,USD,2024,resolved,https://apps.bea.gov/industry/xls/io-annual/Supply_2017_DET.xlsx,7a3a403f7a7e8335e61776c1da6c423409d54090acaee597bbae738fa9a6703e,none
333318,333318,0.1989301414120015,True,foreign_import,2017,2017,USD,2024,resolved,https://apps.bea.gov/industry/xls/io-annual/Supply_2017_DET.xlsx,7a3a403f7a7e8335e61776c1da6c423409d54090acaee597bbae738fa9a6703e,none
333318,333318,0.014167681796515015,True,product_tax,2017,2017,USD,2024,resolved,https://apps.bea.gov/industry/xls/io-annual/Supply_2017_DET.xlsx,7a3a403f7a7e8335e61776c1da6c423409d54090acaee597bbae738fa9a6703e,none
333414,333414,0.45293935323897105,False,basic_price,2017,2017,USD,2024,resolved,https://apps.bea.gov/industry/xls/io-annual/Supply_2017_DET.xlsx,7a3a403f7a7e8335e61776c1da6c423409d54090acaee597bbae738fa9a6703e,none
333414,423400,0.3680132245066639,False,trade_margin,2017,2017,USD,2024,resolved,https://apps.bea.gov/industry/xls/io-annual/Supply_2017_DET.xlsx,7a3a403f7a7e8335e61776c1da6c423409d54090acaee597bbae738fa9a6703e,none
333414,484000,0.01694389916313669,False,transport_margin,2017,2017,USD,2024,resolved,https://apps.bea.gov/industry/xls/io-annual/Supply_2017_DET.xlsx,7a3a403f7a7e8335e61776c1da6c423409d54090acaee597bbae738fa9a6703e,none
333414,333414,0.11178840789337743,True,foreign_import,2017,2017,USD,2024,resolved,https://apps.bea.gov/industry/xls/io-annual/Supply_2017_DET.xlsx,7a3a403f7a7e8335e61776c1da6c423409d54090acaee597bbae738fa9a6703e,none
333414,333414,0.05031511519785103,True,product_tax,2017,2017,USD,2024,resolved,https://apps.bea.gov/industry/xls/io-annual/Supply_2017_DET.xlsx,7a3a403f7a7e8335e61776c1da6c423409d54090acaee597bbae738fa9a6703e,none
333415,333415,0.47350410072773474,False,basic_price,2017,2017,USD,2024,resolved,https://apps.bea.gov/industry/xls/io-annual/Supply_2017_DET.xlsx,7a3a403f7a7e8335e61776c1da6c423409d54090acaee597bbae738fa9a6703e,none
333415,423400,0.30127353586692845,False,trade_margin,2017,2017,USD,2024,resolved,https://apps.bea.gov/industry/xls/io-annual/Supply_2017_DET.xlsx,7a3a403f7a7e8335e61776c1da6c423409d54090acaee597bbae738fa9a6703e,none
333415,484000,0.018597666628162177,False,transport_margin,2017,2017,USD,2024,resolved,https://apps.bea.gov/industry/xls/io-annual/Supply_2017_DET.xlsx,7a3a403f7a7e8335e61776c1da6c423409d54090acaee597bbae738fa9a6703e,none
333415,333415,0.17234607831812404,True,foreign_import,2017,2017,USD,2024,resolved,https://apps.bea.gov/industry/xls/io-annual/Supply_2017_DET.xlsx,7a3a403f7a7e8335e61776c1da6c423409d54090acaee597bbae738fa9a6703e,none
333415,333415,0.03427861845905048,True,product_tax,2017,2017,USD,2024,resolved,https://apps.bea.gov/industry/xls/io-annual/Supply_2017_DET.xlsx,7a3a403f7a7e8335e61776c1da6c423409d54090acaee597bbae738fa9a6703e,none
333413,333413,0.522704881325571,False,basic_price,2017,2017,USD,2024,resolved,https://apps.bea.gov/industry/xls/io-annual/Supply_2017_DET.xlsx,7a3a403f7a7e8335e61776c1da6c423409d54090acaee597bbae738fa9a6703e,none
333413,423400,0.2096730855351545,False,trade_margin,2017,2017,USD,2024,resolved,https://apps.bea.gov/industry/xls/io-annual/Supply_2017_DET.xlsx,7a3a403f7a7e8335e61776c1da6c423409d54090acaee597bbae738fa9a6703e,none
333413,484000,0.02140618002686968,False,transport_margin,2017,2017,USD,2024,resolved,https://apps.bea.gov/industry/xls/io-annual/Supply_2017_DET.xlsx,7a3a403f7a7e8335e61776c1da6c423409d54090acaee597bbae738fa9a6703e,none
333413,333413,0.22507836990595612,True,foreign_import,2017,2017,USD,2024,resolved,https://apps.bea.gov/industry/xls/io-annual/Supply_2017_DET.xlsx,7a3a403f7a7e8335e61776c1da6c423409d54090acaee597bbae738fa9a6703e,none
333413,333413,0.021137483206448725,True,product_tax,2017,2017,USD,2024,resolved,https://apps.bea.gov/industry/xls/io-annual/Supply_2017_DET.xlsx,7a3a403f7a7e8335e61776c1da6c423409d54090acaee597bbae738fa9a6703e,none
333511,333511,0.5927954693157553,False,basic_price,2017,2017,USD,2024,resolved,https://apps.bea.gov/industry/xls/io-annual/Supply_2017_DET.xlsx,7a3a403f7a7e8335e61776c1da6c423409d54090acaee597bbae738fa9a6703e,none
333511,423400,0.14362640423359022,False,trade_margin,2017,2017,USD,2024,resolved,https://apps.bea.gov/industry/xls/io-annual/Supply_2017_DET.xlsx,7a3a403f7a7e8335e61776c1da6c423409d54090acaee597bbae738fa9a6703e,none
333511,484000,0.022931946894438775,False,transport_margin,2017,2017,USD,2024,resolved,https://apps.bea.gov/industry/xls/io-annual/Supply_2017_DET.xlsx,7a3a403f7a7e8335e61776c1da6c423409d54090acaee597bbae738fa9a6703e,none
333511,333511,0.2301550459567357,True,foreign_import,2017,2017,USD,2024,resolved,https://apps.bea.gov/industry/xls/io-annual/Supply_2017_DET.xlsx,7a3a403f7a7e8335e61776c1da6c423409d54090acaee597bbae738fa9a6703e,none
333511,333511,0.010491133599480087,True,product_tax,2017,2017,USD,2024,resolved,https://apps.bea.gov/industry/xls/io-annual/Supply_2017_DET.xlsx,7a3a403f7a7e8335e61776c1da6c423409d54090acaee597bbae738fa9a6703e,none
333514,333514,0.7248751670300302,False,basic_price,2017,2017,USD,2024,resolved,https://apps.bea.gov/industry/xls/io-annual/Supply_2017_DET.xlsx,7a3a403f7a7e8335e61776c1da6c423409d54090acaee597bbae738fa9a6703e,none
333514,423400,0.14241507841620368,False,trade_margin,2017,2017,USD,2024,resolved,https://apps.bea.gov/industry/xls/io-annual/Supply_2017_DET.xlsx,7a3a403f7a7e8335e61776c1da6c423409d54090acaee597bbae738fa9a6703e,none
333514,484000,0.022716084112806807,False,transport_margin,2017,2017,USD,2024,resolved,https://apps.bea.gov/industry/xls/io-annual/Supply_2017_DET.xlsx,7a3a403f7a7e8335e61776c1da6c423409d54090acaee597bbae738fa9a6703e,none
333514,333514,0.10042900344609326,True,foreign_import,2017,2017,USD,2024,resolved,https://apps.bea.gov/industry/xls/io-annual/Supply_2017_DET.xlsx,7a3a403f7a7e8335e61776c1da6c423409d54090acaee597bbae738fa9a6703e,none
333514,333514,0.009564666994866024,True,product_tax,2017,2017,USD,2024,resolved,https://apps.bea.gov/industry/xls/io-annual/Supply_2017_DET.xlsx,7a3a403f7a7e8335e61776c1da6c423409d54090acaee597bbae738fa9a6703e,none
333517,333517,0.4330067221146177,False,basic_price,2017,2017,USD,2024,resolved,https://apps.bea.gov/industry/xls/io-annual/Supply_2017_DET.xlsx,7a3a403f7a7e8335e61776c1da6c423409d54090acaee597bbae738fa9a6703e,none
333517,423400,0.15996354107325966,False,trade_margin,2017,2017,USD,2024,resolved,https://apps.bea.gov/industry/xls/io-annual/Supply_2017_DET.xlsx,7a3a403f7a7e8335e61776c1da6c423409d54090acaee597bbae738fa9a6703e,none
333517,484000,0.022729862139683265,False,transport_margin,2017,2017,USD,2024,resolved,https://apps.bea.gov/industry/xls/io-annual/Supply_2017_DET.xlsx,7a3a403f7a7e8335e61776c1da6c423409d54090acaee597bbae738fa9a6703e,none
333517,333517,0.360259769853025,True,foreign_import,2017,2017,USD,2024,resolved,https://apps.bea.gov/industry/xls/io-annual/Supply_2017_DET.xlsx,7a3a403f7a7e8335e61776c1da6c423409d54090acaee597bbae738fa9a6703e,none
333517,333517,0.02404010481941438,True,product_tax,2017,2017,USD,2024,resolved,https://apps.bea.gov/industry/xls/io-annual/Supply_2017_DET.xlsx,7a3a403f7a7e8335e61776c1da6c423409d54090acaee597bbae738fa9a6703e,none
33351B,33351B,0.6040345821325649,False,basic_price,2017,2017,USD,2024,resolved,https://apps.bea.gov/industry/xls/io-annual/Supply_2017_DET.xlsx,7a3a403f7a7e8335e61776c1da6c423409d54090acaee597bbae738fa9a6703e,none
33351B,423400,0.14394812680115274,False,trade_margin,2017,2017,USD,2024,resolved,https://apps.bea.gov/industry/xls/io-annual/Supply_2017_DET.xlsx,7a3a403f7a7e8335e61776c1da6c423409d54090acaee597bbae738fa9a6703e,none
33351B,484000,0.023126801152737752,False,transport_margin,2017,2017,USD,2024,resolved,https://apps.bea.gov/industry/xls/io-annual/Supply_2017_DET.xlsx,7a3a403f7a7e8335e61776c1da6c423409d54090acaee597bbae738fa9a6703e,none
33351B,33351B,0.21246397694524496,True,foreign_import,2017,2017,USD,2024,resolved,https://apps.bea.gov/industry/xls/io-annual/Supply_2017_DET.xlsx,7a3a403f7a7e8335e61776c1da6c423409d54090acaee597bbae738fa9a6703e,none
33351B,33351B,0.016426512968299712,True,product_tax,2017,2017,USD,2024,resolved,https://apps.bea.gov/industry/xls/io-annual/Supply_2017_DET.xlsx,7a3a403f7a7e8335e61776c1da6c423409d54090acaee597bbae738fa9a6703e,none
333611,333611,0.6414141414141414,False,basic_price,2017,2017,USD,2024,resolved,https://apps.bea.gov/industry/xls/io-annual/Supply_2017_DET.xlsx,7a3a403f7a7e8335e61776c1da6c423409d54090acaee597bbae738fa9a6703e,none
333611,423400,0.14497607655502392,False,trade_margin,2017,2017,USD,2024,resolved,https://apps.bea.gov/industry/xls/io-annual/Supply_2017_DET.xlsx,7a3a403f7a7e8335e61776c1da6c423409d54090acaee597bbae738fa9a6703e,none
333611,484000,0.023870281765018608,False,transport_margin,2017,2017,USD,2024,resolved,https://apps.bea.gov/industry/xls/io-annual/Supply_2017_DET.xlsx,7a3a403f7a7e8335e61776c1da6c423409d54090acaee597bbae738fa9a6703e,none
333611,333611,0.17921318447634238,True,foreign_import,2017,2017,USD,2024,resolved,https://apps.bea.gov/industry/xls/io-annual/Supply_2017_DET.xlsx,7a3a403f7a7e8335e61776c1da6c423409d54090acaee597bbae738fa9a6703e,none
333611,333611,0.010526315789473684,True,product_tax,2017,2017,USD,2024,resolved,https://apps.bea.gov/industry/xls/io-annual/Supply_2017_DET.xlsx,7a3a403f7a7e8335e61776c1da6c423409d54090acaee597bbae738fa9a6703e,none
333612,333612,0.30953839869281047,False,basic_price,2017,2017,USD,2024,resolved,https://apps.bea.gov/industry/xls/io-annual/Supply_2017_DET.xlsx,7a3a403f7a7e8335e61776c1da6c423409d54090acaee597bbae738fa9a6703e,none
333612,423400,0.1460375816993464,False,trade_margin,2017,2017,USD,2024,resolved,https://apps.bea.gov/industry/xls/io-annual/Supply_2017_DET.xlsx,7a3a403f7a7e8335e61776c1da6c423409d54090acaee597bbae738fa9a6703e,none
333612,484000,0.023590686274509803,False,transport_margin,2017,2017,USD,2024,resolved,https://apps.bea.gov/industry/xls/io-annual/Supply_2017_DET.xlsx,7a3a403f7a7e8335e61776c1da6c423409d54090acaee597bbae738fa9a6703e,none
333612,333612,0.5056168300653595,True,foreign_import,2017,2017,USD,2024,resolved,https://apps.bea.gov/industry/xls/io-annual/Supply_2017_DET.xlsx,7a3a403f7a7e8335e61776c1da6c423409d54090acaee597bbae738fa9a6703e,none
333612,333612,0.015216503267973856,True,product_tax,2017,2017,USD,2024,resolved,https://apps.bea.gov/industry/xls/io-annual/Supply_2017_DET.xlsx,7a3a403f7a7e8335e61776c1da6c423409d54090acaee597bbae738fa9a6703e,none
333613,333613,0.4885193982581156,False,basic_price,2017,2017,USD,2024,resolved,https://apps.bea.gov/industry/xls/io-annual/Supply_2017_DET.xlsx,7a3a403f7a7e8335e61776c1da6c423409d54090acaee597bbae738fa9a6703e,none
333613,423400,0.19408155186064924,False,trade_margin,2017,2017,USD,2024,resolved,https://apps.bea.gov/industry/xls/io-annual/Supply_2017_DET.xlsx,7a3a403f7a7e8335e61776c1da6c423409d54090acaee597bbae738fa9a6703e,none
333613,484000,0.02246634996041172,False,transport_margin,2017,2017,USD,2024,resolved,https://apps.bea.gov/industry/xls/io-annual/Supply_2017_DET.xlsx,7a3a403f7a7e8335e61776c1da6c423409d54090acaee597bbae738fa9a6703e,none
333613,333613,0.2809778305621536,True,foreign_import,2017,2017,USD,2024,resolved,https://apps.bea.gov/industry/xls/io-annual/Supply_2017_DET.xlsx,7a3a403f7a7e8335e61776c1da6c423409d54090acaee597bbae738fa9a6703e,none
333613,333613,0.013954869358669833,True,product_tax,2017,2017,USD,2024,resolved,https://apps.bea.gov/industry/xls/io-annual/Supply_2017_DET.xlsx,7a3a403f7a7e8335e61776c1da6c423409d54090acaee597bbae738fa9a6703e,none
333618,333618,0.5623535481651869,False,basic_price,2017,2017,USD,2024,resolved,https://apps.bea.gov/industry/xls/io-annual/Supply_2017_DET.xlsx,7a3a403f7a7e8335e61776c1da6c423409d54090acaee597bbae738fa9a6703e,none
333618,423400,0.14859083775823892,False,trade_margin,2017,2017,USD,2024,resolved,https://apps.bea.gov/industry/xls/io-annual/Supply_2017_DET.xlsx,7a3a403f7a7e8335e61776c1da6c423409d54090acaee597bbae738fa9a6703e,none
333618,484000,0.02396973149601221,False,transport_margin,2017,2017,USD,2024,resolved,https://apps.bea.gov/industry/xls/io-annual/Supply_2017_DET.xlsx,7a3a403f7a7e8335e61776c1da6c423409d54090acaee597bbae738fa9a6703e,none
333618,333618,0.2562719005954812,True,foreign_import,2017,2017,USD,2024,resolved,https://apps.bea.gov/industry/xls/io-annual/Supply_2017_DET.xlsx,7a3a403f7a7e8335e61776c1da6c423409d54090acaee597bbae738fa9a6703e,none
333618,333618,0.008813981985080724,True,product_tax,2017,2017,USD,2024,resolved,https://apps.bea.gov/industry/xls/io-annual/Supply_2017_DET.xlsx,7a3a403f7a7e8335e61776c1da6c423409d54090acaee597bbae738fa9a6703e,none
333912,333912,0.5901639344262295,False,basic_price,2017,2017,USD,2024,resolved,https://apps.bea.gov/industry/xls/io-annual/Supply_2017_DET.xlsx,7a3a403f7a7e8335e61776c1da6c423409d54090acaee597bbae738fa9a6703e,none
333912,423400,0.1458153580672994,False,trade_margin,2017,2017,USD,2024,resolved,https://apps.bea.gov/industry/xls/io-annual/Supply_2017_DET.xlsx,7a3a403f7a7e8335e61776c1da6c423409d54090acaee597bbae738fa9a6703e,none
333912,484000,0.02342868520607951,False,transport_margin,2017,2017,USD,2024,resolved,https://apps.bea.gov/industry/xls/io-annual/Supply_2017_DET.xlsx,7a3a403f7a7e8335e61776c1da6c423409d54090acaee597bbae738fa9a6703e,none
333912,333912,0.23236211588239197,True,foreign_import,2017,2017,USD,2024,resolved,https://apps.bea.gov/industry/xls/io-annual/Supply_2017_DET.xlsx,7a3a403f7a7e8335e61776c1da6c423409d54090acaee597bbae738fa9a6703e,none
333912,333912,0.008229906417999602,True,product_tax,2017,2017,USD,2024,resolved,https://apps.bea.gov/industry/xls/io-annual/Supply_2017_DET.xlsx,7a3a403f7a7e8335e61776c1da6c423409d54090acaee597bbae738fa9a6703e,none
333914,333914,0.6456161181403288,False,basic_price,2017,2017,USD,2024,resolved,https://apps.bea.gov/industry/xls/io-annual/Supply_2017_DET.xlsx,7a3a403f7a7e8335e61776c1da6c423409d54090acaee597bbae738fa9a6703e,none
333914,423400,0.14711884531186228,False,trade_margin,2017,2017,USD,2024,resolved,https://apps.bea.gov/industry/xls/io-annual/Supply_2017_DET.xlsx,7a3a403f7a7e8335e61776c1da6c423409d54090acaee597bbae738fa9a6703e,none
333914,484000,0.023709695373084486,False,transport_margin,2017,2017,USD,2024,resolved,https://apps.bea.gov/industry/xls/io-annual/Supply_2017_DET.xlsx,7a3a403f7a7e8335e61776c1da6c423409d54090acaee597bbae738fa9a6703e,none
333914,333914,0.17702497124410968,True,foreign_import,2017,2017,USD,2024,resolved,https://apps.bea.gov/industry/xls/io-annual/Supply_2017_DET.xlsx,7a3a403f7a7e8335e61776c1da6c423409d54090acaee597bbae738fa9a6703e,none
333914,333914,0.00653036993061482,True,product_tax,2017,2017,USD,2024,resolved,https://apps.bea.gov/industry/xls/io-annual/Supply_2017_DET.xlsx,7a3a403f7a7e8335e61776c1da6c423409d54090acaee597bbae738fa9a6703e,none
333920,333920,0.647109577221743,False,basic_price,2017,2017,USD,2024,resolved,https://apps.bea.gov/industry/xls/io-annual/Supply_2017_DET.xlsx,7a3a403f7a7e8335e61776c1da6c423409d54090acaee597bbae738fa9a6703e,none
333920,423400,0.1461786476545116,False,trade_margin,2017,2017,USD,2024,resolved,https://apps.bea.gov/industry/xls/io-annual/Supply_2017_DET.xlsx,7a3a403f7a7e8335e61776c1da6c423409d54090acaee597bbae738fa9a6703e,none
333920,484000,0.02347758957358885,False,transport_margin,2017,2017,USD,2024,resolved,https://apps.bea.gov/industry/xls/io-annual/Supply_2017_DET.xlsx,7a3a403f7a7e8335e61776c1da6c423409d54090acaee597bbae738fa9a6703e,none
333920,333920,0.1766268561827347,True,foreign_import,2017,2017,USD,2024,resolved,https://apps.bea.gov/industry/xls/io-annual/Supply_2017_DET.xlsx,7a3a403f7a7e8335e61776c1da6c423409d54090acaee597bbae738fa9a6703e,none
333920,333920,0.006607329367422006,True,product_tax,2017,2017,USD,2024,resolved,https://apps.bea.gov/industry/xls/io-annual/Supply_2017_DET.xlsx,7a3a403f7a7e8335e61776c1da6c423409d54090acaee597bbae738fa9a6703e,none
333991,333991,0.14128336707311331,False,basic_price,2017,2017,USD,2024,resolved,https://apps.bea.gov/industry/xls/io-annual/Supply_2017_DET.xlsx,7a3a403f7a7e8335e61776c1da6c423409d54090acaee597bbae738fa9a6703e,none
333991,423400,0.5529400687349937,False,trade_margin,2017,2017,USD,2024,resolved,https://apps.bea.gov/industry/xls/io-annual/Supply_2017_DET.xlsx,7a3a403f7a7e8335e61776c1da6c423409d54090acaee597bbae738fa9a6703e,none
333991,484000,0.01049856409773551,False,transport_margin,2017,2017,USD,2024,resolved,https://apps.bea.gov/industry/xls/io-annual/Supply_2017_DET.xlsx,7a3a403f7a7e8335e61776c1da6c423409d54090acaee597bbae738fa9a6703e,none
333991,333991,0.222635469139871,True,foreign_import,2017,2017,USD,2024,resolved,https://apps.bea.gov/industry/xls/io-annual/Supply_2017_DET.xlsx,7a3a403f7a7e8335e61776c1da6c423409d54090acaee597bbae738fa9a6703e,none
333991,333991,0.07264253095428652,True,product_tax,2017,2017,USD,2024,resolved,https://apps.bea.gov/industry/xls/io-annual/Supply_2017_DET.xlsx,7a3a403f7a7e8335e61776c1da6c423409d54090acaee597bbae738fa9a6703e,none
333993,333993,0.5685926676803514,False,basic_price,2017,2017,USD,2024,resolved,https://apps.bea.gov/industry/xls/io-annual/Supply_2017_DET.xlsx,7a3a403f7a7e8335e61776c1da6c423409d54090acaee597bbae738fa9a6703e,none
333993,423400,0.14749113025848962,False,trade_margin,2017,2017,USD,2024,resolved,https://apps.bea.gov/industry/xls/io-annual/Supply_2017_DET.xlsx,7a3a403f7a7e8335e61776c1da6c423409d54090acaee597bbae738fa9a6703e,none
333993,484000,0.023568170299037,False,transport_margin,2017,2017,USD,2024,resolved,https://apps.bea.gov/industry/xls/io-annual/Supply_2017_DET.xlsx,7a3a403f7a7e8335e61776c1da6c423409d54090acaee597bbae738fa9a6703e,none
333993,333993,0.2536746071971617,True,foreign_import,2017,2017,USD,2024,resolved,https://apps.bea.gov/industry/xls/io-annual/Supply_2017_DET.xlsx,7a3a403f7a7e8335e61776c1da6c423409d54090acaee597bbae738fa9a6703e,none
333993,333993,0.006673424564960297,True,product_tax,2017,2017,USD,2024,resolved,https://apps.bea.gov/industry/xls/io-annual/Supply_2017_DET.xlsx,7a3a403f7a7e8335e61776c1da6c423409d54090acaee597bbae738fa9a6703e,none
333994,333994,0.6615861534487213,False,basic_price,2017,2017,USD,2024,resolved,https://apps.bea.gov/industry/xls/io-annual/Supply_2017_DET.xlsx,7a3a403f7a7e8335e61776c1da6c423409d54090acaee597bbae738fa9a6703e,none
333994,423400,0.14492379230173083,False,trade_margin,2017,2017,USD,2024,resolved,https://apps.bea.gov/industry/xls/io-annual/Supply_2017_DET.xlsx,7a3a403f7a7e8335e61776c1da6c423409d54090acaee597bbae738fa9a6703e,none
333994,484000,0.023508137432188065,False,transport_margin,2017,2017,USD,2024,resolved,https://apps.bea.gov/industry/xls/io-annual/Supply_2017_DET.xlsx,7a3a403f7a7e8335e61776c1da6c423409d54090acaee597bbae738fa9a6703e,none
333994,333994,0.161198656677861,True,foreign_import,2017,2017,USD,2024,resolved,https://apps.bea.gov/industry/xls/io-annual/Supply_2017_DET.xlsx,7a3a403f7a7e8335e61776c1da6c423409d54090acaee597bbae738fa9a6703e,none
333994,333994,0.008783260139498837,True,product_tax,2017,2017,USD,2024,resolved,https://apps.bea.gov/industry/xls/io-annual/Supply_2017_DET.xlsx,7a3a403f7a7e8335e61776c1da6c423409d54090acaee597bbae738fa9a6703e,none
33399A,33399A,0.4902809645439197,False,basic_price,2017,2017,USD,2024,resolved,https://apps.bea.gov/industry/xls/io-annual/Supply_2017_DET.xlsx,7a3a403f7a7e8335e61776c1da6c423409d54090acaee597bbae738fa9a6703e,none
33399A,423400,0.15665180310835966,False,trade_margin,2017,2017,USD,2024,resolved,https://apps.bea.gov/industry/xls/io-annual/Supply_2017_DET.xlsx,7a3a403f7a7e8335e61776c1da6c423409d54090acaee597bbae738fa9a6703e,none
33399A,484000,0.02350751114766873,False,transport_margin,2017,2017,USD,2024,resolved,https://apps.bea.gov/industry/xls/io-annual/Supply_2017_DET.xlsx,7a3a403f7a7e8335e61776c1da6c423409d54090acaee597bbae738fa9a6703e,none
33399A,33399A,0.3182388848002078,True,foreign_import,2017,2017,USD,2024,resolved,https://apps.bea.gov/industry/xls/io-annual/Supply_2017_DET.xlsx,7a3a403f7a7e8335e61776c1da6c423409d54090acaee597bbae738fa9a6703e,none
33399A,33399A,0.01132083639984415,True,product_tax,2017,2017,USD,2024,resolved,https://apps.bea.gov/industry/xls/io-annual/Supply_2017_DET.xlsx,7a3a403f7a7e8335e61776c1da6c423409d54090acaee597bbae738fa9a6703e,none
33399B,33399B,0.5371275898573373,False,basic_price,2017,2017,USD,2024,resolved,https://apps.bea.gov/industry/xls/io-annual/Supply_2017_DET.xlsx,7a3a403f7a7e8335e61776c1da6c423409d54090acaee597bbae738fa9a6703e,none
33399B,423400,0.14679639058325353,False,trade_margin,2017,2017,USD,2024,resolved,https://apps.bea.gov/industry/xls/io-annual/Supply_2017_DET.xlsx,7a3a403f7a7e8335e61776c1da6c423409d54090acaee597bbae738fa9a6703e,none
33399B,484000,0.02389474214851036,False,transport_margin,2017,2017,USD,2024,resolved,https://apps.bea.gov/industry/xls/io-annual/Supply_2017_DET.xlsx,7a3a403f7a7e8335e61776c1da6c423409d54090acaee597bbae738fa9a6703e,none
33399B,33399B,0.28552704542017443,True,foreign_import,2017,2017,USD,2024,resolved,https://apps.bea.gov/industry/xls/io-annual/Supply_2017_DET.xlsx,7a3a403f7a7e8335e61776c1da6c423409d54090acaee597bbae738fa9a6703e,none
33399B,33399B,0.006654231990724404,True,product_tax,2017,2017,USD,2024,resolved,https://apps.bea.gov/industry/xls/io-annual/Supply_2017_DET.xlsx,7a3a403f7a7e8335e61776c1da6c423409d54090acaee597bbae738fa9a6703e,none
334111,334111,0.08224095510829668,False,basic_price,2017,2017,USD,2024,resolved,https://apps.bea.gov/industry/xls/io-annual/Supply_2017_DET.xlsx,7a3a403f7a7e8335e61776c1da6c423409d54090acaee597bbae738fa9a6703e,none
334111,423400,0.29786633323922074,False,trade_margin,2017,2017,USD,2024,resolved,https://apps.bea.gov/industry/xls/io-annual/Supply_2017_DET.xlsx,7a3a403f7a7e8335e61776c1da6c423409d54090acaee597bbae738fa9a6703e,none
334111,484000,0.006524018876295727,False,transport_margin,2017,2017,USD,2024,resolved,https://apps.bea.gov/industry/xls/io-annual/Supply_2017_DET.xlsx,7a3a403f7a7e8335e61776c1da6c423409d54090acaee597bbae738fa9a6703e,none
334111,334111,0.5825535433388457,True,foreign_import,2017,2017,USD,2024,resolved,https://apps.bea.gov/industry/xls/io-annual/Supply_2017_DET.xlsx,7a3a403f7a7e8335e61776c1da6c423409d54090acaee597bbae738fa9a6703e,none
334111,334111,0.03081514943734118,True,product_tax,2017,2017,USD,2024,resolved,https://apps.bea.gov/industry/xls/io-annual/Supply_2017_DET.xlsx,7a3a403f7a7e8335e61776c1da6c423409d54090acaee597bbae738fa9a6703e,none
334112,334112,0.29695047220820414,False,basic_price,2017,2017,USD,2024,resolved,https://apps.bea.gov/industry/xls/io-annual/Supply_2017_DET.xlsx,7a3a403f7a7e8335e61776c1da6c423409d54090acaee597bbae738fa9a6703e,none
334112,423400,0.295436522240646,False,trade_margin,2017,2017,USD,2024,resolved,https://apps.bea.gov/industry/xls/io-annual/Supply_2017_DET.xlsx,7a3a403f7a7e8335e61776c1da6c423409d54090acaee597bbae738fa9a6703e,none
334112,484000,0.007065099848605004,False,transport_margin,2017,2017,USD,2024,resolved,https://apps.bea.gov/industry/xls/io-annual/Supply_2017_DET.xlsx,7a3a403f7a7e8335e61776c1da6c423409d54090acaee597bbae738fa9a6703e,none
334112,334112,0.37272006344171293,True,foreign_import,2017,2017,USD,2024,resolved,https://apps.bea.gov/industry/xls/io-annual/Supply_2017_DET.xlsx,7a3a403f7a7e8335e61776c1da6c423409d54090acaee597bbae738fa9a6703e,none
334112,334112,0.027827842260831955,True,product_tax,2017,2017,USD,2024,resolved,https://apps.bea.gov/industry/xls/io-annual/Supply_2017_DET.xlsx,7a3a403f7a7e8335e61776c1da6c423409d54090acaee597bbae738fa9a6703e,none
334118,334118,0.12440294598009308,False,basic_price,2017,2017,USD,2024,resolved,https://apps.bea.gov/industry/xls/io-annual/Supply_2017_DET.xlsx,7a3a403f7a7e8335e61776c1da6c423409d54090acaee597bbae738fa9a6703e,none
334118,423400,0.26604727127053096,False,trade_margin,2017,2017,USD,2024,resolved,https://apps.bea.gov/industry/xls/io-annual/Supply_2017_DET.xlsx,7a3a403f7a7e8335e61776c1da6c423409d54090acaee597bbae738fa9a6703e,none
334118,484000,0.006363440263782319,False,transport_margin,2017,2017,USD,2024,resolved,https://apps.bea.gov/industry/xls/io-annual/Supply_2017_DET.xlsx,7a3a403f7a7e8335e61776c1da6c423409d54090acaee597bbae738fa9a6703e,none
334118,334118,0.5796123386028166,True,foreign_import,2017,2017,USD,2024,resolved,https://apps.bea.gov/industry/xls/io-annual/Supply_2017_DET.xlsx,7a3a403f7a7e8335e61776c1da6c423409d54090acaee597bbae738fa9a6703e,none
334118,334118,0.02357400388277711,True,product_tax,2017,2017,USD,2024,resolved,https://apps.bea.gov/industry/xls/io-annual/Supply_2017_DET.xlsx,7a3a403f7a7e8335e61776c1da6c423409d54090acaee597bbae738fa9a6703e,none
334210,334210,0.18854073410922112,False,basic_price,2017,2017,USD,2024,resolved,https://apps.bea.gov/industry/xls/io-annual/Supply_2017_DET.xlsx,7a3a403f7a7e8335e61776c1da6c423409d54090acaee597bbae738fa9a6703e,none
334210,423400,0.38929274843330347,False,trade_margin,2017,2017,USD,2024,resolved,https://apps.bea.gov/industry/xls/io-annual/Supply_2017_DET.xlsx,7a3a403f7a7e8335e61776c1da6c423409d54090acaee597bbae738fa9a6703e,none
334210,484000,0.00540734109221128,False,transport_margin,2017,2017,USD,2024,resolved,https://apps.bea.gov/industry/xls/io-annual/Supply_2017_DET.xlsx,7a3a403f7a7e8335e61776c1da6c423409d54090acaee597bbae738fa9a6703e,none
334210,334210,0.39806624888093106,True,foreign_import,2017,2017,USD,2024,resolved,https://apps.bea.gov/industry/xls/io-annual/Supply_2017_DET.xlsx,7a3a403f7a7e8335e61776c1da6c423409d54090acaee597bbae738fa9a6703e,none
334210,334210,0.018692927484333034,True,product_tax,2017,2017,USD,2024,resolved,https://apps.bea.gov/industry/xls/io-annual/Supply_2017_DET.xlsx,7a3a403f7a7e8335e61776c1da6c423409d54090acaee597bbae738fa9a6703e,none
334220,334220,0.13047921585605904,False,basic_price,2017,2017,USD,2024,resolved,https://apps.bea.gov/industry/xls/io-annual/Supply_2017_DET.xlsx,7a3a403f7a7e8335e61776c1da6c423409d54090acaee597bbae738fa9a6703e,none
334220,423400,0.35631830927772773,False,trade_margin,2017,2017,USD,2024,resolved,https://apps.bea.gov/industry/xls/io-annual/Supply_2017_DET.xlsx,7a3a403f7a7e8335e61776c1da6c423409d54090acaee597bbae738fa9a6703e,none
334220,484000,0.005623322945876146,False,transport_margin,2017,2017,USD,2024,resolved,https://apps.bea.gov/industry/xls/io-annual/Supply_2017_DET.xlsx,7a3a403f7a7e8335e61776c1da6c423409d54090acaee597bbae738fa9a6703e,none
334220,334220,0.48509592875446167,True,foreign_import,2017,2017,USD,2024,resolved,https://apps.bea.gov/industry/xls/io-annual/Supply_2017_DET.xlsx,7a3a403f7a7e8335e61776c1da6c423409d54090acaee597bbae738fa9a6703e,none
334220,334220,0.022483223165875442,True,product_tax,2017,2017,USD,2024,resolved,https://apps.bea.gov/industry/xls/io-annual/Supply_2017_DET.xlsx,7a3a403f7a7e8335e61776c1da6c423409d54090acaee597bbae738fa9a6703e,none
334290,334290,0.4540715971675846,False,basic_price,2017,2017,USD,2024,resolved,https://apps.bea.gov/industry/xls/io-annual/Supply_2017_DET.xlsx,7a3a403f7a7e8335e61776c1da6c423409d54090acaee597bbae738fa9a6703e,none
334290,423400,0.37303304484657746,False,trade_margin,2017,2017,USD,2024,resolved,https://apps.bea.gov/industry/xls/io-annual/Supply_2017_DET.xlsx,7a3a403f7a7e8335e61776c1da6c423409d54090acaee597bbae738fa9a6703e,none
334290,484000,0.01603068450039339,False,transport_margin,2017,2017,USD,2024,resolved,https://apps.bea.gov/industry/xls/io-annual/Supply_2017_DET.xlsx,7a3a403f7a7e8335e61776c1da6c423409d54090acaee597bbae738fa9a6703e,none
334290,334290,0.14083398898505115,True,foreign_import,2017,2017,USD,2024,resolved,https://apps.bea.gov/industry/xls/io-annual/Supply_2017_DET.xlsx,7a3a403f7a7e8335e61776c1da6c423409d54090acaee597bbae738fa9a6703e,none
334290,334290,0.01603068450039339,True,product_tax,2017,2017,USD,2024,resolved,https://apps.bea.gov/industry/xls/io-annual/Supply_2017_DET.xlsx,7a3a403f7a7e8335e61776c1da6c423409d54090acaee597bbae738fa9a6703e,none
334413,334413,0.5150466507421245,False,basic_price,2017,2017,USD,2024,resolved,https://apps.bea.gov/industry/xls/io-annual/Supply_2017_DET.xlsx,7a3a403f7a7e8335e61776c1da6c423409d54090acaee597bbae738fa9a6703e,none
334413,423400,0.14723055878810148,False,trade_margin,2017,2017,USD,2024,resolved,https://apps.bea.gov/industry/xls/io-annual/Supply_2017_DET.xlsx,7a3a403f7a7e8335e61776c1da6c423409d54090acaee597bbae738fa9a6703e,none
334413,484000,0.023376411261509564,False,transport_margin,2017,2017,USD,2024,resolved,https://apps.bea.gov/industry/xls/io-annual/Supply_2017_DET.xlsx,7a3a403f7a7e8335e61776c1da6c423409d54090acaee597bbae738fa9a6703e,none
334413,334413,0.30954860047773625,True,foreign_import,2017,2017,USD,2024,resolved,https://apps.bea.gov/industry/xls/io-annual/Supply_2017_DET.xlsx,7a3a403f7a7e8335e61776c1da6c423409d54090acaee597bbae738fa9a6703e,none
334413,334413,0.004797778730528164,True,product_tax,2017,2017,USD,2024,resolved,https://apps.bea.gov/industry/xls/io-annual/Supply_2017_DET.xlsx,7a3a403f7a7e8335e61776c1da6c423409d54090acaee597bbae738fa9a6703e,none
334418,334418,0.8002594033722439,False,basic_price,2017,2017,USD,2024,resolved,https://apps.bea.gov/industry/xls/io-annual/Supply_2017_DET.xlsx,7a3a403f7a7e8335e61776c1da6c423409d54090acaee597bbae738fa9a6703e,none
334418,423400,0.1398616515348033,False,trade_margin,2017,2017,USD,2024,resolved,https://apps.bea.gov/industry/xls/io-annual/Supply_2017_DET.xlsx,7a3a403f7a7e8335e61776c1da6c423409d54090acaee597bbae738fa9a6703e,none
334418,484000,0.021573713791612624,False,transport_margin,2017,2017,USD,2024,resolved,https://apps.bea.gov/industry/xls/io-annual/Supply_2017_DET.xlsx,7a3a403f7a7e8335e61776c1da6c423409d54090acaee597bbae738fa9a6703e,none
334418,334418,0.03272805879809771,True,foreign_import,2017,2017,USD,2024,resolved,https://apps.bea.gov/industry/xls/io-annual/Supply_2017_DET.xlsx,7a3a403f7a7e8335e61776c1da6c423409d54090acaee597bbae738fa9a6703e,none
334418,334418,0.005577172503242542,True,product_tax,2017,2017,USD,2024,resolved,https://apps.bea.gov/industry/xls/io-annual/Supply_2017_DET.xlsx,7a3a403f7a7e8335e61776c1da6c423409d54090acaee597bbae738fa9a6703e,none
33441A,33441A,0.5145917164573426,False,basic_price,2017,2017,USD,2024,resolved,https://apps.bea.gov/industry/xls/io-annual/Supply_2017_DET.xlsx,7a3a403f7a7e8335e61776c1da6c423409d54090acaee597bbae738fa9a6703e,none
33441A,423400,0.14638458724545786,False,trade_margin,2017,2017,USD,2024,resolved,https://apps.bea.gov/industry/xls/io-annual/Supply_2017_DET.xlsx,7a3a403f7a7e8335e61776c1da6c423409d54090acaee597bbae738fa9a6703e,none
33441A,484000,0.01953013860098362,False,transport_margin,2017,2017,USD,2024,resolved,https://apps.bea.gov/industry/xls/io-annual/Supply_2017_DET.xlsx,7a3a403f7a7e8335e61776c1da6c423409d54090acaee597bbae738fa9a6703e,none
33441A,33441A,0.31166930862089987,True,foreign_import,2017,2017,USD,2024,resolved,https://apps.bea.gov/industry/xls/io-annual/Supply_2017_DET.xlsx,7a3a403f7a7e8335e61776c1da6c423409d54090acaee597bbae738fa9a6703e,none
33441A,33441A,0.00782424907531602,True,product_tax,2017,2017,USD,2024,resolved,https://apps.bea.gov/industry/xls/io-annual/Supply_2017_DET.xlsx,7a3a403f7a7e8335e61776c1da6c423409d54090acaee597bbae738fa9a6703e,none
334510,334510,0.488394584139265,False,basic_price,2017,2017,USD,2024,resolved,https://apps.bea.gov/industry/xls/io-annual/Supply_2017_DET.xlsx,7a3a403f7a7e8335e61776c1da6c423409d54090acaee597bbae738fa9a6703e,none
334510,423400,0.3479908903724964,False,trade_margin,2017,2017,USD,2024,resolved,https://apps.bea.gov/industry/xls/io-annual/Supply_2017_DET.xlsx,7a3a403f7a7e8335e61776c1da6c423409d54090acaee597bbae738fa9a6703e,none
334510,484000,0.006005490734385724,False,transport_margin,2017,2017,USD,2024,resolved,https://apps.bea.gov/industry/xls/io-annual/Supply_2017_DET.xlsx,7a3a403f7a7e8335e61776c1da6c423409d54090acaee597bbae738fa9a6703e,none
334510,334510,0.1468459474636551,True,foreign_import,2017,2017,USD,2024,resolved,https://apps.bea.gov/industry/xls/io-annual/Supply_2017_DET.xlsx,7a3a403f7a7e8335e61776c1da6c423409d54090acaee597bbae738fa9a6703e,none
334510,334510,0.01076308729019779,True,product_tax,2017,2017,USD,2024,resolved,https://apps.bea.gov/industry/xls/io-annual/Supply_2017_DET.xlsx,7a3a403f7a7e8335e61776c1da6c423409d54090acaee597bbae738fa9a6703e,none
334511,334511,0.7491820010206226,False,basic_price,2017,2017,USD,2024,resolved,https://apps.bea.gov/industry/xls/io-annual/Supply_2017_DET.xlsx,7a3a403f7a7e8335e61776c1da6c423409d54090acaee597bbae738fa9a6703e,none
334511,423400,0.15361870741152103,False,trade_margin,2017,2017,USD,2024,resolved,https://apps.bea.gov/industry/xls/io-annual/Supply_2017_DET.xlsx,7a3a403f7a7e8335e61776c1da6c423409d54090acaee597bbae738fa9a6703e,none
334511,484000,0.00790982499324588,False,transport_margin,2017,2017,USD,2024,resolved,https://apps.bea.gov/industry/xls/io-annual/Supply_2017_DET.xlsx,7a3a403f7a7e8335e61776c1da6c423409d54090acaee597bbae738fa9a6703e,none
334511,334511,0.08525200372227058,True,foreign_import,2017,2017,USD,2024,resolved,https://apps.bea.gov/industry/xls/io-annual/Supply_2017_DET.xlsx,7a3a403f7a7e8335e61776c1da6c423409d54090acaee597bbae738fa9a6703e,none
334511,334511,0.004037462852339927,True,product_tax,2017,2017,USD,2024,resolved,https://apps.bea.gov/industry/xls/io-annual/Supply_2017_DET.xlsx,7a3a403f7a7e8335e61776c1da6c423409d54090acaee597bbae738fa9a6703e,none
334512,334512,0.5621802439984258,False,basic_price,2017,2017,USD,2024,resolved,https://apps.bea.gov/industry/xls/io-annual/Supply_2017_DET.xlsx,7a3a403f7a7e8335e61776c1da6c423409d54090acaee597bbae738fa9a6703e,none
334512,423400,0.15171192443919718,False,trade_margin,2017,2017,USD,2024,resolved,https://apps.bea.gov/industry/xls/io-annual/Supply_2017_DET.xlsx,7a3a403f7a7e8335e61776c1da6c423409d54090acaee597bbae738fa9a6703e,none
334512,484000,0.023612750885478158,False,transport_margin,2017,2017,USD,2024,resolved,https://apps.bea.gov/industry/xls/io-annual/Supply_2017_DET.xlsx,7a3a403f7a7e8335e61776c1da6c423409d54090acaee597bbae738fa9a6703e,none
334512,334512,0.2548209366391185,True,foreign_import,2017,2017,USD,2024,resolved,https://apps.bea.gov/industry/xls/io-annual/Supply_2017_DET.xlsx,7a3a403f7a7e8335e61776c1da6c423409d54090acaee597bbae738fa9a6703e,none
334512,334512,0.007674144037780401,True,product_tax,2017,2017,USD,2024,resolved,https://apps.bea.gov/industry/xls/io-annual/Supply_2017_DET.xlsx,7a3a403f7a7e8335e61776c1da6c423409d54090acaee597bbae738fa9a6703e,none
334513,334513,0.5526639234756586,False,basic_price,2017,2017,USD,2024,resolved,https://apps.bea.gov/industry/xls/io-annual/Supply_2017_DET.xlsx,7a3a403f7a7e8335e61776c1da6c423409d54090acaee597bbae738fa9a6703e,none
334513,423400,0.14572756906963072,False,trade_margin,2017,2017,USD,2024,resolved,https://apps.bea.gov/industry/xls/io-annual/Supply_2017_DET.xlsx,7a3a403f7a7e8335e61776c1da6c423409d54090acaee597bbae738fa9a6703e,none
334513,484000,0.007802062737134612,False,transport_margin,2017,2017,USD,2024,resolved,https://apps.bea.gov/industry/xls/io-annual/Supply_2017_DET.xlsx,7a3a403f7a7e8335e61776c1da6c423409d54090acaee597bbae738fa9a6703e,none
334513,334513,0.2871800352695987,True,foreign_import,2017,2017,USD,2024,resolved,https://apps.bea.gov/industry/xls/io-annual/Supply_2017_DET.xlsx,7a3a403f7a7e8335e61776c1da6c423409d54090acaee597bbae738fa9a6703e,none
334513,334513,0.0066264094479773425,True,product_tax,2017,2017,USD,2024,resolved,https://apps.bea.gov/industry/xls/io-annual/Supply_2017_DET.xlsx,7a3a403f7a7e8335e61776c1da6c423409d54090acaee597bbae738fa9a6703e,none
334514,334514,0.5811269517990496,False,basic_price,2017,2017,USD,2024,resolved,https://apps.bea.gov/industry/xls/io-annual/Supply_2017_DET.xlsx,7a3a403f7a7e8335e61776c1da6c423409d54090acaee597bbae738fa9a6703e,none
334514,423400,0.14686580674360716,False,trade_margin,2017,2017,USD,2024,resolved,https://apps.bea.gov/industry/xls/io-annual/Supply_2017_DET.xlsx,7a3a403f7a7e8335e61776c1da6c423409d54090acaee597bbae738fa9a6703e,none
334514,484000,0.022742701968771213,False,transport_margin,2017,2017,USD,2024,resolved,https://apps.bea.gov/industry/xls/io-annual/Supply_2017_DET.xlsx,7a3a403f7a7e8335e61776c1da6c423409d54090acaee597bbae738fa9a6703e,none
334514,334514,0.24417288979407106,True,foreign_import,2017,2017,USD,2024,resolved,https://apps.bea.gov/industry/xls/io-annual/Supply_2017_DET.xlsx,7a3a403f7a7e8335e61776c1da6c423409d54090acaee597bbae738fa9a6703e,none
334514,334514,0.005091649694501019,True,product_tax,2017,2017,USD,2024,resolved,https://apps.bea.gov/industry/xls/io-annual/Supply_2017_DET.xlsx,7a3a403f7a7e8335e61776c1da6c423409d54090acaee597bbae738fa9a6703e,none
334515,334515,0.5507381431163862,False,basic_price,2017,2017,USD,2024,resolved,https://apps.bea.gov/industry/xls/io-annual/Supply_2017_DET.xlsx,7a3a403f7a7e8335e61776c1da6c423409d54090acaee597bbae738fa9a6703e,none
334515,423400,0.14100740595419098,False,trade_margin,2017,2017,USD,2024,resolved,https://apps.bea.gov/industry/xls/io-annual/Supply_2017_DET.xlsx,7a3a403f7a7e8335e61776c1da6c423409d54090acaee597bbae738fa9a6703e,none
334515,484000,0.023198783657854726,False,transport_margin,2017,2017,USD,2024,resolved,https://apps.bea.gov/industry/xls/io-annual/Supply_2017_DET.xlsx,7a3a403f7a7e8335e61776c1da6c423409d54090acaee597bbae738fa9a6703e,none
334515,334515,0.2791210947079308,True,foreign_import,2017,2017,USD,2024,resolved,https://apps.bea.gov/industry/xls/io-annual/Supply_2017_DET.xlsx,7a3a403f7a7e8335e61776c1da6c423409d54090acaee597bbae738fa9a6703e,none
334515,334515,0.005934572563637256,True,product_tax,2017,2017,USD,2024,resolved,https://apps.bea.gov/industry/xls/io-annual/Supply_2017_DET.xlsx,7a3a403f7a7e8335e61776c1da6c423409d54090acaee597bbae738fa9a6703e,none
334516,334516,0.6162573888205657,False,basic_price,2017,2017,USD,2024,resolved,https://apps.bea.gov/industry/xls/io-annual/Supply_2017_DET.xlsx,7a3a403f7a7e8335e61776c1da6c423409d54090acaee597bbae738fa9a6703e,none
334516,423400,0.14650692268020787,False,trade_margin,2017,2017,USD,2024,resolved,https://apps.bea.gov/industry/xls/io-annual/Supply_2017_DET.xlsx,7a3a403f7a7e8335e61776c1da6c423409d54090acaee597bbae738fa9a6703e,none
334516,484000,0.023564882770658945,False,transport_margin,2017,2017,USD,2024,resolved,https://apps.bea.gov/industry/xls/io-annual/Supply_2017_DET.xlsx,7a3a403f7a7e8335e61776c1da6c423409d54090acaee597bbae738fa9a6703e,none
334516,334516,0.20855317967231324,True,foreign_import,2017,2017,USD,2024,resolved,https://apps.bea.gov/industry/xls/io-annual/Supply_2017_DET.xlsx,7a3a403f7a7e8335e61776c1da6c423409d54090acaee597bbae738fa9a6703e,none
334516,334516,0.005117626056254215,True,product_tax,2017,2017,USD,2024,resolved,https://apps.bea.gov/industry/xls/io-annual/Supply_2017_DET.xlsx,7a3a403f7a7e8335e61776c1da6c423409d54090acaee597bbae738fa9a6703e,none
334517,334517,0.5204111259508739,False,basic_price,2017,2017,USD,2024,resolved,https://apps.bea.gov/industry/xls/io-annual/Supply_2017_DET.xlsx,7a3a403f7a7e8335e61776c1da6c423409d54090acaee597bbae738fa9a6703e,none
334517,423400,0.26328320074327854,False,trade_margin,2017,2017,USD,2024,resolved,https://apps.bea.gov/industry/xls/io-annual/Supply_2017_DET.xlsx,7a3a403f7a7e8335e61776c1da6c423409d54090acaee597bbae738fa9a6703e,none
334517,484000,0.006677893269844956,False,transport_margin,2017,2017,USD,2024,resolved,https://apps.bea.gov/industry/xls/io-annual/Supply_2017_DET.xlsx,7a3a403f7a7e8335e61776c1da6c423409d54090acaee597bbae738fa9a6703e,none
334517,334517,0.20213692584635037,True,foreign_import,2017,2017,USD,2024,resolved,https://apps.bea.gov/industry/xls/io-annual/Supply_2017_DET.xlsx,7a3a403f7a7e8335e61776c1da6c423409d54090acaee597bbae738fa9a6703e,none
334517,334517,0.007490854189652169,True,product_tax,2017,2017,USD,2024,resolved,https://apps.bea.gov/industry/xls/io-annual/Supply_2017_DET.xlsx,7a3a403f7a7e8335e61776c1da6c423409d54090acaee597bbae738fa9a6703e,none
33451A,33451A,0.39416729613452006,False,basic_price,2017,2017,USD,2024,resolved,https://apps.bea.gov/industry/xls/io-annual/Supply_2017_DET.xlsx,7a3a403f7a7e8335e61776c1da6c423409d54090acaee597bbae738fa9a6703e,none
33451A,423400,0.35705606095438275,False,trade_margin,2017,2017,USD,2024,resolved,https://apps.bea.gov/industry/xls/io-annual/Supply_2017_DET.xlsx,7a3a403f7a7e8335e61776c1da6c423409d54090acaee597bbae738fa9a6703e,none
33451A,484000,0.014417550658478112,False,transport_margin,2017,2017,USD,2024,resolved,https://apps.bea.gov/industry/xls/io-annual/Supply_2017_DET.xlsx,7a3a403f7a7e8335e61776c1da6c423409d54090acaee597bbae738fa9a6703e,none
33451A,33451A,0.20141876580511675,True,foreign_import,2017,2017,USD,2024,resolved,https://apps.bea.gov/industry/xls/io-annual/Supply_2017_DET.xlsx,7a3a403f7a7e8335e61776c1da6c423409d54090acaee597bbae738fa9a6703e,none
33451A,33451A,0.03294032644750238,True,product_tax,2017,2017,USD,2024,resolved,https://apps.bea.gov/industry/xls/io-annual/Supply_2017_DET.xlsx,7a3a403f7a7e8335e61776c1da6c423409d54090acaee597bbae738fa9a6703e,none
334300,334300,0.049535356120343564,False,basic_price,2017,2017,USD,2024,resolved,https://apps.bea.gov/industry/xls/io-annual/Supply_2017_DET.xlsx,7a3a403f7a7e8335e61776c1da6c423409d54090acaee597bbae738fa9a6703e,none
334300,423400,0.4065194094784153,False,trade_margin,2017,2017,USD,2024,resolved,https://apps.bea.gov/industry/xls/io-annual/Supply_2017_DET.xlsx,7a3a403f7a7e8335e61776c1da6c423409d54090acaee597bbae738fa9a6703e,none
334300,484000,0.0048623662449417,False,transport_margin,2017,2017,USD,2024,resolved,https://apps.bea.gov/industry/xls/io-annual/Supply_2017_DET.xlsx,7a3a403f7a7e8335e61776c1da6c423409d54090acaee597bbae738fa9a6703e,none
334300,334300,0.4607571855856432,True,foreign_import,2017,2017,USD,2024,resolved,https://apps.bea.gov/industry/xls/io-annual/Supply_2017_DET.xlsx,7a3a403f7a7e8335e61776c1da6c423409d54090acaee597bbae738fa9a6703e,none
334300,334300,0.07832568257065627,True,product_tax,2017,2017,USD,2024,resolved,https://apps.bea.gov/industry/xls/io-annual/Supply_2017_DET.xlsx,7a3a403f7a7e8335e61776c1da6c423409d54090acaee597bbae738fa9a6703e,none
334610,334610,0.6552193131587895,False,basic_price,2017,2017,USD,2024,resolved,https://apps.bea.gov/industry/xls/io-annual/Supply_2017_DET.xlsx,7a3a403f7a7e8335e61776c1da6c423409d54090acaee597bbae738fa9a6703e,none
334610,423400,0.15538932335940156,False,trade_margin,2017,2017,USD,2024,resolved,https://apps.bea.gov/industry/xls/io-annual/Supply_2017_DET.xlsx,7a3a403f7a7e8335e61776c1da6c423409d54090acaee597bbae738fa9a6703e,none
334610,484000,0.006800408024481469,False,transport_margin,2017,2017,USD,2024,resolved,https://apps.bea.gov/industry/xls/io-annual/Supply_2017_DET.xlsx,7a3a403f7a7e8335e61776c1da6c423409d54090acaee597bbae738fa9a6703e,none
334610,334610,0.17239034342060522,True,foreign_import,2017,2017,USD,2024,resolved,https://apps.bea.gov/industry/xls/io-annual/Supply_2017_DET.xlsx,7a3a403f7a7e8335e61776c1da6c423409d54090acaee597bbae738fa9a6703e,none
334610,334610,0.010200612036722203,True,product_tax,2017,2017,USD,2024,resolved,https://apps.bea.gov/industry/xls/io-annual/Supply_2017_DET.xlsx,7a3a403f7a7e8335e61776c1da6c423409d54090acaee597bbae738fa9a6703e,none
335110,335110,0.24317661560133824,False,basic_price,2017,2017,USD,2024,resolved,https://apps.bea.gov/industry/xls/io-annual/Supply_2017_DET.xlsx,7a3a403f7a7e8335e61776c1da6c423409d54090acaee597bbae738fa9a6703e,none
335110,423400,0.47402711745025533,False,trade_margin,2017,2017,USD,2024,resolved,https://apps.bea.gov/industry/xls/io-annual/Supply_2017_DET.xlsx,7a3a403f7a7e8335e61776c1da6c423409d54090acaee597bbae738fa9a6703e,none
335110,484000,0.004402183483007571,False,transport_margin,2017,2017,USD,2024,resolved,https://apps.bea.gov/industry/xls/io-annual/Supply_2017_DET.xlsx,7a3a403f7a7e8335e61776c1da6c423409d54090acaee597bbae738fa9a6703e,none
335110,335110,0.2208135235076598,True,foreign_import,2017,2017,USD,2024,resolved,https://apps.bea.gov/industry/xls/io-annual/Supply_2017_DET.xlsx,7a3a403f7a7e8335e61776c1da6c423409d54090acaee597bbae738fa9a6703e,none
335110,335110,0.05758055995773903,True,product_tax,2017,2017,USD,2024,resolved,https://apps.bea.gov/industry/xls/io-annual/Supply_2017_DET.xlsx,7a3a403f7a7e8335e61776c1da6c423409d54090acaee597bbae738fa9a6703e,none
335120,335120,0.2783348232622194,False,basic_price,2017,2017,USD,2024,resolved,https://apps.bea.gov/industry/xls/io-annual/Supply_2017_DET.xlsx,7a3a403f7a7e8335e61776c1da6c423409d54090acaee597bbae738fa9a6703e,none
335120,423400,0.27364758752325496,False,trade_margin,2017,2017,USD,2024,resolved,https://apps.bea.gov/industry/xls/io-annual/Supply_2017_DET.xlsx,7a3a403f7a7e8335e61776c1da6c423409d54090acaee597bbae738fa9a6703e,none
335120,484000,0.07936891444586726,False,transport_margin,2017,2017,USD,2024,resolved,https://apps.bea.gov/industry/xls/io-annual/Supply_2017_DET.xlsx,7a3a403f7a7e8335e61776c1da6c423409d54090acaee597bbae738fa9a6703e,none
335120,335120,0.33917224383290245,True,foreign_import,2017,2017,USD,2024,resolved,https://apps.bea.gov/industry/xls/io-annual/Supply_2017_DET.xlsx,7a3a403f7a7e8335e61776c1da6c423409d54090acaee597bbae738fa9a6703e,none
335120,335120,0.029476430935755877,True,product_tax,2017,2017,USD,2024,resolved,https://apps.bea.gov/industry/xls/io-annual/Supply_2017_DET.xlsx,7a3a403f7a7e8335e61776c1da6c423409d54090acaee597bbae738fa9a6703e,none
335210,335210,0.12083500602167803,False,basic_price,2017,2017,USD,2024,resolved,https://apps.bea.gov/industry/xls/io-annual/Supply_2017_DET.xlsx,7a3a403f7a7e8335e61776c1da6c423409d54090acaee597bbae738fa9a6703e,none
335210,423400,0.3357906645742856,False,trade_margin,2017,2017,USD,2024,resolved,https://apps.bea.gov/industry/xls/io-annual/Supply_2017_DET.xlsx,7a3a403f7a7e8335e61776c1da6c423409d54090acaee597bbae738fa9a6703e,none
335210,484000,0.07353746213641839,False,transport_margin,2017,2017,USD,2024,resolved,https://apps.bea.gov/industry/xls/io-annual/Supply_2017_DET.xlsx,7a3a403f7a7e8335e61776c1da6c423409d54090acaee597bbae738fa9a6703e,none
335210,335210,0.4290354366628955,True,foreign_import,2017,2017,USD,2024,resolved,https://apps.bea.gov/industry/xls/io-annual/Supply_2017_DET.xlsx,7a3a403f7a7e8335e61776c1da6c423409d54090acaee597bbae738fa9a6703e,none
335210,335210,0.04080143060472246,True,product_tax,2017,2017,USD,2024,resolved,https://apps.bea.gov/industry/xls/io-annual/Supply_2017_DET.xlsx,7a3a403f7a7e8335e61776c1da6c423409d54090acaee597bbae738fa9a6703e,none
335220,335220,0.31824822055761043,False,basic_price,2017,2017,USD,2024,resolved,https://apps.bea.gov/industry/xls/io-annual/Supply_2017_DET.xlsx,7a3a403f7a7e8335e61776c1da6c423409d54090acaee597bbae738fa9a6703e,none
335220,423400,0.3709787710191776,False,trade_margin,2017,2017,USD,2024,resolved,https://apps.bea.gov/industry/xls/io-annual/Supply_2017_DET.xlsx,7a3a403f7a7e8335e61776c1da6c423409d54090acaee597bbae738fa9a6703e,none
335220,484000,0.008190097286544618,False,transport_margin,2017,2017,USD,2024,resolved,https://apps.bea.gov/industry/xls/io-annual/Supply_2017_DET.xlsx,7a3a403f7a7e8335e61776c1da6c423409d54090acaee597bbae738fa9a6703e,none
335220,335220,0.26104186740434526,True,foreign_import,2017,2017,USD,2024,resolved,https://apps.bea.gov/industry/xls/io-annual/Supply_2017_DET.xlsx,7a3a403f7a7e8335e61776c1da6c423409d54090acaee597bbae738fa9a6703e,none
335220,335220,0.04154104373232213,True,product_tax,2017,2017,USD,2024,resolved,https://apps.bea.gov/industry/xls/io-annual/Supply_2017_DET.xlsx,7a3a403f7a7e8335e61776c1da6c423409d54090acaee597bbae738fa9a6703e,none
335311,335311,0.5252270433905146,False,basic_price,2017,2017,USD,2024,resolved,https://apps.bea.gov/industry/xls/io-annual/Supply_2017_DET.xlsx,7a3a403f7a7e8335e61776c1da6c423409d54090acaee597bbae738fa9a6703e,none
335311,423400,0.22643794147325935,False,trade_margin,2017,2017,USD,2024,resolved,https://apps.bea.gov/industry/xls/io-annual/Supply_2017_DET.xlsx,7a3a403f7a7e8335e61776c1da6c423409d54090acaee597bbae738fa9a6703e,none
335311,484000,0.007971745711402625,False,transport_margin,2017,2017,USD,2024,resolved,https://apps.bea.gov/industry/xls/io-annual/Supply_2017_DET.xlsx,7a3a403f7a7e8335e61776c1da6c423409d54090acaee597bbae738fa9a6703e,none
335311,335311,0.23077699293642787,True,foreign_import,2017,2017,USD,2024,resolved,https://apps.bea.gov/industry/xls/io-annual/Supply_2017_DET.xlsx,7a3a403f7a7e8335e61776c1da6c423409d54090acaee597bbae738fa9a6703e,none
335311,335311,0.00958627648839556,True,product_tax,2017,2017,USD,2024,resolved,https://apps.bea.gov/industry/xls/io-annual/Supply_2017_DET.xlsx,7a3a403f7a7e8335e61776c1da6c423409d54090acaee597bbae738fa9a6703e,none
335312,335312,0.3190618549362944,False,basic_price,2017,2017,USD,2024,resolved,https://apps.bea.gov/industry/xls/io-annual/Supply_2017_DET.xlsx,7a3a403f7a7e8335e61776c1da6c423409d54090acaee597bbae738fa9a6703e,none
335312,423400,0.24642323297031818,False,trade_margin,2017,2017,USD,2024,resolved,https://apps.bea.gov/industry/xls/io-annual/Supply_2017_DET.xlsx,7a3a403f7a7e8335e61776c1da6c423409d54090acaee597bbae738fa9a6703e,none
335312,484000,0.0068688162858566455,False,transport_margin,2017,2017,USD,2024,resolved,https://apps.bea.gov/industry/xls/io-annual/Supply_2017_DET.xlsx,7a3a403f7a7e8335e61776c1da6c423409d54090acaee597bbae738fa9a6703e,none
335312,335312,0.40618549362943984,True,foreign_import,2017,2017,USD,2024,resolved,https://apps.bea.gov/industry/xls/io-annual/Supply_2017_DET.xlsx,7a3a403f7a7e8335e61776c1da6c423409d54090acaee597bbae738fa9a6703e,none
335312,335312,0.021460602178090968,True,product_tax,2017,2017,USD,2024,resolved,https://apps.bea.gov/industry/xls/io-annual/Supply_2017_DET.xlsx,7a3a403f7a7e8335e61776c1da6c423409d54090acaee597bbae738fa9a6703e,none
335313,335313,0.5450417460084956,False,basic_price,2017,2017,USD,2024,resolved,https://apps.bea.gov/industry/xls/io-annual/Supply_2017_DET.xlsx,7a3a403f7a7e8335e61776c1da6c423409d54090acaee597bbae738fa9a6703e,none
335313,423400,0.23870904740979446,False,trade_margin,2017,2017,USD,2024,resolved,https://apps.bea.gov/industry/xls/io-annual/Supply_2017_DET.xlsx,7a3a403f7a7e8335e61776c1da6c423409d54090acaee597bbae738fa9a6703e,none
335313,484000,0.00781211854889898,False,transport_margin,2017,2017,USD,2024,resolved,https://apps.bea.gov/industry/xls/io-annual/Supply_2017_DET.xlsx,7a3a403f7a7e8335e61776c1da6c423409d54090acaee597bbae738fa9a6703e,none
335313,335313,0.19452175186758458,True,foreign_import,2017,2017,USD,2024,resolved,https://apps.bea.gov/industry/xls/io-annual/Supply_2017_DET.xlsx,7a3a403f7a7e8335e61776c1da6c423409d54090acaee597bbae738fa9a6703e,none
335313,335313,0.013915336165226307,True,product_tax,2017,2017,USD,2024,resolved,https://apps.bea.gov/industry/xls/io-annual/Supply_2017_DET.xlsx,7a3a403f7a7e8335e61776c1da6c423409d54090acaee597bbae738fa9a6703e,none
335314,335314,0.412695955099671,False,basic_price,2017,2017,USD,2024,resolved,https://apps.bea.gov/industry/xls/io-annual/Supply_2017_DET.xlsx,7a3a403f7a7e8335e61776c1da6c423409d54090acaee597bbae738fa9a6703e,none
335314,423400,0.22210179988387846,False,trade_margin,2017,2017,USD,2024,resolved,https://apps.bea.gov/industry/xls/io-annual/Supply_2017_DET.xlsx,7a3a403f7a7e8335e61776c1da6c423409d54090acaee597bbae738fa9a6703e,none
335314,484000,0.007083413973292045,False,transport_margin,2017,2017,USD,2024,resolved,https://apps.bea.gov/industry/xls/io-annual/Supply_2017_DET.xlsx,7a3a403f7a7e8335e61776c1da6c423409d54090acaee597bbae738fa9a6703e,none
335314,335314,0.34186181536675053,True,foreign_import,2017,2017,USD,2024,resolved,https://apps.bea.gov/industry/xls/io-annual/Supply_2017_DET.xlsx,7a3a403f7a7e8335e61776c1da6c423409d54090acaee597bbae738fa9a6703e,none
335314,335314,0.016257015676407974,True,product_tax,2017,2017,USD,2024,resolved,https://apps.bea.gov/industry/xls/io-annual/Supply_2017_DET.xlsx,7a3a403f7a7e8335e61776c1da6c423409d54090acaee597bbae738fa9a6703e,none
335911,335911,0.37119888150996155,False,basic_price,2017,2017,USD,2024,resolved,https://apps.bea.gov/industry/xls/io-annual/Supply_2017_DET.xlsx,7a3a403f7a7e8335e61776c1da6c423409d54090acaee597bbae738fa9a6703e,none
335911,423400,0.27123383432366305,False,trade_margin,2017,2017,USD,2024,resolved,https://apps.bea.gov/industry/xls/io-annual/Supply_2017_DET.xlsx,7a3a403f7a7e8335e61776c1da6c423409d54090acaee597bbae738fa9a6703e,none
335911,484000,0.0068906975582963,False,transport_margin,2017,2017,USD,2024,resolved,https://apps.bea.gov/industry/xls/io-annual/Supply_2017_DET.xlsx,7a3a403f7a7e8335e61776c1da6c423409d54090acaee597bbae738fa9a6703e,none
335911,335911,0.32306386378389174,True,foreign_import,2017,2017,USD,2024,resolved,https://apps.bea.gov/industry/xls/io-annual/Supply_2017_DET.xlsx,7a3a403f7a7e8335e61776c1da6c423409d54090acaee597bbae738fa9a6703e,none
335911,335911,0.027612722824187346,True,product_tax,2017,2017,USD,2024,resolved,https://apps.bea.gov/industry/xls/io-annual/Supply_2017_DET.xlsx,7a3a403f7a7e8335e61776c1da6c423409d54090acaee597bbae738fa9a6703e,none
335912,335912,0.29260031266284525,False,basic_price,2017,2017,USD,2024,resolved,https://apps.bea.gov/industry/xls/io-annual/Supply_2017_DET.xlsx,7a3a403f7a7e8335e61776c1da6c423409d54090acaee597bbae738fa9a6703e,none
335912,423400,0.5579729025534133,False,trade_margin,2017,2017,USD,2024,resolved,https://apps.bea.gov/industry/xls/io-annual/Supply_2017_DET.xlsx,7a3a403f7a7e8335e61776c1da6c423409d54090acaee597bbae738fa9a6703e,none
335912,484000,0.0035174570088587808,False,transport_margin,2017,2017,USD,2024,resolved,https://apps.bea.gov/industry/xls/io-annual/Supply_2017_DET.xlsx,7a3a403f7a7e8335e61776c1da6c423409d54090acaee597bbae738fa9a6703e,none
335912,335912,0.10617509119332987,True,foreign_import,2017,2017,USD,2024,resolved,https://apps.bea.gov/industry/xls/io-annual/Supply_2017_DET.xlsx,7a3a403f7a7e8335e61776c1da6c423409d54090acaee597bbae738fa9a6703e,none
335912,335912,0.039734236581552895,True,product_tax,2017,2017,USD,2024,resolved,https://apps.bea.gov/industry/xls/io-annual/Supply_2017_DET.xlsx,7a3a403f7a7e8335e61776c1da6c423409d54090acaee597bbae738fa9a6703e,none
335920,335920,0.4457330588980367,False,basic_price,2017,2017,USD,2024,resolved,https://apps.bea.gov/industry/xls/io-annual/Supply_2017_DET.xlsx,7a3a403f7a7e8335e61776c1da6c423409d54090acaee597bbae738fa9a6703e,none
335920,423400,0.2234008866371121,False,trade_margin,2017,2017,USD,2024,resolved,https://apps.bea.gov/industry/xls/io-annual/Supply_2017_DET.xlsx,7a3a403f7a7e8335e61776c1da6c423409d54090acaee597bbae738fa9a6703e,none
335920,484000,0.007045598480050665,False,transport_margin,2017,2017,USD,2024,resolved,https://apps.bea.gov/industry/xls/io-annual/Supply_2017_DET.xlsx,7a3a403f7a7e8335e61776c1da6c423409d54090acaee597bbae738fa9a6703e,none
335920,335920,0.3094521849271691,True,foreign_import,2017,2017,USD,2024,resolved,https://apps.bea.gov/industry/xls/io-annual/Supply_2017_DET.xlsx,7a3a403f7a7e8335e61776c1da6c423409d54090acaee597bbae738fa9a6703e,none
335920,335920,0.014368271057631412,True,product_tax,2017,2017,USD,2024,resolved,https://apps.bea.gov/industry/xls/io-annual/Supply_2017_DET.xlsx,7a3a403f7a7e8335e61776c1da6c423409d54090acaee597bbae738fa9a6703e,none
335930,335930,0.5544685577580315,False,basic_price,2017,2017,USD,2024,resolved,https://apps.bea.gov/industry/xls/io-annual/Supply_2017_DET.xlsx,7a3a403f7a7e8335e61776c1da6c423409d54090acaee597bbae738fa9a6703e,none
335930,423400,0.28400546821599454,False,trade_margin,2017,2017,USD,2024,resolved,https://apps.bea.gov/industry/xls/io-annual/Supply_2017_DET.xlsx,7a3a403f7a7e8335e61776c1da6c423409d54090acaee597bbae738fa9a6703e,none
335930,484000,0.006408065618591935,False,transport_margin,2017,2017,USD,2024,resolved,https://apps.bea.gov/industry/xls/io-annual/Supply_2017_DET.xlsx,7a3a403f7a7e8335e61776c1da6c423409d54090acaee597bbae738fa9a6703e,none
335930,335930,0.1267088174982912,True,foreign_import,2017,2017,USD,2024,resolved,https://apps.bea.gov/industry/xls/io-annual/Supply_2017_DET.xlsx,7a3a403f7a7e8335e61776c1da6c423409d54090acaee597bbae738fa9a6703e,none
335930,335930,0.02840909090909091,True,product_tax,2017,2017,USD,2024,resolved,https://apps.bea.gov/industry/xls/io-annual/Supply_2017_DET.xlsx,7a3a403f7a7e8335e61776c1da6c423409d54090acaee597bbae738fa9a6703e,none
335991,335991,0.6550833995234312,False,basic_price,2017,2017,USD,2024,resolved,https://apps.bea.gov/industry/xls/io-annual/Supply_2017_DET.xlsx,7a3a403f7a7e8335e61776c1da6c423409d54090acaee597bbae738fa9a6703e,none
335991,423400,0.15031771247021444,False,trade_margin,2017,2017,USD,2024,resolved,https://apps.bea.gov/industry/xls/io-annual/Supply_2017_DET.xlsx,7a3a403f7a7e8335e61776c1da6c423409d54090acaee597bbae738fa9a6703e,none
335991,484000,0.007942811755361398,False,transport_margin,2017,2017,USD,2024,resolved,https://apps.bea.gov/industry/xls/io-annual/Supply_2017_DET.xlsx,7a3a403f7a7e8335e61776c1da6c423409d54090acaee597bbae738fa9a6703e,none
335991,335991,0.18149324861000793,True,foreign_import,2017,2017,USD,2024,resolved,https://apps.bea.gov/industry/xls/io-annual/Supply_2017_DET.xlsx,7a3a403f7a7e8335e61776c1da6c423409d54090acaee597bbae738fa9a6703e,none
335991,335991,0.005162827640984908,True,product_tax,2017,2017,USD,2024,resolved,https://apps.bea.gov/industry/xls/io-annual/Supply_2017_DET.xlsx,7a3a403f7a7e8335e61776c1da6c423409d54090acaee597bbae738fa9a6703e,none
335999,335999,0.4164246718550354,False,basic_price,2017,2017,USD,2024,resolved,https://apps.bea.gov/industry/xls/io-annual/Supply_2017_DET.xlsx,7a3a403f7a7e8335e61776c1da6c423409d54090acaee597bbae738fa9a6703e,none
335999,423400,0.20842529136175322,False,trade_margin,2017,2017,USD,2024,resolved,https://apps.bea.gov/industry/xls/io-annual/Supply_2017_DET.xlsx,7a3a403f7a7e8335e61776c1da6c423409d54090acaee597bbae738fa9a6703e,none
335999,484000,0.006930731405118675,False,transport_margin,2017,2017,USD,2024,resolved,https://apps.bea.gov/industry/xls/io-annual/Supply_2017_DET.xlsx,7a3a403f7a7e8335e61776c1da6c423409d54090acaee597bbae738fa9a6703e,none
335999,335999,0.3552096643047973,True,foreign_import,2017,2017,USD,2024,resolved,https://apps.bea.gov/industry/xls/io-annual/Supply_2017_DET.xlsx,7a3a403f7a7e8335e61776c1da6c423409d54090acaee597bbae738fa9a6703e,none
335999,335999,0.01300964107329539,True,product_tax,2017,2017,USD,2024,resolved,https://apps.bea.gov/industry/xls/io-annual/Supply_2017_DET.xlsx,7a3a403f7a7e8335e61776c1da6c423409d54090acaee597bbae738fa9a6703e,none
336111,336111,0.17944672692413036,False,basic_price,2017,2017,USD,2024,resolved,https://apps.bea.gov/industry/xls/io-annual/Supply_2017_DET.xlsx,7a3a403f7a7e8335e61776c1da6c423409d54090acaee597bbae738fa9a6703e,none
336111,423400,0.38170364283757874,False,trade_margin,2017,2017,USD,2024,resolved,https://apps.bea.gov/industry/xls/io-annual/Supply_2017_DET.xlsx,7a3a403f7a7e8335e61776c1da6c423409d54090acaee597bbae738fa9a6703e,none
336111,484000,0.026513284031772118,False,transport_margin,2017,2017,USD,2024,resolved,https://apps.bea.gov/industry/xls/io-annual/Supply_2017_DET.xlsx,7a3a403f7a7e8335e61776c1da6c423409d54090acaee597bbae738fa9a6703e,none
336111,336111,0.36191728293618186,True,foreign_import,2017,2017,USD,2024,resolved,https://apps.bea.gov/industry/xls/io-annual/Supply_2017_DET.xlsx,7a3a403f7a7e8335e61776c1da6c423409d54090acaee597bbae738fa9a6703e,none
336111,336111,0.05041906327033689,True,product_tax,2017,2017,USD,2024,resolved,https://apps.bea.gov/industry/xls/io-annual/Supply_2017_DET.xlsx,7a3a403f7a7e8335e61776c1da6c423409d54090acaee597bbae738fa9a6703e,none
336112,336112,0.4900944147423501,False,basic_price,2017,2017,USD,2024,resolved,https://apps.bea.gov/industry/xls/io-annual/Supply_2017_DET.xlsx,7a3a403f7a7e8335e61776c1da6c423409d54090acaee597bbae738fa9a6703e,none
336112,423400,0.17272437720395858,False,trade_margin,2017,2017,USD,2024,resolved,https://apps.bea.gov/industry/xls/io-annual/Supply_2017_DET.xlsx,7a3a403f7a7e8335e61776c1da6c423409d54090acaee597bbae738fa9a6703e,none
336112,484000,0.010321920145603458,False,transport_margin,2017,2017,USD,2024,resolved,https://apps.bea.gov/industry/xls/io-annual/Supply_2017_DET.xlsx,7a3a403f7a7e8335e61776c1da6c423409d54090acaee597bbae738fa9a6703e,none
336112,336112,0.2928950062563986,True,foreign_import,2017,2017,USD,2024,resolved,https://apps.bea.gov/industry/xls/io-annual/Supply_2017_DET.xlsx,7a3a403f7a7e8335e61776c1da6c423409d54090acaee597bbae738fa9a6703e,none
336112,336112,0.03396428165168923,True,product_tax,2017,2017,USD,2024,resolved,https://apps.bea.gov/industry/xls/io-annual/Supply_2017_DET.xlsx,7a3a403f7a7e8335e61776c1da6c423409d54090acaee597bbae738fa9a6703e,none
336120,336120,0.6138001629447032,False,basic_price,2017,2017,USD,2024,resolved,https://apps.bea.gov/industry/xls/io-annual/Supply_2017_DET.xlsx,7a3a403f7a7e8335e61776c1da6c423409d54090acaee597bbae738fa9a6703e,none
336120,423400,0.03185777852054565,False,trade_margin,2017,2017,USD,2024,resolved,https://apps.bea.gov/industry/xls/io-annual/Supply_2017_DET.xlsx,7a3a403f7a7e8335e61776c1da6c423409d54090acaee597bbae738fa9a6703e,none
336120,484000,0.012220852743947021,False,transport_margin,2017,2017,USD,2024,resolved,https://apps.bea.gov/industry/xls/io-annual/Supply_2017_DET.xlsx,7a3a403f7a7e8335e61776c1da6c423409d54090acaee597bbae738fa9a6703e,none
336120,336120,0.3171363512920679,True,foreign_import,2017,2017,USD,2024,resolved,https://apps.bea.gov/industry/xls/io-annual/Supply_2017_DET.xlsx,7a3a403f7a7e8335e61776c1da6c423409d54090acaee597bbae738fa9a6703e,none
336120,336120,0.02498485449873613,True,product_tax,2017,2017,USD,2024,resolved,https://apps.bea.gov/industry/xls/io-annual/Supply_2017_DET.xlsx,7a3a403f7a7e8335e61776c1da6c423409d54090acaee597bbae738fa9a6703e,none
336211,336211,0.7714682452678506,False,basic_price,2017,2017,USD,2024,resolved,https://apps.bea.gov/industry/xls/io-annual/Supply_2017_DET.xlsx,7a3a403f7a7e8335e61776c1da6c423409d54090acaee597bbae738fa9a6703e,none
336211,423400,0.16319520572973764,False,trade_margin,2017,2017,USD,2024,resolved,https://apps.bea.gov/industry/xls/io-annual/Supply_2017_DET.xlsx,7a3a403f7a7e8335e61776c1da6c423409d54090acaee597bbae738fa9a6703e,none
336211,484000,0.01103559161002704,False,transport_margin,2017,2017,USD,2024,resolved,https://apps.bea.gov/industry/xls/io-annual/Supply_2017_DET.xlsx,7a3a403f7a7e8335e61776c1da6c423409d54090acaee597bbae738fa9a6703e,none
336211,336211,0.004750420229481839,True,foreign_import,2017,2017,USD,2024,resolved,https://apps.bea.gov/industry/xls/io-annual/Supply_2017_DET.xlsx,7a3a403f7a7e8335e61776c1da6c423409d54090acaee597bbae738fa9a6703e,none
336211,336211,0.04955053716290287,True,product_tax,2017,2017,USD,2024,resolved,https://apps.bea.gov/industry/xls/io-annual/Supply_2017_DET.xlsx,7a3a403f7a7e8335e61776c1da6c423409d54090acaee597bbae738fa9a6703e,none
336212,336212,0.6731831164709616,False,basic_price,2017,2017,USD,2024,resolved,https://apps.bea.gov/industry/xls/io-annual/Supply_2017_DET.xlsx,7a3a403f7a7e8335e61776c1da6c423409d54090acaee597bbae738fa9a6703e,none
336212,423400,0.14655664868295779,False,trade_margin,2017,2017,USD,2024,resolved,https://apps.bea.gov/industry/xls/io-annual/Supply_2017_DET.xlsx,7a3a403f7a7e8335e61776c1da6c423409d54090acaee597bbae738fa9a6703e,none
336212,484000,0.0072992700729927005,False,transport_margin,2017,2017,USD,2024,resolved,https://apps.bea.gov/industry/xls/io-annual/Supply_2017_DET.xlsx,7a3a403f7a7e8335e61776c1da6c423409d54090acaee597bbae738fa9a6703e,none
336212,336212,0.13043478260869565,True,foreign_import,2017,2017,USD,2024,resolved,https://apps.bea.gov/industry/xls/io-annual/Supply_2017_DET.xlsx,7a3a403f7a7e8335e61776c1da6c423409d54090acaee597bbae738fa9a6703e,none
336212,336212,0.04252618216439226,True,product_tax,2017,2017,USD,2024,resolved,https://apps.bea.gov/industry/xls/io-annual/Supply_2017_DET.xlsx,7a3a403f7a7e8335e61776c1da6c423409d54090acaee597bbae738fa9a6703e,none
336213,336213,0.5310380355456341,False,basic_price,2017,2017,USD,2024,resolved,https://apps.bea.gov/industry/xls/io-annual/Supply_2017_DET.xlsx,7a3a403f7a7e8335e61776c1da6c423409d54090acaee597bbae738fa9a6703e,none
336213,423400,0.3866231647634584,False,trade_margin,2017,2017,USD,2024,resolved,https://apps.bea.gov/industry/xls/io-annual/Supply_2017_DET.xlsx,7a3a403f7a7e8335e61776c1da6c423409d54090acaee597bbae738fa9a6703e,none
336213,484000,0.00798488881256976,False,transport_margin,2017,2017,USD,2024,resolved,https://apps.bea.gov/industry/xls/io-annual/Supply_2017_DET.xlsx,7a3a403f7a7e8335e61776c1da6c423409d54090acaee597bbae738fa9a6703e,none
336213,336213,0.024126384476689276,True,foreign_import,2017,2017,USD,2024,resolved,https://apps.bea.gov/industry/xls/io-annual/Supply_2017_DET.xlsx,7a3a403f7a7e8335e61776c1da6c423409d54090acaee597bbae738fa9a6703e,none
336213,336213,0.050227526401648494,True,product_tax,2017,2017,USD,2024,resolved,https://apps.bea.gov/industry/xls/io-annual/Supply_2017_DET.xlsx,7a3a403f7a7e8335e61776c1da6c423409d54090acaee597bbae738fa9a6703e,none
336214,336214,0.617872827954936,False,basic_price,2017,2017,USD,2024,resolved,https://apps.bea.gov/industry/xls/io-annual/Supply_2017_DET.xlsx,7a3a403f7a7e8335e61776c1da6c423409d54090acaee597bbae738fa9a6703e,none
336214,423400,0.2945961428298644,False,trade_margin,2017,2017,USD,2024,resolved,https://apps.bea.gov/industry/xls/io-annual/Supply_2017_DET.xlsx,7a3a403f7a7e8335e61776c1da6c423409d54090acaee597bbae738fa9a6703e,none
336214,484000,0.006988734008019859,False,transport_margin,2017,2017,USD,2024,resolved,https://apps.bea.gov/industry/xls/io-annual/Supply_2017_DET.xlsx,7a3a403f7a7e8335e61776c1da6c423409d54090acaee597bbae738fa9a6703e,none
336214,336214,0.04284895932785946,True,foreign_import,2017,2017,USD,2024,resolved,https://apps.bea.gov/industry/xls/io-annual/Supply_2017_DET.xlsx,7a3a403f7a7e8335e61776c1da6c423409d54090acaee597bbae738fa9a6703e,none
336214,336214,0.03769333587932022,True,product_tax,2017,2017,USD,2024,resolved,https://apps.bea.gov/industry/xls/io-annual/Supply_2017_DET.xlsx,7a3a403f7a7e8335e61776c1da6c423409d54090acaee597bbae738fa9a6703e,none
336310,336310,0.5147502966238809,False,basic_price,2017,2017,USD,2024,resolved,https://apps.bea.gov/industry/xls/io-annual/Supply_2017_DET.xlsx,7a3a403f7a7e8335e61776c1da6c423409d54090acaee597bbae738fa9a6703e,none
336310,423400,0.22393754719016287,False,trade_margin,2017,2017,USD,2024,resolved,https://apps.bea.gov/industry/xls/io-annual/Supply_2017_DET.xlsx,7a3a403f7a7e8335e61776c1da6c423409d54090acaee597bbae738fa9a6703e,none
336310,484000,0.008656024161363391,False,transport_margin,2017,2017,USD,2024,resolved,https://apps.bea.gov/industry/xls/io-annual/Supply_2017_DET.xlsx,7a3a403f7a7e8335e61776c1da6c423409d54090acaee597bbae738fa9a6703e,none
336310,336310,0.23352389170531765,True,foreign_import,2017,2017,USD,2024,resolved,https://apps.bea.gov/industry/xls/io-annual/Supply_2017_DET.xlsx,7a3a403f7a7e8335e61776c1da6c423409d54090acaee597bbae738fa9a6703e,none
336310,336310,0.01913224031927516,True,product_tax,2017,2017,USD,2024,resolved,https://apps.bea.gov/industry/xls/io-annual/Supply_2017_DET.xlsx,7a3a403f7a7e8335e61776c1da6c423409d54090acaee597bbae738fa9a6703e,none
336320,336320,0.4332411274430041,False,basic_price,2017,2017,USD,2024,resolved,https://apps.bea.gov/industry/xls/io-annual/Supply_2017_DET.xlsx,7a3a403f7a7e8335e61776c1da6c423409d54090acaee597bbae738fa9a6703e,none
336320,423400,0.2231020954240567,False,trade_margin,2017,2017,USD,2024,resolved,https://apps.bea.gov/industry/xls/io-annual/Supply_2017_DET.xlsx,7a3a403f7a7e8335e61776c1da6c423409d54090acaee597bbae738fa9a6703e,none
336320,484000,0.008569723924716603,False,transport_margin,2017,2017,USD,2024,resolved,https://apps.bea.gov/industry/xls/io-annual/Supply_2017_DET.xlsx,7a3a403f7a7e8335e61776c1da6c423409d54090acaee597bbae738fa9a6703e,none
336320,336320,0.31413281264124676,True,foreign_import,2017,2017,USD,2024,resolved,https://apps.bea.gov/industry/xls/io-annual/Supply_2017_DET.xlsx,7a3a403f7a7e8335e61776c1da6c423409d54090acaee597bbae738fa9a6703e,none
336320,336320,0.020954240566975826,True,product_tax,2017,2017,USD,2024,resolved,https://apps.bea.gov/industry/xls/io-annual/Supply_2017_DET.xlsx,7a3a403f7a7e8335e61776c1da6c423409d54090acaee597bbae738fa9a6703e,none
336350,336350,0.5608555744841945,False,basic_price,2017,2017,USD,2024,resolved,https://apps.bea.gov/industry/xls/io-annual/Supply_2017_DET.xlsx,7a3a403f7a7e8335e61776c1da6c423409d54090acaee597bbae738fa9a6703e,none
336350,423400,0.20210378302371487,False,trade_margin,2017,2017,USD,2024,resolved,https://apps.bea.gov/industry/xls/io-annual/Supply_2017_DET.xlsx,7a3a403f7a7e8335e61776c1da6c423409d54090acaee597bbae738fa9a6703e,none
336350,484000,0.00892350125740245,False,transport_margin,2017,2017,USD,2024,resolved,https://apps.bea.gov/industry/xls/io-annual/Supply_2017_DET.xlsx,7a3a403f7a7e8335e61776c1da6c423409d54090acaee597bbae738fa9a6703e,none
336350,336350,0.21173034801654905,True,foreign_import,2017,2017,USD,2024,resolved,https://apps.bea.gov/industry/xls/io-annual/Supply_2017_DET.xlsx,7a3a403f7a7e8335e61776c1da6c423409d54090acaee597bbae738fa9a6703e,none
336350,336350,0.016386793218139045,True,product_tax,2017,2017,USD,2024,resolved,https://apps.bea.gov/industry/xls/io-annual/Supply_2017_DET.xlsx,7a3a403f7a7e8335e61776c1da6c423409d54090acaee597bbae738fa9a6703e,none
336360,336360,0.6713368231205736,False,basic_price,2017,2017,USD,2024,resolved,https://apps.bea.gov/industry/xls/io-annual/Supply_2017_DET.xlsx,7a3a403f7a7e8335e61776c1da6c423409d54090acaee597bbae738fa9a6703e,none
336360,423400,0.12446663440812915,False,trade_margin,2017,2017,USD,2024,resolved,https://apps.bea.gov/industry/xls/io-annual/Supply_2017_DET.xlsx,7a3a403f7a7e8335e61776c1da6c423409d54090acaee597bbae738fa9a6703e,none
336360,484000,0.009875511371134474,False,transport_margin,2017,2017,USD,2024,resolved,https://apps.bea.gov/industry/xls/io-annual/Supply_2017_DET.xlsx,7a3a403f7a7e8335e61776c1da6c423409d54090acaee597bbae738fa9a6703e,none
336360,336360,0.19115382923503277,True,foreign_import,2017,2017,USD,2024,resolved,https://apps.bea.gov/industry/xls/io-annual/Supply_2017_DET.xlsx,7a3a403f7a7e8335e61776c1da6c423409d54090acaee597bbae738fa9a6703e,none
336360,336360,0.0031672018651299873,True,product_tax,2017,2017,USD,2024,resolved,https://apps.bea.gov/industry/xls/io-annual/Supply_2017_DET.xlsx,7a3a403f7a7e8335e61776c1da6c423409d54090acaee597bbae738fa9a6703e,none
336370,336370,0.8460604906836732,False,basic_price,2017,2017,USD,2024,resolved,https://apps.bea.gov/industry/xls/io-annual/Supply_2017_DET.xlsx,7a3a403f7a7e8335e61776c1da6c423409d54090acaee597bbae738fa9a6703e,none
336370,423400,0.12800133260357424,False,trade_margin,2017,2017,USD,2024,resolved,https://apps.bea.gov/industry/xls/io-annual/Supply_2017_DET.xlsx,7a3a403f7a7e8335e61776c1da6c423409d54090acaee597bbae738fa9a6703e,none
336370,484000,0.00980415486757252,False,transport_margin,2017,2017,USD,2024,resolved,https://apps.bea.gov/industry/xls/io-annual/Supply_2017_DET.xlsx,7a3a403f7a7e8335e61776c1da6c423409d54090acaee597bbae738fa9a6703e,none
336370,336370,0.013611593651095828,True,foreign_import,2017,2017,USD,2024,resolved,https://apps.bea.gov/industry/xls/io-annual/Supply_2017_DET.xlsx,7a3a403f7a7e8335e61776c1da6c423409d54090acaee597bbae738fa9a6703e,none
336370,336370,0.002522428194084192,True,product_tax,2017,2017,USD,2024,resolved,https://apps.bea.gov/industry/xls/io-annual/Supply_2017_DET.xlsx,7a3a403f7a7e8335e61776c1da6c423409d54090acaee597bbae738fa9a6703e,none
336390,336390,0.4831974233680937,False,basic_price,2017,2017,USD,2024,resolved,https://apps.bea.gov/industry/xls/io-annual/Supply_2017_DET.xlsx,7a3a403f7a7e8335e61776c1da6c423409d54090acaee597bbae738fa9a6703e,none
336390,423400,0.20713310229954926,False,trade_margin,2017,2017,USD,2024,resolved,https://apps.bea.gov/industry/xls/io-annual/Supply_2017_DET.xlsx,7a3a403f7a7e8335e61776c1da6c423409d54090acaee597bbae738fa9a6703e,none
336390,484000,0.0089124308280114,False,transport_margin,2017,2017,USD,2024,resolved,https://apps.bea.gov/industry/xls/io-annual/Supply_2017_DET.xlsx,7a3a403f7a7e8335e61776c1da6c423409d54090acaee597bbae738fa9a6703e,none
336390,336390,0.2833268864908389,True,foreign_import,2017,2017,USD,2024,resolved,https://apps.bea.gov/industry/xls/io-annual/Supply_2017_DET.xlsx,7a3a403f7a7e8335e61776c1da6c423409d54090acaee597bbae738fa9a6703e,none
336390,336390,0.017430157013506795,True,product_tax,2017,2017,USD,2024,resolved,https://apps.bea.gov/industry/xls/io-annual/Supply_2017_DET.xlsx,7a3a403f7a7e8335e61776c1da6c423409d54090acaee597bbae738fa9a6703e,none
3363A0,3363A0,0.4899928451259838,False,basic_price,2017,2017,USD,2024,resolved,https://apps.bea.gov/industry/xls/io-annual/Supply_2017_DET.xlsx,7a3a403f7a7e8335e61776c1da6c423409d54090acaee597bbae738fa9a6703e,none
3363A0,423400,0.23311353044688957,False,trade_margin,2017,2017,USD,2024,resolved,https://apps.bea.gov/industry/xls/io-annual/Supply_2017_DET.xlsx,7a3a403f7a7e8335e61776c1da6c423409d54090acaee597bbae738fa9a6703e,none
3363A0,484000,0.008489161332740316,False,transport_margin,2017,2017,USD,2024,resolved,https://apps.bea.gov/industry/xls/io-annual/Supply_2017_DET.xlsx,7a3a403f7a7e8335e61776c1da6c423409d54090acaee597bbae738fa9a6703e,none
3363A0,3363A0,0.24651441610426778,True,foreign_import,2017,2017,USD,2024,resolved,https://apps.bea.gov/industry/xls/io-annual/Supply_2017_DET.xlsx,7a3a403f7a7e8335e61776c1da6c423409d54090acaee597bbae738fa9a6703e,none
3363A0,3363A0,0.02189004699011854,True,product_tax,2017,2017,USD,2024,resolved,https://apps.bea.gov/industry/xls/io-annual/Supply_2017_DET.xlsx,7a3a403f7a7e8335e61776c1da6c423409d54090acaee597bbae738fa9a6703e,none
336411,336411,0.8985080395279568,False,basic_price,2017,2017,USD,2024,resolved,https://apps.bea.gov/industry/xls/io-annual/Supply_2017_DET.xlsx,7a3a403f7a7e8335e61776c1da6c423409d54090acaee597bbae738fa9a6703e,none
336411,423400,0.031571722717913524,False,trade_margin,2017,2017,USD,2024,resolved,https://apps.bea.gov/industry/xls/io-annual/Supply_2017_DET.xlsx,7a3a403f7a7e8335e61776c1da6c423409d54090acaee597bbae738fa9a6703e,none
336411,484000,0.009162329830546875,False,transport_margin,2017,2017,USD,2024,resolved,https://apps.bea.gov/industry/xls/io-annual/Supply_2017_DET.xlsx,7a3a403f7a7e8335e61776c1da6c423409d54090acaee597bbae738fa9a6703e,none
336411,336411,0.058898787907057326,True,foreign_import,2017,2017,USD,2024,resolved,https://apps.bea.gov/industry/xls/io-annual/Supply_2017_DET.xlsx,7a3a403f7a7e8335e61776c1da6c423409d54090acaee597bbae738fa9a6703e,none
336411,336411,0.0018591200165255113,True,product_tax,2017,2017,USD,2024,resolved,https://apps.bea.gov/industry/xls/io-annual/Supply_2017_DET.xlsx,7a3a403f7a7e8335e61776c1da6c423409d54090acaee597bbae738fa9a6703e,none
336412,336412,0.7337417291388151,False,basic_price,2017,2017,USD,2024,resolved,https://apps.bea.gov/industry/xls/io-annual/Supply_2017_DET.xlsx,7a3a403f7a7e8335e61776c1da6c423409d54090acaee597bbae738fa9a6703e,none
336412,423400,0.026889817744910564,False,trade_margin,2017,2017,USD,2024,resolved,https://apps.bea.gov/industry/xls/io-annual/Supply_2017_DET.xlsx,7a3a403f7a7e8335e61776c1da6c423409d54090acaee597bbae738fa9a6703e,none
336412,484000,0.008731998713891662,False,transport_margin,2017,2017,USD,2024,resolved,https://apps.bea.gov/industry/xls/io-annual/Supply_2017_DET.xlsx,7a3a403f7a7e8335e61776c1da6c423409d54090acaee597bbae738fa9a6703e,none
336412,336412,0.22902881898025146,True,foreign_import,2017,2017,USD,2024,resolved,https://apps.bea.gov/industry/xls/io-annual/Supply_2017_DET.xlsx,7a3a403f7a7e8335e61776c1da6c423409d54090acaee597bbae738fa9a6703e,none
336412,336412,0.001607635422131217,True,product_tax,2017,2017,USD,2024,resolved,https://apps.bea.gov/industry/xls/io-annual/Supply_2017_DET.xlsx,7a3a403f7a7e8335e61776c1da6c423409d54090acaee597bbae738fa9a6703e,none
336413,336413,0.7054973595359709,False,basic_price,2017,2017,USD,2024,resolved,https://apps.bea.gov/industry/xls/io-annual/Supply_2017_DET.xlsx,7a3a403f7a7e8335e61776c1da6c423409d54090acaee597bbae738fa9a6703e,none
336413,423400,0.02856895506882521,False,trade_margin,2017,2017,USD,2024,resolved,https://apps.bea.gov/industry/xls/io-annual/Supply_2017_DET.xlsx,7a3a403f7a7e8335e61776c1da6c423409d54090acaee597bbae738fa9a6703e,none
336413,484000,0.00883040429400052,False,transport_margin,2017,2017,USD,2024,resolved,https://apps.bea.gov/industry/xls/io-annual/Supply_2017_DET.xlsx,7a3a403f7a7e8335e61776c1da6c423409d54090acaee597bbae738fa9a6703e,none
336413,336413,0.2554410873517444,True,foreign_import,2017,2017,USD,2024,resolved,https://apps.bea.gov/industry/xls/io-annual/Supply_2017_DET.xlsx,7a3a403f7a7e8335e61776c1da6c423409d54090acaee597bbae738fa9a6703e,none
336413,336413,0.0016621937494589213,True,product_tax,2017,2017,USD,2024,resolved,https://apps.bea.gov/industry/xls/io-annual/Supply_2017_DET.xlsx,7a3a403f7a7e8335e61776c1da6c423409d54090acaee597bbae738fa9a6703e,none
336414,336414,0.9443044760117931,False,basic_price,2017,2017,USD,2024,resolved,https://apps.bea.gov/industry/xls/io-annual/Supply_2017_DET.xlsx,7a3a403f7a7e8335e61776c1da6c423409d54090acaee597bbae738fa9a6703e,none
336414,423400,0.025408737603859557,False,trade_margin,2017,2017,USD,2024,resolved,https://apps.bea.gov/industry/xls/io-annual/Supply_2017_DET.xlsx,7a3a403f7a7e8335e61776c1da6c423409d54090acaee597bbae738fa9a6703e,none
336414,484000,0.008523184132940231,False,transport_margin,2017,2017,USD,2024,resolved,https://apps.bea.gov/industry/xls/io-annual/Supply_2017_DET.xlsx,7a3a403f7a7e8335e61776c1da6c423409d54090acaee597bbae738fa9a6703e,none
336414,336414,0.020959528276601448,True,foreign_import,2017,2017,USD,2024,resolved,https://apps.bea.gov/industry/xls/io-annual/Supply_2017_DET.xlsx,7a3a403f7a7e8335e61776c1da6c423409d54090acaee597bbae738fa9a6703e,none
336414,336414,0.0008040739748056821,True,product_tax,2017,2017,USD,2024,resolved,https://apps.bea.gov/industry/xls/io-annual/Supply_2017_DET.xlsx,7a3a403f7a7e8335e61776c1da6c423409d54090acaee597bbae738fa9a6703e,none
33641A,33641A,0.8781774580335732,False,basic_price,2017,2017,USD,2024,resolved,https://apps.bea.gov/industry/xls/io-annual/Supply_2017_DET.xlsx,7a3a403f7a7e8335e61776c1da6c423409d54090acaee597bbae738fa9a6703e,none
33641A,423400,0.025899280575539564,False,trade_margin,2017,2017,USD,2024,resolved,https://apps.bea.gov/industry/xls/io-annual/Supply_2017_DET.xlsx,7a3a403f7a7e8335e61776c1da6c423409d54090acaee597bbae738fa9a6703e,none
33641A,484000,0.008393285371702638,False,transport_margin,2017,2017,USD,2024,resolved,https://apps.bea.gov/industry/xls/io-annual/Supply_2017_DET.xlsx,7a3a403f7a7e8335e61776c1da6c423409d54090acaee597bbae738fa9a6703e,none
33641A,33641A,0.08609112709832133,True,foreign_import,2017,2017,USD,2024,resolved,https://apps.bea.gov/industry/xls/io-annual/Supply_2017_DET.xlsx,7a3a403f7a7e8335e61776c1da6c423409d54090acaee597bbae738fa9a6703e,none
33641A,33641A,0.0014388489208633092,True,product_tax,2017,2017,USD,2024,resolved,https://apps.bea.gov/industry/xls/io-annual/Supply_2017_DET.xlsx,7a3a403f7a7e8335e61776c1da6c423409d54090acaee597bbae738fa9a6703e,none
336500,336500,0.7151333634719711,False,basic_price,2017,2017,USD,2024,resolved,https://apps.bea.gov/industry/xls/io-annual/Supply_2017_DET.xlsx,7a3a403f7a7e8335e61776c1da6c423409d54090acaee597bbae738fa9a6703e,none
336500,423400,0.05357142857142857,False,trade_margin,2017,2017,USD,2024,resolved,https://apps.bea.gov/industry/xls/io-annual/Supply_2017_DET.xlsx,7a3a403f7a7e8335e61776c1da6c423409d54090acaee597bbae738fa9a6703e,none
336500,484000,0.05362793851717902,False,transport_margin,2017,2017,USD,2024,resolved,https://apps.bea.gov/industry/xls/io-annual/Supply_2017_DET.xlsx,7a3a403f7a7e8335e61776c1da6c423409d54090acaee597bbae738fa9a6703e,none
336500,336500,0.17354204339963833,True,foreign_import,2017,2017,USD,2024,resolved,https://apps.bea.gov/industry/xls/io-annual/Supply_2017_DET.xlsx,7a3a403f7a7e8335e61776c1da6c423409d54090acaee597bbae738fa9a6703e,none
336500,336500,0.004125226039783002,True,product_tax,2017,2017,USD,2024,resolved,https://apps.bea.gov/industry/xls/io-annual/Supply_2017_DET.xlsx,7a3a403f7a7e8335e61776c1da6c423409d54090acaee597bbae738fa9a6703e,none
336611,336611,0.949397038620058,False,basic_price,2017,2017,USD,2024,resolved,https://apps.bea.gov/industry/xls/io-annual/Supply_2017_DET.xlsx,7a3a403f7a7e8335e61776c1da6c423409d54090acaee597bbae738fa9a6703e,none
336611,423400,0.021752404213097237,False,trade_margin,2017,2017,USD,2024,resolved,https://apps.bea.gov/industry/xls/io-annual/Supply_2017_DET.xlsx,7a3a403f7a7e8335e61776c1da6c423409d54090acaee597bbae738fa9a6703e,none
336611,484000,0.008624637459929781,False,transport_margin,2017,2017,USD,2024,resolved,https://apps.bea.gov/industry/xls/io-annual/Supply_2017_DET.xlsx,7a3a403f7a7e8335e61776c1da6c423409d54090acaee597bbae738fa9a6703e,none
336611,336611,0.01892840787666005,True,foreign_import,2017,2017,USD,2024,resolved,https://apps.bea.gov/industry/xls/io-annual/Supply_2017_DET.xlsx,7a3a403f7a7e8335e61776c1da6c423409d54090acaee597bbae738fa9a6703e,none
336611,336611,0.0012975118302549229,True,product_tax,2017,2017,USD,2024,resolved,https://apps.bea.gov/industry/xls/io-annual/Supply_2017_DET.xlsx,7a3a403f7a7e8335e61776c1da6c423409d54090acaee597bbae738fa9a6703e,none
336612,336612,0.5945977412970078,False,basic_price,2017,2017,USD,2024,resolved,https://apps.bea.gov/industry/xls/io-annual/Supply_2017_DET.xlsx,7a3a403f7a7e8335e61776c1da6c423409d54090acaee597bbae738fa9a6703e,none
336612,423400,0.2655722435673536,False,trade_margin,2017,2017,USD,2024,resolved,https://apps.bea.gov/industry/xls/io-annual/Supply_2017_DET.xlsx,7a3a403f7a7e8335e61776c1da6c423409d54090acaee597bbae738fa9a6703e,none
336612,484000,0.006170683432297124,False,transport_margin,2017,2017,USD,2024,resolved,https://apps.bea.gov/industry/xls/io-annual/Supply_2017_DET.xlsx,7a3a403f7a7e8335e61776c1da6c423409d54090acaee597bbae738fa9a6703e,none
336612,336612,0.09774129700780068,True,foreign_import,2017,2017,USD,2024,resolved,https://apps.bea.gov/industry/xls/io-annual/Supply_2017_DET.xlsx,7a3a403f7a7e8335e61776c1da6c423409d54090acaee597bbae738fa9a6703e,none
336612,336612,0.03591803469554081,True,product_tax,2017,2017,USD,2024,resolved,https://apps.bea.gov/industry/xls/io-annual/Supply_2017_DET.xlsx,7a3a403f7a7e8335e61776c1da6c423409d54090acaee597bbae738fa9a6703e,none
336991,336991,0.36095856215676486,False,basic_price,2017,2017,USD,2024,resolved,https://apps.bea.gov/industry/xls/io-annual/Supply_2017_DET.xlsx,7a3a403f7a7e8335e61776c1da6c423409d54090acaee597bbae738fa9a6703e,none
336991,423400,0.3515726410384423,False,trade_margin,2017,2017,USD,2024,resolved,https://apps.bea.gov/industry/xls/io-annual/Supply_2017_DET.xlsx,7a3a403f7a7e8335e61776c1da6c423409d54090acaee597bbae738fa9a6703e,none
336991,484000,0.0056914628057913134,False,transport_margin,2017,2017,USD,2024,resolved,https://apps.bea.gov/industry/xls/io-annual/Supply_2017_DET.xlsx,7a3a403f7a7e8335e61776c1da6c423409d54090acaee597bbae738fa9a6703e,none
336991,336991,0.23529705441837243,True,foreign_import,2017,2017,USD,2024,resolved,https://apps.bea.gov/industry/xls/io-annual/Supply_2017_DET.xlsx,7a3a403f7a7e8335e61776c1da6c423409d54090acaee597bbae738fa9a6703e,none
336991,336991,0.04648027958062906,True,product_tax,2017,2017,USD,2024,resolved,https://apps.bea.gov/industry/xls/io-annual/Supply_2017_DET.xlsx,7a3a403f7a7e8335e61776c1da6c423409d54090acaee597bbae738fa9a6703e,none
336992,336992,0.8928734234918706,False,basic_price,2017,2017,USD,2024,resolved,https://apps.bea.gov/industry/xls/io-annual/Supply_2017_DET.xlsx,7a3a403f7a7e8335e61776c1da6c423409d54090acaee597bbae738fa9a6703e,none
336992,423400,0.05485488527579395,False,trade_margin,2017,2017,USD,2024,resolved,https://apps.bea.gov/industry/xls/io-annual/Supply_2017_DET.xlsx,7a3a403f7a7e8335e61776c1da6c423409d54090acaee597bbae738fa9a6703e,none
336992,484000,0.01109253912779213,False,transport_margin,2017,2017,USD,2024,resolved,https://apps.bea.gov/industry/xls/io-annual/Supply_2017_DET.xlsx,7a3a403f7a7e8335e61776c1da6c423409d54090acaee597bbae738fa9a6703e,none
336992,336992,0.03905181583345996,True,foreign_import,2017,2017,USD,2024,resolved,https://apps.bea.gov/industry/xls/io-annual/Supply_2017_DET.xlsx,7a3a403f7a7e8335e61776c1da6c423409d54090acaee597bbae738fa9a6703e,none
336992,336992,0.002127336271083422,True,product_tax,2017,2017,USD,2024,resolved,https://apps.bea.gov/industry/xls/io-annual/Supply_2017_DET.xlsx,7a3a403f7a7e8335e61776c1da6c423409d54090acaee597bbae738fa9a6703e,none
336999,336999,0.6067131580964058,False,basic_price,2017,2017,USD,2024,resolved,https://apps.bea.gov/industry/xls/io-annual/Supply_2017_DET.xlsx,7a3a403f7a7e8335e61776c1da6c423409d54090acaee597bbae738fa9a6703e,none
336999,423400,0.30921909724883134,False,trade_margin,2017,2017,USD,2024,resolved,https://apps.bea.gov/industry/xls/io-annual/Supply_2017_DET.xlsx,7a3a403f7a7e8335e61776c1da6c423409d54090acaee597bbae738fa9a6703e,none
336999,484000,0.006437274886964518,False,transport_margin,2017,2017,USD,2024,resolved,https://apps.bea.gov/industry/xls/io-annual/Supply_2017_DET.xlsx,7a3a403f7a7e8335e61776c1da6c423409d54090acaee597bbae738fa9a6703e,none
336999,336999,0.041535749865890106,True,foreign_import,2017,2017,USD,2024,resolved,https://apps.bea.gov/industry/xls/io-annual/Supply_2017_DET.xlsx,7a3a403f7a7e8335e61776c1da6c423409d54090acaee597bbae738fa9a6703e,none
336999,336999,0.03609471990190819,True,product_tax,2017,2017,USD,2024,resolved,https://apps.bea.gov/industry/xls/io-annual/Supply_2017_DET.xlsx,7a3a403f7a7e8335e61776c1da6c423409d54090acaee597bbae738fa9a6703e,none
337110,337110,0.49934128414921647,False,basic_price,2017,2017,USD,2024,resolved,https://apps.bea.gov/industry/xls/io-annual/Supply_2017_DET.xlsx,7a3a403f7a7e8335e61776c1da6c423409d54090acaee597bbae738fa9a6703e,none
337110,423400,0.3652752738871169,False,trade_margin,2017,2017,USD,2024,resolved,https://apps.bea.gov/industry/xls/io-annual/Supply_2017_DET.xlsx,7a3a403f7a7e8335e61776c1da6c423409d54090acaee597bbae738fa9a6703e,none
337110,484000,0.022743031479683817,False,transport_margin,2017,2017,USD,2024,resolved,https://apps.bea.gov/industry/xls/io-annual/Supply_2017_DET.xlsx,7a3a403f7a7e8335e61776c1da6c423409d54090acaee597bbae738fa9a6703e,none
337110,337110,0.055574816252946885,True,foreign_import,2017,2017,USD,2024,resolved,https://apps.bea.gov/industry/xls/io-annual/Supply_2017_DET.xlsx,7a3a403f7a7e8335e61776c1da6c423409d54090acaee597bbae738fa9a6703e,none
337110,337110,0.05706559423103592,True,product_tax,2017,2017,USD,2024,resolved,https://apps.bea.gov/industry/xls/io-annual/Supply_2017_DET.xlsx,7a3a403f7a7e8335e61776c1da6c423409d54090acaee597bbae738fa9a6703e,none
337121,337121,0.3417710533167472,False,basic_price,2017,2017,USD,2024,resolved,https://apps.bea.gov/industry/xls/io-annual/Supply_2017_DET.xlsx,7a3a403f7a7e8335e61776c1da6c423409d54090acaee597bbae738fa9a6703e,none
337121,423400,0.3764573147799925,False,trade_margin,2017,2017,USD,2024,resolved,https://apps.bea.gov/industry/xls/io-annual/Supply_2017_DET.xlsx,7a3a403f7a7e8335e61776c1da6c423409d54090acaee597bbae738fa9a6703e,none
337121,484000,0.06474383082130356,False,transport_margin,2017,2017,USD,2024,resolved,https://apps.bea.gov/industry/xls/io-annual/Supply_2017_DET.xlsx,7a3a403f7a7e8335e61776c1da6c423409d54090acaee597bbae738fa9a6703e,none
337121,337121,0.1739231058524026,True,foreign_import,2017,2017,USD,2024,resolved,https://apps.bea.gov/industry/xls/io-annual/Supply_2017_DET.xlsx,7a3a403f7a7e8335e61776c1da6c423409d54090acaee597bbae738fa9a6703e,none
337121,337121,0.0431046952295542,True,product_tax,2017,2017,USD,2024,resolved,https://apps.bea.gov/industry/xls/io-annual/Supply_2017_DET.xlsx,7a3a403f7a7e8335e61776c1da6c423409d54090acaee597bbae738fa9a6703e,none
337122,337122,0.10793212312549329,False,basic_price,2017,2017,USD,2024,resolved,https://apps.bea.gov/industry/xls/io-annual/Supply_2017_DET.xlsx,7a3a403f7a7e8335e61776c1da6c423409d54090acaee597bbae738fa9a6703e,none
337122,423400,0.44289096854211296,False,trade_margin,2017,2017,USD,2024,resolved,https://apps.bea.gov/industry/xls/io-annual/Supply_2017_DET.xlsx,7a3a403f7a7e8335e61776c1da6c423409d54090acaee597bbae738fa9a6703e,none
337122,484000,0.054628481226744845,False,transport_margin,2017,2017,USD,2024,resolved,https://apps.bea.gov/industry/xls/io-annual/Supply_2017_DET.xlsx,7a3a403f7a7e8335e61776c1da6c423409d54090acaee597bbae738fa9a6703e,none
337122,337122,0.34211861540196187,True,foreign_import,2017,2017,USD,2024,resolved,https://apps.bea.gov/industry/xls/io-annual/Supply_2017_DET.xlsx,7a3a403f7a7e8335e61776c1da6c423409d54090acaee597bbae738fa9a6703e,none
337122,337122,0.052429811703687,True,product_tax,2017,2017,USD,2024,resolved,https://apps.bea.gov/industry/xls/io-annual/Supply_2017_DET.xlsx,7a3a403f7a7e8335e61776c1da6c423409d54090acaee597bbae738fa9a6703e,none
337127,337127,0.24611961646448058,False,basic_price,2017,2017,USD,2024,resolved,https://apps.bea.gov/industry/xls/io-annual/Supply_2017_DET.xlsx,7a3a403f7a7e8335e61776c1da6c423409d54090acaee597bbae738fa9a6703e,none
337127,423400,0.17004820681252317,False,trade_margin,2017,2017,USD,2024,resolved,https://apps.bea.gov/industry/xls/io-annual/Supply_2017_DET.xlsx,7a3a403f7a7e8335e61776c1da6c423409d54090acaee597bbae738fa9a6703e,none
337127,484000,0.09095724956296021,False,transport_margin,2017,2017,USD,2024,resolved,https://apps.bea.gov/industry/xls/io-annual/Supply_2017_DET.xlsx,7a3a403f7a7e8335e61776c1da6c423409d54090acaee597bbae738fa9a6703e,none
337127,337127,0.48233299782804473,True,foreign_import,2017,2017,USD,2024,resolved,https://apps.bea.gov/industry/xls/io-annual/Supply_2017_DET.xlsx,7a3a403f7a7e8335e61776c1da6c423409d54090acaee597bbae738fa9a6703e,none
337127,337127,0.010541929331991311,True,product_tax,2017,2017,USD,2024,resolved,https://apps.bea.gov/industry/xls/io-annual/Supply_2017_DET.xlsx,7a3a403f7a7e8335e61776c1da6c423409d54090acaee597bbae738fa9a6703e,none
33712N,33712N,0.18700821319855263,False,basic_price,2017,2017,USD,2024,resolved,https://apps.bea.gov/industry/xls/io-annual/Supply_2017_DET.xlsx,7a3a403f7a7e8335e61776c1da6c423409d54090acaee597bbae738fa9a6703e,none
33712N,423400,0.45161105048532535,False,trade_margin,2017,2017,USD,2024,resolved,https://apps.bea.gov/industry/xls/io-annual/Supply_2017_DET.xlsx,7a3a403f7a7e8335e61776c1da6c423409d54090acaee597bbae738fa9a6703e,none
33712N,484000,0.05519499167193153,False,transport_margin,2017,2017,USD,2024,resolved,https://apps.bea.gov/industry/xls/io-annual/Supply_2017_DET.xlsx,7a3a403f7a7e8335e61776c1da6c423409d54090acaee597bbae738fa9a6703e,none
33712N,33712N,0.2527712365745793,True,foreign_import,2017,2017,USD,2024,resolved,https://apps.bea.gov/industry/xls/io-annual/Supply_2017_DET.xlsx,7a3a403f7a7e8335e61776c1da6c423409d54090acaee597bbae738fa9a6703e,none
33712N,33712N,0.05341450806961116,True,product_tax,2017,2017,USD,2024,resolved,https://apps.bea.gov/industry/xls/io-annual/Supply_2017_DET.xlsx,7a3a403f7a7e8335e61776c1da6c423409d54090acaee597bbae738fa9a6703e,none
337215,337215,0.3889776357827476,False,basic_price,2017,2017,USD,2024,resolved,https://apps.bea.gov/industry/xls/io-annual/Supply_2017_DET.xlsx,7a3a403f7a7e8335e61776c1da6c423409d54090acaee597bbae738fa9a6703e,none
337215,423400,0.17161874334398297,False,trade_margin,2017,2017,USD,2024,resolved,https://apps.bea.gov/industry/xls/io-annual/Supply_2017_DET.xlsx,7a3a403f7a7e8335e61776c1da6c423409d54090acaee597bbae738fa9a6703e,none
337215,484000,0.09574014909478168,False,transport_margin,2017,2017,USD,2024,resolved,https://apps.bea.gov/industry/xls/io-annual/Supply_2017_DET.xlsx,7a3a403f7a7e8335e61776c1da6c423409d54090acaee597bbae738fa9a6703e,none
337215,337215,0.32870074547390843,True,foreign_import,2017,2017,USD,2024,resolved,https://apps.bea.gov/industry/xls/io-annual/Supply_2017_DET.xlsx,7a3a403f7a7e8335e61776c1da6c423409d54090acaee597bbae738fa9a6703e,none
337215,337215,0.01496272630457934,True,product_tax,2017,2017,USD,2024,resolved,https://apps.bea.gov/industry/xls/io-annual/Supply_2017_DET.xlsx,7a3a403f7a7e8335e61776c1da6c423409d54090acaee597bbae738fa9a6703e,none
33721A,33721A,0.6757176385629174,False,basic_price,2017,2017,USD,2024,resolved,https://apps.bea.gov/industry/xls/io-annual/Supply_2017_DET.xlsx,7a3a403f7a7e8335e61776c1da6c423409d54090acaee597bbae738fa9a6703e,none
33721A,423400,0.15641812601552627,False,trade_margin,2017,2017,USD,2024,resolved,https://apps.bea.gov/industry/xls/io-annual/Supply_2017_DET.xlsx,7a3a403f7a7e8335e61776c1da6c423409d54090acaee597bbae738fa9a6703e,none
33721A,484000,0.09236324246253837,False,transport_margin,2017,2017,USD,2024,resolved,https://apps.bea.gov/industry/xls/io-annual/Supply_2017_DET.xlsx,7a3a403f7a7e8335e61776c1da6c423409d54090acaee597bbae738fa9a6703e,none
33721A,33721A,0.06535475717638563,True,foreign_import,2017,2017,USD,2024,resolved,https://apps.bea.gov/industry/xls/io-annual/Supply_2017_DET.xlsx,7a3a403f7a7e8335e61776c1da6c423409d54090acaee597bbae738fa9a6703e,none
33721A,33721A,0.010146235782632244,True,product_tax,2017,2017,USD,2024,resolved,https://apps.bea.gov/industry/xls/io-annual/Supply_2017_DET.xlsx,7a3a403f7a7e8335e61776c1da6c423409d54090acaee597bbae738fa9a6703e,none
337900,337900,0.32031324610829914,False,basic_price,2017,2017,USD,2024,resolved,https://apps.bea.gov/industry/xls/io-annual/Supply_2017_DET.xlsx,7a3a403f7a7e8335e61776c1da6c423409d54090acaee597bbae738fa9a6703e,none
337900,423400,0.49737369878712634,False,trade_margin,2017,2017,USD,2024,resolved,https://apps.bea.gov/industry/xls/io-annual/Supply_2017_DET.xlsx,7a3a403f7a7e8335e61776c1da6c423409d54090acaee597bbae738fa9a6703e,none
337900,484000,0.05029764747079235,False,transport_margin,2017,2017,USD,2024,resolved,https://apps.bea.gov/industry/xls/io-annual/Supply_2017_DET.xlsx,7a3a403f7a7e8335e61776c1da6c423409d54090acaee597bbae738fa9a6703e,none
337900,337900,0.0705122083213956,True,foreign_import,2017,2017,USD,2024,resolved,https://apps.bea.gov/industry/xls/io-annual/Supply_2017_DET.xlsx,7a3a403f7a7e8335e61776c1da6c423409d54090acaee597bbae738fa9a6703e,none
337900,337900,0.06150319931238659,True,product_tax,2017,2017,USD,2024,resolved,https://apps.bea.gov/industry/xls/io-annual/Supply_2017_DET.xlsx,7a3a403f7a7e8335e61776c1da6c423409d54090acaee597bbae738fa9a6703e,none
339112,339112,0.5166763417594596,False,basic_price,2017,2017,USD,2024,resolved,https://apps.bea.gov/industry/xls/io-annual/Supply_2017_DET.xlsx,7a3a403f7a7e8335e61776c1da6c423409d54090acaee597bbae738fa9a6703e,none
339112,423400,0.3105968652699351,False,trade_margin,2017,2017,USD,2024,resolved,https://apps.bea.gov/industry/xls/io-annual/Supply_2017_DET.xlsx,7a3a403f7a7e8335e61776c1da6c423409d54090acaee597bbae738fa9a6703e,none
339112,484000,0.00653068763523141,False,transport_margin,2017,2017,USD,2024,resolved,https://apps.bea.gov/industry/xls/io-annual/Supply_2017_DET.xlsx,7a3a403f7a7e8335e61776c1da6c423409d54090acaee597bbae738fa9a6703e,none
339112,339112,0.1578711277639981,True,foreign_import,2017,2017,USD,2024,resolved,https://apps.bea.gov/industry/xls/io-annual/Supply_2017_DET.xlsx,7a3a403f7a7e8335e61776c1da6c423409d54090acaee597bbae738fa9a6703e,none
339112,339112,0.008324977571375798,True,product_tax,2017,2017,USD,2024,resolved,https://apps.bea.gov/industry/xls/io-annual/Supply_2017_DET.xlsx,7a3a403f7a7e8335e61776c1da6c423409d54090acaee597bbae738fa9a6703e,none
339113,339113,0.3514949842152095,False,basic_price,2017,2017,USD,2024,resolved,https://apps.bea.gov/industry/xls/io-annual/Supply_2017_DET.xlsx,7a3a403f7a7e8335e61776c1da6c423409d54090acaee597bbae738fa9a6703e,none
339113,423400,0.4123060421009008,False,trade_margin,2017,2017,USD,2024,resolved,https://apps.bea.gov/industry/xls/io-annual/Supply_2017_DET.xlsx,7a3a403f7a7e8335e61776c1da6c423409d54090acaee597bbae738fa9a6703e,none
339113,484000,0.00543630623712534,False,transport_margin,2017,2017,USD,2024,resolved,https://apps.bea.gov/industry/xls/io-annual/Supply_2017_DET.xlsx,7a3a403f7a7e8335e61776c1da6c423409d54090acaee597bbae738fa9a6703e,none
339113,339113,0.20978535122682562,True,foreign_import,2017,2017,USD,2024,resolved,https://apps.bea.gov/industry/xls/io-annual/Supply_2017_DET.xlsx,7a3a403f7a7e8335e61776c1da6c423409d54090acaee597bbae738fa9a6703e,none
339113,339113,0.02097731621993881,True,product_tax,2017,2017,USD,2024,resolved,https://apps.bea.gov/industry/xls/io-annual/Supply_2017_DET.xlsx,7a3a403f7a7e8335e61776c1da6c423409d54090acaee597bbae738fa9a6703e,none
339114,339114,0.47960210126299324,False,basic_price,2017,2017,USD,2024,resolved,https://apps.bea.gov/industry/xls/io-annual/Supply_2017_DET.xlsx,7a3a403f7a7e8335e61776c1da6c423409d54090acaee597bbae738fa9a6703e,none
339114,423400,0.3128422935062032,False,trade_margin,2017,2017,USD,2024,resolved,https://apps.bea.gov/industry/xls/io-annual/Supply_2017_DET.xlsx,7a3a403f7a7e8335e61776c1da6c423409d54090acaee597bbae738fa9a6703e,none
339114,484000,0.006482619872582989,False,transport_margin,2017,2017,USD,2024,resolved,https://apps.bea.gov/industry/xls/io-annual/Supply_2017_DET.xlsx,7a3a403f7a7e8335e61776c1da6c423409d54090acaee597bbae738fa9a6703e,none
339114,339114,0.1930255951715659,True,foreign_import,2017,2017,USD,2024,resolved,https://apps.bea.gov/industry/xls/io-annual/Supply_2017_DET.xlsx,7a3a403f7a7e8335e61776c1da6c423409d54090acaee597bbae738fa9a6703e,none
339114,339114,0.008047390186654745,True,product_tax,2017,2017,USD,2024,resolved,https://apps.bea.gov/industry/xls/io-annual/Supply_2017_DET.xlsx,7a3a403f7a7e8335e61776c1da6c423409d54090acaee597bbae738fa9a6703e,none
339115,339115,0.2752088910521619,False,basic_price,2017,2017,USD,2024,resolved,https://apps.bea.gov/industry/xls/io-annual/Supply_2017_DET.xlsx,7a3a403f7a7e8335e61776c1da6c423409d54090acaee597bbae738fa9a6703e,none
339115,423400,0.4955788107406506,False,trade_margin,2017,2017,USD,2024,resolved,https://apps.bea.gov/industry/xls/io-annual/Supply_2017_DET.xlsx,7a3a403f7a7e8335e61776c1da6c423409d54090acaee597bbae738fa9a6703e,none
339115,484000,0.004542873367404884,False,transport_margin,2017,2017,USD,2024,resolved,https://apps.bea.gov/industry/xls/io-annual/Supply_2017_DET.xlsx,7a3a403f7a7e8335e61776c1da6c423409d54090acaee597bbae738fa9a6703e,none
339115,339115,0.19299099537600387,True,foreign_import,2017,2017,USD,2024,resolved,https://apps.bea.gov/industry/xls/io-annual/Supply_2017_DET.xlsx,7a3a403f7a7e8335e61776c1da6c423409d54090acaee597bbae738fa9a6703e,none
339115,339115,0.0316784294637787,True,product_tax,2017,2017,USD,2024,resolved,https://apps.bea.gov/industry/xls/io-annual/Supply_2017_DET.xlsx,7a3a403f7a7e8335e61776c1da6c423409d54090acaee597bbae738fa9a6703e,none
339116,339116,0.6620408163265306,False,basic_price,2017,2017,USD,2024,resolved,https://apps.bea.gov/industry/xls/io-annual/Supply_2017_DET.xlsx,7a3a403f7a7e8335e61776c1da6c423409d54090acaee597bbae738fa9a6703e,none
339116,423400,0.32299319727891157,False,trade_margin,2017,2017,USD,2024,resolved,https://apps.bea.gov/industry/xls/io-annual/Supply_2017_DET.xlsx,7a3a403f7a7e8335e61776c1da6c423409d54090acaee597bbae738fa9a6703e,none
339116,484000,0.006394557823129251,False,transport_margin,2017,2017,USD,2024,resolved,https://apps.bea.gov/industry/xls/io-annual/Supply_2017_DET.xlsx,7a3a403f7a7e8335e61776c1da6c423409d54090acaee597bbae738fa9a6703e,none
339116,339116,0.008571428571428572,True,product_tax,2017,2017,USD,2024,resolved,https://apps.bea.gov/industry/xls/io-annual/Supply_2017_DET.xlsx,7a3a403f7a7e8335e61776c1da6c423409d54090acaee597bbae738fa9a6703e,none
339910,339910,0.1646302928165157,False,basic_price,2017,2017,USD,2024,resolved,https://apps.bea.gov/industry/xls/io-annual/Supply_2017_DET.xlsx,7a3a403f7a7e8335e61776c1da6c423409d54090acaee597bbae738fa9a6703e,none
339910,423400,0.5409732462607963,False,trade_margin,2017,2017,USD,2024,resolved,https://apps.bea.gov/industry/xls/io-annual/Supply_2017_DET.xlsx,7a3a403f7a7e8335e61776c1da6c423409d54090acaee597bbae738fa9a6703e,none
339910,484000,0.005055824731409311,False,transport_margin,2017,2017,USD,2024,resolved,https://apps.bea.gov/industry/xls/io-annual/Supply_2017_DET.xlsx,7a3a403f7a7e8335e61776c1da6c423409d54090acaee597bbae738fa9a6703e,none
339910,339910,0.23281370690260517,True,foreign_import,2017,2017,USD,2024,resolved,https://apps.bea.gov/industry/xls/io-annual/Supply_2017_DET.xlsx,7a3a403f7a7e8335e61776c1da6c423409d54090acaee597bbae738fa9a6703e,none
339910,339910,0.05652692928867355,True,product_tax,2017,2017,USD,2024,resolved,https://apps.bea.gov/industry/xls/io-annual/Supply_2017_DET.xlsx,7a3a403f7a7e8335e61776c1da6c423409d54090acaee597bbae738fa9a6703e,none
339920,339920,0.2361045835703861,False,basic_price,2017,2017,USD,2024,resolved,https://apps.bea.gov/industry/xls/io-annual/Supply_2017_DET.xlsx,7a3a403f7a7e8335e61776c1da6c423409d54090acaee597bbae738fa9a6703e,none
339920,423400,0.4620426942389987,False,trade_margin,2017,2017,USD,2024,resolved,https://apps.bea.gov/industry/xls/io-annual/Supply_2017_DET.xlsx,7a3a403f7a7e8335e61776c1da6c423409d54090acaee597bbae738fa9a6703e,none
339920,484000,0.0567689910208524,False,transport_margin,2017,2017,USD,2024,resolved,https://apps.bea.gov/industry/xls/io-annual/Supply_2017_DET.xlsx,7a3a403f7a7e8335e61776c1da6c423409d54090acaee597bbae738fa9a6703e,none
339920,339920,0.19128305340490265,True,foreign_import,2017,2017,USD,2024,resolved,https://apps.bea.gov/industry/xls/io-annual/Supply_2017_DET.xlsx,7a3a403f7a7e8335e61776c1da6c423409d54090acaee597bbae738fa9a6703e,none
339920,339920,0.05380067776486012,True,product_tax,2017,2017,USD,2024,resolved,https://apps.bea.gov/industry/xls/io-annual/Supply_2017_DET.xlsx,7a3a403f7a7e8335e61776c1da6c423409d54090acaee597bbae738fa9a6703e,none
339930,339930,0.0342600785482544,False,basic_price,2017,2017,USD,2024,resolved,https://apps.bea.gov/industry/xls/io-annual/Supply_2017_DET.xlsx,7a3a403f7a7e8335e61776c1da6c423409d54090acaee597bbae738fa9a6703e,none
339930,423400,0.5630792157593256,False,trade_margin,2017,2017,USD,2024,resolved,https://apps.bea.gov/industry/xls/io-annual/Supply_2017_DET.xlsx,7a3a403f7a7e8335e61776c1da6c423409d54090acaee597bbae738fa9a6703e,none
339930,484000,0.04421055899656934,False,transport_margin,2017,2017,USD,2024,resolved,https://apps.bea.gov/industry/xls/io-annual/Supply_2017_DET.xlsx,7a3a403f7a7e8335e61776c1da6c423409d54090acaee597bbae738fa9a6703e,none
339930,339930,0.3015725174249833,True,foreign_import,2017,2017,USD,2024,resolved,https://apps.bea.gov/industry/xls/io-annual/Supply_2017_DET.xlsx,7a3a403f7a7e8335e61776c1da6c423409d54090acaee597bbae738fa9a6703e,none
339930,339930,0.05687762927086729,True,product_tax,2017,2017,USD,2024,resolved,https://apps.bea.gov/industry/xls/io-annual/Supply_2017_DET.xlsx,7a3a403f7a7e8335e61776c1da6c423409d54090acaee597bbae738fa9a6703e,none
339940,339940,0.37008057923624893,False,basic_price,2017,2017,USD,2024,resolved,https://apps.bea.gov/industry/xls/io-annual/Supply_2017_DET.xlsx,7a3a403f7a7e8335e61776c1da6c423409d54090acaee597bbae738fa9a6703e,none
339940,423400,0.2806259488497022,False,trade_margin,2017,2017,USD,2024,resolved,https://apps.bea.gov/industry/xls/io-annual/Supply_2017_DET.xlsx,7a3a403f7a7e8335e61776c1da6c423409d54090acaee597bbae738fa9a6703e,none
339940,484000,0.08022889174354782,False,transport_margin,2017,2017,USD,2024,resolved,https://apps.bea.gov/industry/xls/io-annual/Supply_2017_DET.xlsx,7a3a403f7a7e8335e61776c1da6c423409d54090acaee597bbae738fa9a6703e,none
339940,339940,0.22643933200980965,True,foreign_import,2017,2017,USD,2024,resolved,https://apps.bea.gov/industry/xls/io-annual/Supply_2017_DET.xlsx,7a3a403f7a7e8335e61776c1da6c423409d54090acaee597bbae738fa9a6703e,none
339940,339940,0.04262524816069135,True,product_tax,2017,2017,USD,2024,resolved,https://apps.bea.gov/industry/xls/io-annual/Supply_2017_DET.xlsx,7a3a403f7a7e8335e61776c1da6c423409d54090acaee597bbae738fa9a6703e,none
339950,339950,0.7111885674451028,False,basic_price,2017,2017,USD,2024,resolved,https://apps.bea.gov/industry/xls/io-annual/Supply_2017_DET.xlsx,7a3a403f7a7e8335e61776c1da6c423409d54090acaee597bbae738fa9a6703e,none
339950,423400,0.17560125479261066,False,trade_margin,2017,2017,USD,2024,resolved,https://apps.bea.gov/industry/xls/io-annual/Supply_2017_DET.xlsx,7a3a403f7a7e8335e61776c1da6c423409d54090acaee597bbae738fa9a6703e,none
339950,484000,0.09027535726734054,False,transport_margin,2017,2017,USD,2024,resolved,https://apps.bea.gov/industry/xls/io-annual/Supply_2017_DET.xlsx,7a3a403f7a7e8335e61776c1da6c423409d54090acaee597bbae738fa9a6703e,none
339950,339950,0.019658417567096548,True,foreign_import,2017,2017,USD,2024,resolved,https://apps.bea.gov/industry/xls/io-annual/Supply_2017_DET.xlsx,7a3a403f7a7e8335e61776c1da6c423409d54090acaee597bbae738fa9a6703e,none
339950,339950,0.0032764029278494248,True,product_tax,2017,2017,USD,2024,resolved,https://apps.bea.gov/industry/xls/io-annual/Supply_2017_DET.xlsx,7a3a403f7a7e8335e61776c1da6c423409d54090acaee597bbae738fa9a6703e,none
339990,339990,0.298443395682125,False,basic_price,2017,2017,USD,2024,resolved,https://apps.bea.gov/industry/xls/io-annual/Supply_2017_DET.xlsx,7a3a403f7a7e8335e61776c1da6c423409d54090acaee597bbae738fa9a6703e,none
339990,423400,0.42826811903580536,False,trade_margin,2017,2017,USD,2024,resolved,https://apps.bea.gov/industry/xls/io-annual/Supply_2017_DET.xlsx,7a3a403f7a7e8335e61776c1da6c423409d54090acaee597bbae738fa9a6703e,none
339990,484000,0.06053333025628008,False,transport_margin,2017,2017,USD,2024,resolved,https://apps.bea.gov/industry/xls/io-annual/Supply_2017_DET.xlsx,7a3a403f7a7e8335e61776c1da6c423409d54090acaee597bbae738fa9a6703e,none
339990,339990,0.1751843347218536,True,foreign_import,2017,2017,USD,2024,resolved,https://apps.bea.gov/industry/xls/io-annual/Supply_2017_DET.xlsx,7a3a403f7a7e8335e61776c1da6c423409d54090acaee597bbae738fa9a6703e,none
339990,339990,0.03757082030393594,True,product_tax,2017,2017,USD,2024,resolved,https://apps.bea.gov/industry/xls/io-annual/Supply_2017_DET.xlsx,7a3a403f7a7e8335e61776c1da6c423409d54090acaee597bbae738fa9a6703e,none
311111,311111,0.4792734820965231,False,basic_price,2017,2017,USD,2024,resolved,https://apps.bea.gov/industry/xls/io-annual/Supply_2017_DET.xlsx,7a3a403f7a7e8335e61776c1da6c423409d54090acaee597bbae738fa9a6703e,none
311111,423400,0.44801245459263106,False,trade_margin,2017,2017,USD,2024,resolved,https://apps.bea.gov/industry/xls/io-annual/Supply_2017_DET.xlsx,7a3a403f7a7e8335e61776c1da6c423409d54090acaee597bbae738fa9a6703e,none
311111,484000,0.010129735339906592,False,transport_margin,2017,2017,USD,2024,resolved,https://apps.bea.gov/industry/xls/io-annual/Supply_2017_DET.xlsx,7a3a403f7a7e8335e61776c1da6c423409d54090acaee597bbae738fa9a6703e,none
311111,311111,0.017228853139595227,True,foreign_import,2017,2017,USD,2024,resolved,https://apps.bea.gov/industry/xls/io-annual/Supply_2017_DET.xlsx,7a3a403f7a7e8335e61776c1da6c423409d54090acaee597bbae738fa9a6703e,none
311111,311111,0.04535547483134406,True,product_tax,2017,2017,USD,2024,resolved,https://apps.bea.gov/industry/xls/io-annual/Supply_2017_DET.xlsx,7a3a403f7a7e8335e61776c1da6c423409d54090acaee597bbae738fa9a6703e,none
311119,311119,0.6120197945028519,False,basic_price,2017,2017,USD,2024,resolved,https://apps.bea.gov/industry/xls/io-annual/Supply_2017_DET.xlsx,7a3a403f7a7e8335e61776c1da6c423409d54090acaee597bbae738fa9a6703e,none
311119,423400,0.3438798020549715,False,trade_margin,2017,2017,USD,2024,resolved,https://apps.bea.gov/industry/xls/io-annual/Supply_2017_DET.xlsx,7a3a403f7a7e8335e61776c1da6c423409d54090acaee597bbae738fa9a6703e,none
311119,484000,0.016813403024822624,False,transport_margin,2017,2017,USD,2024,resolved,https://apps.bea.gov/industry/xls/io-annual/Supply_2017_DET.xlsx,7a3a403f7a7e8335e61776c1da6c423409d54090acaee597bbae738fa9a6703e,none
311119,311119,0.01244112327841485,True,foreign_import,2017,2017,USD,2024,resolved,https://apps.bea.gov/industry/xls/io-annual/Supply_2017_DET.xlsx,7a3a403f7a7e8335e61776c1da6c423409d54090acaee597bbae738fa9a6703e,none
311119,311119,0.014845877138939126,True,product_tax,2017,2017,USD,2024,resolved,https://apps.bea.gov/industry/xls/io-annual/Supply_2017_DET.xlsx,7a3a403f7a7e8335e61776c1da6c423409d54090acaee597bbae738fa9a6703e,none
311210,311210,0.6486879842472497,False,basic_price,2017,2017,USD,2024,resolved,https://apps.bea.gov/industry/xls/io-annual/Supply_2017_DET.xlsx,7a3a403f7a7e8335e61776c1da6c423409d54090acaee597bbae738fa9a6703e,none
311210,423400,0.22387740250845425,False,trade_margin,2017,2017,USD,2024,resolved,https://apps.bea.gov/industry/xls/io-annual/Supply_2017_DET.xlsx,7a3a403f7a7e8335e61776c1da6c423409d54090acaee597bbae738fa9a6703e,none
311210,484000,0.047729121184880784,False,transport_margin,2017,2017,USD,2024,resolved,https://apps.bea.gov/industry/xls/io-annual/Supply_2017_DET.xlsx,7a3a403f7a7e8335e61776c1da6c423409d54090acaee597bbae738fa9a6703e,none
311210,311210,0.06771970377980395,True,foreign_import,2017,2017,USD,2024,resolved,https://apps.bea.gov/industry/xls/io-annual/Supply_2017_DET.xlsx,7a3a403f7a7e8335e61776c1da6c423409d54090acaee597bbae738fa9a6703e,none
311210,311210,0.011985788279611317,True,product_tax,2017,2017,USD,2024,resolved,https://apps.bea.gov/industry/xls/io-annual/Supply_2017_DET.xlsx,7a3a403f7a7e8335e61776c1da6c423409d54090acaee597bbae738fa9a6703e,none
311221,311221,0.6785952319917969,False,basic_price,2017,2017,USD,2024,resolved,https://apps.bea.gov/industry/xls/io-annual/Supply_2017_DET.xlsx,7a3a403f7a7e8335e61776c1da6c423409d54090acaee597bbae738fa9a6703e,none
311221,423400,0.204716739297616,False,trade_margin,2017,2017,USD,2024,resolved,https://apps.bea.gov/industry/xls/io-annual/Supply_2017_DET.xlsx,7a3a403f7a7e8335e61776c1da6c423409d54090acaee597bbae738fa9a6703e,none
311221,484000,0.05229428351704691,False,transport_margin,2017,2017,USD,2024,resolved,https://apps.bea.gov/industry/xls/io-annual/Supply_2017_DET.xlsx,7a3a403f7a7e8335e61776c1da6c423409d54090acaee597bbae738fa9a6703e,none
311221,311221,0.055011535503717,True,foreign_import,2017,2017,USD,2024,resolved,https://apps.bea.gov/industry/xls/io-annual/Supply_2017_DET.xlsx,7a3a403f7a7e8335e61776c1da6c423409d54090acaee597bbae738fa9a6703e,none
311221,311221,0.009382209689823123,True,product_tax,2017,2017,USD,2024,resolved,https://apps.bea.gov/industry/xls/io-annual/Supply_2017_DET.xlsx,7a3a403f7a7e8335e61776c1da6c423409d54090acaee597bbae738fa9a6703e,none
311225,311225,0.695427212977206,False,basic_price,2017,2017,USD,2024,resolved,https://apps.bea.gov/industry/xls/io-annual/Supply_2017_DET.xlsx,7a3a403f7a7e8335e61776c1da6c423409d54090acaee597bbae738fa9a6703e,none
311225,423400,0.25996364144874845,False,trade_margin,2017,2017,USD,2024,resolved,https://apps.bea.gov/industry/xls/io-annual/Supply_2017_DET.xlsx,7a3a403f7a7e8335e61776c1da6c423409d54090acaee597bbae738fa9a6703e,none
311225,484000,0.012515732065445392,False,transport_margin,2017,2017,USD,2024,resolved,https://apps.bea.gov/industry/xls/io-annual/Supply_2017_DET.xlsx,7a3a403f7a7e8335e61776c1da6c423409d54090acaee597bbae738fa9a6703e,none
311225,311225,0.015801985736260665,True,foreign_import,2017,2017,USD,2024,resolved,https://apps.bea.gov/industry/xls/io-annual/Supply_2017_DET.xlsx,7a3a403f7a7e8335e61776c1da6c423409d54090acaee597bbae738fa9a6703e,none
311225,311225,0.016291427772339533,True,product_tax,2017,2017,USD,2024,resolved,https://apps.bea.gov/industry/xls/io-annual/Supply_2017_DET.xlsx,7a3a403f7a7e8335e61776c1da6c423409d54090acaee597bbae738fa9a6703e,none
311224,311224,0.5966627172195892,False,basic_price,2017,2017,USD,2024,resolved,https://apps.bea.gov/industry/xls/io-annual/Supply_2017_DET.xlsx,7a3a403f7a7e8335e61776c1da6c423409d54090acaee597bbae738fa9a6703e,none
311224,423400,0.20037519747235388,False,trade_margin,2017,2017,USD,2024,resolved,https://apps.bea.gov/industry/xls/io-annual/Supply_2017_DET.xlsx,7a3a403f7a7e8335e61776c1da6c423409d54090acaee597bbae738fa9a6703e,none
311224,484000,0.04451026856240126,False,transport_margin,2017,2017,USD,2024,resolved,https://apps.bea.gov/industry/xls/io-annual/Supply_2017_DET.xlsx,7a3a403f7a7e8335e61776c1da6c423409d54090acaee597bbae738fa9a6703e,none
311224,311224,0.15001974723538705,True,foreign_import,2017,2017,USD,2024,resolved,https://apps.bea.gov/industry/xls/io-annual/Supply_2017_DET.xlsx,7a3a403f7a7e8335e61776c1da6c423409d54090acaee597bbae738fa9a6703e,none
311224,311224,0.008432069510268562,True,product_tax,2017,2017,USD,2024,resolved,https://apps.bea.gov/industry/xls/io-annual/Supply_2017_DET.xlsx,7a3a403f7a7e8335e61776c1da6c423409d54090acaee597bbae738fa9a6703e,none
311230,311230,0.5478010922678931,False,basic_price,2017,2017,USD,2024,resolved,https://apps.bea.gov/industry/xls/io-annual/Supply_2017_DET.xlsx,7a3a403f7a7e8335e61776c1da6c423409d54090acaee597bbae738fa9a6703e,none
311230,423400,0.38022420235699916,False,trade_margin,2017,2017,USD,2024,resolved,https://apps.bea.gov/industry/xls/io-annual/Supply_2017_DET.xlsx,7a3a403f7a7e8335e61776c1da6c423409d54090acaee597bbae738fa9a6703e,none
311230,484000,0.010577752227651624,False,transport_margin,2017,2017,USD,2024,resolved,https://apps.bea.gov/industry/xls/io-annual/Supply_2017_DET.xlsx,7a3a403f7a7e8335e61776c1da6c423409d54090acaee597bbae738fa9a6703e,none
311230,311230,0.028398965219890774,True,foreign_import,2017,2017,USD,2024,resolved,https://apps.bea.gov/industry/xls/io-annual/Supply_2017_DET.xlsx,7a3a403f7a7e8335e61776c1da6c423409d54090acaee597bbae738fa9a6703e,none
311230,311230,0.03299798792756539,True,product_tax,2017,2017,USD,2024,resolved,https://apps.bea.gov/industry/xls/io-annual/Supply_2017_DET.xlsx,7a3a403f7a7e8335e61776c1da6c423409d54090acaee597bbae738fa9a6703e,none
311300,311300,0.5424517528834076,False,basic_price,2017,2017,USD,2024,resolved,https://apps.bea.gov/industry/xls/io-annual/Supply_2017_DET.xlsx,7a3a403f7a7e8335e61776c1da6c423409d54090acaee597bbae738fa9a6703e,none
311300,423400,0.30478474363366453,False,trade_margin,2017,2017,USD,2024,resolved,https://apps.bea.gov/industry/xls/io-annual/Supply_2017_DET.xlsx,7a3a403f7a7e8335e61776c1da6c423409d54090acaee597bbae738fa9a6703e,none
311300,484000,0.0170863309352518,False,transport_margin,2017,2017,USD,2024,resolved,https://apps.bea.gov/industry/xls/io-annual/Supply_2017_DET.xlsx,7a3a403f7a7e8335e61776c1da6c423409d54090acaee597bbae738fa9a6703e,none
311300,311300,0.10921262989608313,True,foreign_import,2017,2017,USD,2024,resolved,https://apps.bea.gov/industry/xls/io-annual/Supply_2017_DET.xlsx,7a3a403f7a7e8335e61776c1da6c423409d54090acaee597bbae738fa9a6703e,none
311300,311300,0.026464542651593013,True,product_tax,2017,2017,USD,2024,resolved,https://apps.bea.gov/industry/xls/io-annual/Supply_2017_DET.xlsx,7a3a403f7a7e8335e61776c1da6c423409d54090acaee597bbae738fa9a6703e,none
311410,311410,0.5377410284991764,False,basic_price,2017,2017,USD,2024,resolved,https://apps.bea.gov/industry/xls/io-annual/Supply_2017_DET.xlsx,7a3a403f7a7e8335e61776c1da6c423409d54090acaee597bbae738fa9a6703e,none
311410,423400,0.35856056698886984,False,trade_margin,2017,2017,USD,2024,resolved,https://apps.bea.gov/industry/xls/io-annual/Supply_2017_DET.xlsx,7a3a403f7a7e8335e61776c1da6c423409d54090acaee597bbae738fa9a6703e,none
311410,484000,0.015422496547823048,False,transport_margin,2017,2017,USD,2024,resolved,https://apps.bea.gov/industry/xls/io-annual/Supply_2017_DET.xlsx,7a3a403f7a7e8335e61776c1da6c423409d54090acaee597bbae738fa9a6703e,none
311410,311410,0.056416058029846776,True,foreign_import,2017,2017,USD,2024,resolved,https://apps.bea.gov/industry/xls/io-annual/Supply_2017_DET.xlsx,7a3a403f7a7e8335e61776c1da6c423409d54090acaee597bbae738fa9a6703e,none
311410,311410,0.03185984993428386,True,product_tax,2017,2017,USD,2024,resolved,https://apps.bea.gov/industry/xls/io-annual/Supply_2017_DET.xlsx,7a3a403f7a7e8335e61776c1da6c423409d54090acaee597bbae738fa9a6703e,none
311420,311420,0.5448500419030871,False,basic_price,2017,2017,USD,2024,resolved,https://apps.bea.gov/industry/xls/io-annual/Supply_2017_DET.xlsx,7a3a403f7a7e8335e61776c1da6c423409d54090acaee597bbae738fa9a6703e,none
311420,423400,0.31561954744665943,False,trade_margin,2017,2017,USD,2024,resolved,https://apps.bea.gov/industry/xls/io-annual/Supply_2017_DET.xlsx,7a3a403f7a7e8335e61776c1da6c423409d54090acaee597bbae738fa9a6703e,none
311420,484000,0.015758308489153283,False,transport_margin,2017,2017,USD,2024,resolved,https://apps.bea.gov/industry/xls/io-annual/Supply_2017_DET.xlsx,7a3a403f7a7e8335e61776c1da6c423409d54090acaee597bbae738fa9a6703e,none
311420,311420,0.09681673925288857,True,foreign_import,2017,2017,USD,2024,resolved,https://apps.bea.gov/industry/xls/io-annual/Supply_2017_DET.xlsx,7a3a403f7a7e8335e61776c1da6c423409d54090acaee597bbae738fa9a6703e,none
311420,311420,0.026955362908211634,True,product_tax,2017,2017,USD,2024,resolved,https://apps.bea.gov/industry/xls/io-annual/Supply_2017_DET.xlsx,7a3a403f7a7e8335e61776c1da6c423409d54090acaee597bbae738fa9a6703e,none
311513,311513,0.7204824984350945,False,basic_price,2017,2017,USD,2024,resolved,https://apps.bea.gov/industry/xls/io-annual/Supply_2017_DET.xlsx,7a3a403f7a7e8335e61776c1da6c423409d54090acaee597bbae738fa9a6703e,none
311513,423400,0.2248050212319613,False,trade_margin,2017,2017,USD,2024,resolved,https://apps.bea.gov/industry/xls/io-annual/Supply_2017_DET.xlsx,7a3a403f7a7e8335e61776c1da6c423409d54090acaee597bbae738fa9a6703e,none
311513,484000,0.013805004314063849,False,transport_margin,2017,2017,USD,2024,resolved,https://apps.bea.gov/industry/xls/io-annual/Supply_2017_DET.xlsx,7a3a403f7a7e8335e61776c1da6c423409d54090acaee597bbae738fa9a6703e,none
311513,311513,0.020673670676208362,True,foreign_import,2017,2017,USD,2024,resolved,https://apps.bea.gov/industry/xls/io-annual/Supply_2017_DET.xlsx,7a3a403f7a7e8335e61776c1da6c423409d54090acaee597bbae738fa9a6703e,none
311513,311513,0.020233805342672016,True,product_tax,2017,2017,USD,2024,resolved,https://apps.bea.gov/industry/xls/io-annual/Supply_2017_DET.xlsx,7a3a403f7a7e8335e61776c1da6c423409d54090acaee597bbae738fa9a6703e,none
311514,311514,0.6427443149643847,False,basic_price,2017,2017,USD,2024,resolved,https://apps.bea.gov/industry/xls/io-annual/Supply_2017_DET.xlsx,7a3a403f7a7e8335e61776c1da6c423409d54090acaee597bbae738fa9a6703e,none
311514,423400,0.2930587428843919,False,trade_margin,2017,2017,USD,2024,resolved,https://apps.bea.gov/industry/xls/io-annual/Supply_2017_DET.xlsx,7a3a403f7a7e8335e61776c1da6c423409d54090acaee597bbae738fa9a6703e,none
311514,484000,0.011504187405001044,False,transport_margin,2017,2017,USD,2024,resolved,https://apps.bea.gov/industry/xls/io-annual/Supply_2017_DET.xlsx,7a3a403f7a7e8335e61776c1da6c423409d54090acaee597bbae738fa9a6703e,none
311514,311514,0.03123416684052097,True,foreign_import,2017,2017,USD,2024,resolved,https://apps.bea.gov/industry/xls/io-annual/Supply_2017_DET.xlsx,7a3a403f7a7e8335e61776c1da6c423409d54090acaee597bbae738fa9a6703e,none
311514,311514,0.021458587905701428,True,product_tax,2017,2017,USD,2024,resolved,https://apps.bea.gov/industry/xls/io-annual/Supply_2017_DET.xlsx,7a3a403f7a7e8335e61776c1da6c423409d54090acaee597bbae738fa9a6703e,none
31151A,31151A,0.6800118526322722,False,basic_price,2017,2017,USD,2024,resolved,https://apps.bea.gov/industry/xls/io-annual/Supply_2017_DET.xlsx,7a3a403f7a7e8335e61776c1da6c423409d54090acaee597bbae738fa9a6703e,none
31151A,423400,0.2738122674744016,False,trade_margin,2017,2017,USD,2024,resolved,https://apps.bea.gov/industry/xls/io-annual/Supply_2017_DET.xlsx,7a3a403f7a7e8335e61776c1da6c423409d54090acaee597bbae738fa9a6703e,none
31151A,484000,0.011720936357949496,False,transport_margin,2017,2017,USD,2024,resolved,https://apps.bea.gov/industry/xls/io-annual/Supply_2017_DET.xlsx,7a3a403f7a7e8335e61776c1da6c423409d54090acaee597bbae738fa9a6703e,none
31151A,31151A,0.00916932802159813,True,foreign_import,2017,2017,USD,2024,resolved,https://apps.bea.gov/industry/xls/io-annual/Supply_2017_DET.xlsx,7a3a403f7a7e8335e61776c1da6c423409d54090acaee597bbae738fa9a6703e,none
31151A,31151A,0.025285615513778684,True,product_tax,2017,2017,USD,2024,resolved,https://apps.bea.gov/industry/xls/io-annual/Supply_2017_DET.xlsx,7a3a403f7a7e8335e61776c1da6c423409d54090acaee597bbae738fa9a6703e,none
311520,311520,0.7784985112717993,False,basic_price,2017,2017,USD,2024,resolved,https://apps.bea.gov/industry/xls/io-annual/Supply_2017_DET.xlsx,7a3a403f7a7e8335e61776c1da6c423409d54090acaee597bbae738fa9a6703e,none
311520,423400,0.1869417269247129,False,trade_margin,2017,2017,USD,2024,resolved,https://apps.bea.gov/industry/xls/io-annual/Supply_2017_DET.xlsx,7a3a403f7a7e8335e61776c1da6c423409d54090acaee597bbae738fa9a6703e,none
311520,484000,0.01329221607826457,False,transport_margin,2017,2017,USD,2024,resolved,https://apps.bea.gov/industry/xls/io-annual/Supply_2017_DET.xlsx,7a3a403f7a7e8335e61776c1da6c423409d54090acaee597bbae738fa9a6703e,none
311520,311520,0.006911952360697576,True,foreign_import,2017,2017,USD,2024,resolved,https://apps.bea.gov/industry/xls/io-annual/Supply_2017_DET.xlsx,7a3a403f7a7e8335e61776c1da6c423409d54090acaee597bbae738fa9a6703e,none
311520,311520,0.014355593364525734,True,product_tax,2017,2017,USD,2024,resolved,https://apps.bea.gov/industry/xls/io-annual/Supply_2017_DET.xlsx,7a3a403f7a7e8335e61776c1da6c423409d54090acaee597bbae738fa9a6703e,none
311615,311615,0.7370074802122293,False,basic_price,2017,2017,USD,2024,resolved,https://apps.bea.gov/industry/xls/io-annual/Supply_2017_DET.xlsx,7a3a403f7a7e8335e61776c1da6c423409d54090acaee597bbae738fa9a6703e,none
311615,423400,0.22163390449682527,False,trade_margin,2017,2017,USD,2024,resolved,https://apps.bea.gov/industry/xls/io-annual/Supply_2017_DET.xlsx,7a3a403f7a7e8335e61776c1da6c423409d54090acaee597bbae738fa9a6703e,none
311615,484000,0.012829433765330087,False,transport_margin,2017,2017,USD,2024,resolved,https://apps.bea.gov/industry/xls/io-annual/Supply_2017_DET.xlsx,7a3a403f7a7e8335e61776c1da6c423409d54090acaee597bbae738fa9a6703e,none
311615,311615,0.005294859528572671,True,foreign_import,2017,2017,USD,2024,resolved,https://apps.bea.gov/industry/xls/io-annual/Supply_2017_DET.xlsx,7a3a403f7a7e8335e61776c1da6c423409d54090acaee597bbae738fa9a6703e,none
311615,311615,0.023234321997042708,True,product_tax,2017,2017,USD,2024,resolved,https://apps.bea.gov/industry/xls/io-annual/Supply_2017_DET.xlsx,7a3a403f7a7e8335e61776c1da6c423409d54090acaee597bbae738fa9a6703e,none
31161A,31161A,0.6874847242525837,False,basic_price,2017,2017,USD,2024,resolved,https://apps.bea.gov/industry/xls/io-annual/Supply_2017_DET.xlsx,7a3a403f7a7e8335e61776c1da6c423409d54090acaee597bbae738fa9a6703e,none
31161A,423400,0.23444640691363033,False,trade_margin,2017,2017,USD,2024,resolved,https://apps.bea.gov/industry/xls/io-annual/Supply_2017_DET.xlsx,7a3a403f7a7e8335e61776c1da6c423409d54090acaee597bbae738fa9a6703e,none
31161A,484000,0.013996043293197508,False,transport_margin,2017,2017,USD,2024,resolved,https://apps.bea.gov/industry/xls/io-annual/Supply_2017_DET.xlsx,7a3a403f7a7e8335e61776c1da6c423409d54090acaee597bbae738fa9a6703e,none
31161A,31161A,0.04327936286875078,True,foreign_import,2017,2017,USD,2024,resolved,https://apps.bea.gov/industry/xls/io-annual/Supply_2017_DET.xlsx,7a3a403f7a7e8335e61776c1da6c423409d54090acaee597bbae738fa9a6703e,none
31161A,31161A,0.020793462671837747,True,product_tax,2017,2017,USD,2024,resolved,https://apps.bea.gov/industry/xls/io-annual/Supply_2017_DET.xlsx,7a3a403f7a7e8335e61776c1da6c423409d54090acaee597bbae738fa9a6703e,none
311700,311700,0.5658895705521473,False,basic_price,2017,2017,USD,2024,resolved,https://apps.bea.gov/industry/xls/io-annual/Supply_2017_DET.xlsx,7a3a403f7a7e8335e61776c1da6c423409d54090acaee597bbae738fa9a6703e,none
311700,423400,0.21762781186094068,False,trade_margin,2017,2017,USD,2024,resolved,https://apps.bea.gov/industry/xls/io-annual/Supply_2017_DET.xlsx,7a3a403f7a7e8335e61776c1da6c423409d54090acaee597bbae738fa9a6703e,none
311700,484000,0.013333333333333334,False,transport_margin,2017,2017,USD,2024,resolved,https://apps.bea.gov/industry/xls/io-annual/Supply_2017_DET.xlsx,7a3a403f7a7e8335e61776c1da6c423409d54090acaee597bbae738fa9a6703e,none
311700,311700,0.18114519427402864,True,foreign_import,2017,2017,USD,2024,resolved,https://apps.bea.gov/industry/xls/io-annual/Supply_2017_DET.xlsx,7a3a403f7a7e8335e61776c1da6c423409d54090acaee597bbae738fa9a6703e,none
311700,311700,0.022004089979550102,True,product_tax,2017,2017,USD,2024,resolved,https://apps.bea.gov/industry/xls/io-annual/Supply_2017_DET.xlsx,7a3a403f7a7e8335e61776c1da6c423409d54090acaee597bbae738fa9a6703e,none
311810,311810,0.5492024899918257,False,basic_price,2017,2017,USD,2024,resolved,https://apps.bea.gov/industry/xls/io-annual/Supply_2017_DET.xlsx,7a3a403f7a7e8335e61776c1da6c423409d54090acaee597bbae738fa9a6703e,none
311810,423400,0.36142608622749467,False,trade_margin,2017,2017,USD,2024,resolved,https://apps.bea.gov/industry/xls/io-annual/Supply_2017_DET.xlsx,7a3a403f7a7e8335e61776c1da6c423409d54090acaee597bbae738fa9a6703e,none
311810,484000,0.009788099180482488,False,transport_margin,2017,2017,USD,2024,resolved,https://apps.bea.gov/industry/xls/io-annual/Supply_2017_DET.xlsx,7a3a403f7a7e8335e61776c1da6c423409d54090acaee597bbae738fa9a6703e,none
311810,311810,0.04935968644547379,True,foreign_import,2017,2017,USD,2024,resolved,https://apps.bea.gov/industry/xls/io-annual/Supply_2017_DET.xlsx,7a3a403f7a7e8335e61776c1da6c423409d54090acaee597bbae738fa9a6703e,none
311810,311810,0.03022363815472323,True,product_tax,2017,2017,USD,2024,resolved,https://apps.bea.gov/industry/xls/io-annual/Supply_2017_DET.xlsx,7a3a403f7a7e8335e61776c1da6c423409d54090acaee597bbae738fa9a6703e,none
3118A0,3118A0,0.5614093323216995,False,basic_price,2017,2017,USD,2024,resolved,https://apps.bea.gov/industry/xls/io-annual/Supply_2017_DET.xlsx,7a3a403f7a7e8335e61776c1da6c423409d54090acaee597bbae738fa9a6703e,none
3118A0,423400,0.375331942336874,False,trade_margin,2017,2017,USD,2024,resolved,https://apps.bea.gov/industry/xls/io-annual/Supply_2017_DET.xlsx,7a3a403f7a7e8335e61776c1da6c423409d54090acaee597bbae738fa9a6703e,none
3118A0,484000,0.009887139605462822,False,transport_margin,2017,2017,USD,2024,resolved,https://apps.bea.gov/industry/xls/io-annual/Supply_2017_DET.xlsx,7a3a403f7a7e8335e61776c1da6c423409d54090acaee597bbae738fa9a6703e,none
3118A0,3118A0,0.0210546282245827,True,foreign_import,2017,2017,USD,2024,resolved,https://apps.bea.gov/industry/xls/io-annual/Supply_2017_DET.xlsx,7a3a403f7a7e8335e61776c1da6c423409d54090acaee597bbae738fa9a6703e,none
3118A0,3118A0,0.032316957511380875,True,product_tax,2017,2017,USD,2024,resolved,https://apps.bea.gov/industry/xls/io-annual/Supply_2017_DET.xlsx,7a3a403f7a7e8335e61776c1da6c423409d54090acaee597bbae738fa9a6703e,none
311910,311910,0.5971058991624739,False,basic_price,2017,2017,USD,2024,resolved,https://apps.bea.gov/industry/xls/io-annual/Supply_2017_DET.xlsx,7a3a403f7a7e8335e61776c1da6c423409d54090acaee597bbae738fa9a6703e,none
311910,423400,0.31336545623128487,False,trade_margin,2017,2017,USD,2024,resolved,https://apps.bea.gov/industry/xls/io-annual/Supply_2017_DET.xlsx,7a3a403f7a7e8335e61776c1da6c423409d54090acaee597bbae738fa9a6703e,none
311910,484000,0.01073127726519631,False,transport_margin,2017,2017,USD,2024,resolved,https://apps.bea.gov/industry/xls/io-annual/Supply_2017_DET.xlsx,7a3a403f7a7e8335e61776c1da6c423409d54090acaee597bbae738fa9a6703e,none
311910,311910,0.0514371703476265,True,foreign_import,2017,2017,USD,2024,resolved,https://apps.bea.gov/industry/xls/io-annual/Supply_2017_DET.xlsx,7a3a403f7a7e8335e61776c1da6c423409d54090acaee597bbae738fa9a6703e,none
311910,311910,0.027360196993418354,True,product_tax,2017,2017,USD,2024,resolved,https://apps.bea.gov/industry/xls/io-annual/Supply_2017_DET.xlsx,7a3a403f7a7e8335e61776c1da6c423409d54090acaee597bbae738fa9a6703e,none
311920,311920,0.5669730235724619,False,basic_price,2017,2017,USD,2024,resolved,https://apps.bea.gov/industry/xls/io-annual/Supply_2017_DET.xlsx,7a3a403f7a7e8335e61776c1da6c423409d54090acaee597bbae738fa9a6703e,none
311920,423400,0.30695259977874223,False,trade_margin,2017,2017,USD,2024,resolved,https://apps.bea.gov/industry/xls/io-annual/Supply_2017_DET.xlsx,7a3a403f7a7e8335e61776c1da6c423409d54090acaee597bbae738fa9a6703e,none
311920,484000,0.013105267636796869,False,transport_margin,2017,2017,USD,2024,resolved,https://apps.bea.gov/industry/xls/io-annual/Supply_2017_DET.xlsx,7a3a403f7a7e8335e61776c1da6c423409d54090acaee597bbae738fa9a6703e,none
311920,311920,0.0902901880691005,True,foreign_import,2017,2017,USD,2024,resolved,https://apps.bea.gov/industry/xls/io-annual/Supply_2017_DET.xlsx,7a3a403f7a7e8335e61776c1da6c423409d54090acaee597bbae738fa9a6703e,none
311920,311920,0.022678920942898476,True,product_tax,2017,2017,USD,2024,resolved,https://apps.bea.gov/industry/xls/io-annual/Supply_2017_DET.xlsx,7a3a403f7a7e8335e61776c1da6c423409d54090acaee597bbae738fa9a6703e,none
311930,311930,0.6779075789837141,False,basic_price,2017,2017,USD,2024,resolved,https://apps.bea.gov/industry/xls/io-annual/Supply_2017_DET.xlsx,7a3a403f7a7e8335e61776c1da6c423409d54090acaee597bbae738fa9a6703e,none
311930,423400,0.15716176555216665,False,trade_margin,2017,2017,USD,2024,resolved,https://apps.bea.gov/industry/xls/io-annual/Supply_2017_DET.xlsx,7a3a403f7a7e8335e61776c1da6c423409d54090acaee597bbae738fa9a6703e,none
311930,484000,0.016113253150716465,False,transport_margin,2017,2017,USD,2024,resolved,https://apps.bea.gov/industry/xls/io-annual/Supply_2017_DET.xlsx,7a3a403f7a7e8335e61776c1da6c423409d54090acaee597bbae738fa9a6703e,none
311930,311930,0.1427749323818841,True,foreign_import,2017,2017,USD,2024,resolved,https://apps.bea.gov/industry/xls/io-annual/Supply_2017_DET.xlsx,7a3a403f7a7e8335e61776c1da6c423409d54090acaee597bbae738fa9a6703e,none
311930,311930,0.006042469931518674,True,product_tax,2017,2017,USD,2024,resolved,https://apps.bea.gov/industry/xls/io-annual/Supply_2017_DET.xlsx,7a3a403f7a7e8335e61776c1da6c423409d54090acaee597bbae738fa9a6703e,none
311940,311940,0.5869995513446464,False,basic_price,2017,2017,USD,2024,resolved,https://apps.bea.gov/industry/xls/io-annual/Supply_2017_DET.xlsx,7a3a403f7a7e8335e61776c1da6c423409d54090acaee597bbae738fa9a6703e,none
311940,423400,0.3110765089335198,False,trade_margin,2017,2017,USD,2024,resolved,https://apps.bea.gov/industry/xls/io-annual/Supply_2017_DET.xlsx,7a3a403f7a7e8335e61776c1da6c423409d54090acaee597bbae738fa9a6703e,none
311940,484000,0.013802749993402127,False,transport_margin,2017,2017,USD,2024,resolved,https://apps.bea.gov/industry/xls/io-annual/Supply_2017_DET.xlsx,7a3a403f7a7e8335e61776c1da6c423409d54090acaee597bbae738fa9a6703e,none
311940,311940,0.06336597081101052,True,foreign_import,2017,2017,USD,2024,resolved,https://apps.bea.gov/industry/xls/io-annual/Supply_2017_DET.xlsx,7a3a403f7a7e8335e61776c1da6c423409d54090acaee597bbae738fa9a6703e,none
311940,311940,0.024755218917421024,True,product_tax,2017,2017,USD,2024,resolved,https://apps.bea.gov/industry/xls/io-annual/Supply_2017_DET.xlsx,7a3a403f7a7e8335e61776c1da6c423409d54090acaee597bbae738fa9a6703e,none
311990,311990,0.5602222728627272,False,basic_price,2017,2017,USD,2024,resolved,https://apps.bea.gov/industry/xls/io-annual/Supply_2017_DET.xlsx,7a3a403f7a7e8335e61776c1da6c423409d54090acaee597bbae738fa9a6703e,none
311990,423400,0.33309376479043595,False,trade_margin,2017,2017,USD,2024,resolved,https://apps.bea.gov/industry/xls/io-annual/Supply_2017_DET.xlsx,7a3a403f7a7e8335e61776c1da6c423409d54090acaee597bbae738fa9a6703e,none
311990,484000,0.016687994110119727,False,transport_margin,2017,2017,USD,2024,resolved,https://apps.bea.gov/industry/xls/io-annual/Supply_2017_DET.xlsx,7a3a403f7a7e8335e61776c1da6c423409d54090acaee597bbae738fa9a6703e,none
311990,311990,0.06140550773923256,True,foreign_import,2017,2017,USD,2024,resolved,https://apps.bea.gov/industry/xls/io-annual/Supply_2017_DET.xlsx,7a3a403f7a7e8335e61776c1da6c423409d54090acaee597bbae738fa9a6703e,none
311990,311990,0.02859046049748453,True,product_tax,2017,2017,USD,2024,resolved,https://apps.bea.gov/industry/xls/io-annual/Supply_2017_DET.xlsx,7a3a403f7a7e8335e61776c1da6c423409d54090acaee597bbae738fa9a6703e,none
312110,312110,0.5357117441943212,False,basic_price,2017,2017,USD,2024,resolved,https://apps.bea.gov/industry/xls/io-annual/Supply_2017_DET.xlsx,7a3a403f7a7e8335e61776c1da6c423409d54090acaee597bbae738fa9a6703e,none
312110,423400,0.37589249709419553,False,trade_margin,2017,2017,USD,2024,resolved,https://apps.bea.gov/industry/xls/io-annual/Supply_2017_DET.xlsx,7a3a403f7a7e8335e61776c1da6c423409d54090acaee597bbae738fa9a6703e,none
312110,484000,0.010045781246293616,False,transport_margin,2017,2017,USD,2024,resolved,https://apps.bea.gov/industry/xls/io-annual/Supply_2017_DET.xlsx,7a3a403f7a7e8335e61776c1da6c423409d54090acaee597bbae738fa9a6703e,none
312110,312110,0.04635054676566169,True,foreign_import,2017,2017,USD,2024,resolved,https://apps.bea.gov/industry/xls/io-annual/Supply_2017_DET.xlsx,7a3a403f7a7e8335e61776c1da6c423409d54090acaee597bbae738fa9a6703e,none
312110,312110,0.03199943069952795,True,product_tax,2017,2017,USD,2024,resolved,https://apps.bea.gov/industry/xls/io-annual/Supply_2017_DET.xlsx,7a3a403f7a7e8335e61776c1da6c423409d54090acaee597bbae738fa9a6703e,none
312120,312120,0.3529574416927146,False,basic_price,2017,2017,USD,2024,resolved,https://apps.bea.gov/industry/xls/io-annual/Supply_2017_DET.xlsx,7a3a403f7a7e8335e61776c1da6c423409d54090acaee597bbae738fa9a6703e,none
312120,423400,0.4790815099783602,False,trade_margin,2017,2017,USD,2024,resolved,https://apps.bea.gov/industry/xls/io-annual/Supply_2017_DET.xlsx,7a3a403f7a7e8335e61776c1da6c423409d54090acaee597bbae738fa9a6703e,none
312120,484000,0.010747775907670114,False,transport_margin,2017,2017,USD,2024,resolved,https://apps.bea.gov/industry/xls/io-annual/Supply_2017_DET.xlsx,7a3a403f7a7e8335e61776c1da6c423409d54090acaee597bbae738fa9a6703e,none
312120,312120,0.06330848761721568,True,foreign_import,2017,2017,USD,2024,resolved,https://apps.bea.gov/industry/xls/io-annual/Supply_2017_DET.xlsx,7a3a403f7a7e8335e61776c1da6c423409d54090acaee597bbae738fa9a6703e,none
312120,312120,0.09390478480403944,True,product_tax,2017,2017,USD,2024,resolved,https://apps.bea.gov/industry/xls/io-annual/Supply_2017_DET.xlsx,7a3a403f7a7e8335e61776c1da6c423409d54090acaee597bbae738fa9a6703e,none
312130,312130,0.3311015847020856,False,basic_price,2017,2017,USD,2024,resolved,https://apps.bea.gov/industry/xls/io-annual/Supply_2017_DET.xlsx,7a3a403f7a7e8335e61776c1da6c423409d54090acaee597bbae738fa9a6703e,none
312130,423400,0.45916221119727696,False,trade_margin,2017,2017,USD,2024,resolved,https://apps.bea.gov/industry/xls/io-annual/Supply_2017_DET.xlsx,7a3a403f7a7e8335e61776c1da6c423409d54090acaee597bbae738fa9a6703e,none
312130,484000,0.011062408682947193,False,transport_margin,2017,2017,USD,2024,resolved,https://apps.bea.gov/industry/xls/io-annual/Supply_2017_DET.xlsx,7a3a403f7a7e8335e61776c1da6c423409d54090acaee597bbae738fa9a6703e,none
312130,312130,0.12427147054573479,True,foreign_import,2017,2017,USD,2024,resolved,https://apps.bea.gov/industry/xls/io-annual/Supply_2017_DET.xlsx,7a3a403f7a7e8335e61776c1da6c423409d54090acaee597bbae738fa9a6703e,none
312130,312130,0.07440232487195543,True,product_tax,2017,2017,USD,2024,resolved,https://apps.bea.gov/industry/xls/io-annual/Supply_2017_DET.xlsx,7a3a403f7a7e8335e61776c1da6c423409d54090acaee597bbae738fa9a6703e,none
312140,312140,0.262432100928684,False,basic_price,2017,2017,USD,2024,resolved,https://apps.bea.gov/industry/xls/io-annual/Supply_2017_DET.xlsx,7a3a403f7a7e8335e61776c1da6c423409d54090acaee597bbae738fa9a6703e,none
312140,423400,0.4169441037322586,False,trade_margin,2017,2017,USD,2024,resolved,https://apps.bea.gov/industry/xls/io-annual/Supply_2017_DET.xlsx,7a3a403f7a7e8335e61776c1da6c423409d54090acaee597bbae738fa9a6703e,none
312140,484000,0.01461363238128614,False,transport_margin,2017,2017,USD,2024,resolved,https://apps.bea.gov/industry/xls/io-annual/Supply_2017_DET.xlsx,7a3a403f7a7e8335e61776c1da6c423409d54090acaee597bbae738fa9a6703e,none
312140,312140,0.11151217802698439,True,foreign_import,2017,2017,USD,2024,resolved,https://apps.bea.gov/industry/xls/io-annual/Supply_2017_DET.xlsx,7a3a403f7a7e8335e61776c1da6c423409d54090acaee597bbae738fa9a6703e,none
312140,312140,0.19449798493078677,True,product_tax,2017,2017,USD,2024,resolved,https://apps.bea.gov/industry/xls/io-annual/Supply_2017_DET.xlsx,7a3a403f7a7e8335e61776c1da6c423409d54090acaee597bbae738fa9a6703e,none
312200,312200,0.39181176393507067,False,basic_price,2017,2017,USD,2024,resolved,https://apps.bea.gov/industry/xls/io-annual/Supply_2017_DET.xlsx,7a3a403f7a7e8335e61776c1da6c423409d54090acaee597bbae738fa9a6703e,none
312200,423400,0.2988239340878937,False,trade_margin,2017,2017,USD,2024,resolved,https://apps.bea.gov/industry/xls/io-annual/Supply_2017_DET.xlsx,7a3a403f7a7e8335e61776c1da6c423409d54090acaee597bbae738fa9a6703e,none
312200,484000,0.0065109498615911286,False,transport_margin,2017,2017,USD,2024,resolved,https://apps.bea.gov/industry/xls/io-annual/Supply_2017_DET.xlsx,7a3a403f7a7e8335e61776c1da6c423409d54090acaee597bbae738fa9a6703e,none
312200,312200,0.007927798070465676,True,foreign_import,2017,2017,USD,2024,resolved,https://apps.bea.gov/industry/xls/io-annual/Supply_2017_DET.xlsx,7a3a403f7a7e8335e61776c1da6c423409d54090acaee597bbae738fa9a6703e,none
312200,312200,0.2949255540449788,True,product_tax,2017,2017,USD,2024,resolved,https://apps.bea.gov/industry/xls/io-annual/Supply_2017_DET.xlsx,7a3a403f7a7e8335e61776c1da6c423409d54090acaee597bbae738fa9a6703e,none
313100,313100,0.6975111678366306,False,basic_price,2017,2017,USD,2024,resolved,https://apps.bea.gov/industry/xls/io-annual/Supply_2017_DET.xlsx,7a3a403f7a7e8335e61776c1da6c423409d54090acaee597bbae738fa9a6703e,none
313100,423400,0.13826845352052752,False,trade_margin,2017,2017,USD,2024,resolved,https://apps.bea.gov/industry/xls/io-annual/Supply_2017_DET.xlsx,7a3a403f7a7e8335e61776c1da6c423409d54090acaee597bbae738fa9a6703e,none
313100,484000,0.03467347372899383,False,transport_margin,2017,2017,USD,2024,resolved,https://apps.bea.gov/industry/xls/io-annual/Supply_2017_DET.xlsx,7a3a403f7a7e8335e61776c1da6c423409d54090acaee597bbae738fa9a6703e,none
313100,313100,0.11912359072537758,True,foreign_import,2017,2017,USD,2024,resolved,https://apps.bea.gov/industry/xls/io-annual/Supply_2017_DET.xlsx,7a3a403f7a7e8335e61776c1da6c423409d54090acaee597bbae738fa9a6703e,none
313100,313100,0.010423314188470539,True,product_tax,2017,2017,USD,2024,resolved,https://apps.bea.gov/industry/xls/io-annual/Supply_2017_DET.xlsx,7a3a403f7a7e8335e61776c1da6c423409d54090acaee597bbae738fa9a6703e,none
313200,313200,0.5217219589257504,False,basic_price,2017,2017,USD,2024,resolved,https://apps.bea.gov/industry/xls/io-annual/Supply_2017_DET.xlsx,7a3a403f7a7e8335e61776c1da6c423409d54090acaee597bbae738fa9a6703e,none
313200,423400,0.17441745655608212,False,trade_margin,2017,2017,USD,2024,resolved,https://apps.bea.gov/industry/xls/io-annual/Supply_2017_DET.xlsx,7a3a403f7a7e8335e61776c1da6c423409d54090acaee597bbae738fa9a6703e,none
313200,484000,0.033027251184834114,False,transport_margin,2017,2017,USD,2024,resolved,https://apps.bea.gov/industry/xls/io-annual/Supply_2017_DET.xlsx,7a3a403f7a7e8335e61776c1da6c423409d54090acaee597bbae738fa9a6703e,none
313200,313200,0.24585308056872035,True,foreign_import,2017,2017,USD,2024,resolved,https://apps.bea.gov/industry/xls/io-annual/Supply_2017_DET.xlsx,7a3a403f7a7e8335e61776c1da6c423409d54090acaee597bbae738fa9a6703e,none
313200,313200,0.02498025276461295,True,product_tax,2017,2017,USD,2024,resolved,https://apps.bea.gov/industry/xls/io-annual/Supply_2017_DET.xlsx,7a3a403f7a7e8335e61776c1da6c423409d54090acaee597bbae738fa9a6703e,none
313300,313300,0.6698763112572413,False,basic_price,2017,2017,USD,2024,resolved,https://apps.bea.gov/industry/xls/io-annual/Supply_2017_DET.xlsx,7a3a403f7a7e8335e61776c1da6c423409d54090acaee597bbae738fa9a6703e,none
313300,423400,0.16807577892594333,False,trade_margin,2017,2017,USD,2024,resolved,https://apps.bea.gov/industry/xls/io-annual/Supply_2017_DET.xlsx,7a3a403f7a7e8335e61776c1da6c423409d54090acaee597bbae738fa9a6703e,none
313300,484000,0.03280100203538438,False,transport_margin,2017,2017,USD,2024,resolved,https://apps.bea.gov/industry/xls/io-annual/Supply_2017_DET.xlsx,7a3a403f7a7e8335e61776c1da6c423409d54090acaee597bbae738fa9a6703e,none
313300,313300,0.1194614059808987,True,foreign_import,2017,2017,USD,2024,resolved,https://apps.bea.gov/industry/xls/io-annual/Supply_2017_DET.xlsx,7a3a403f7a7e8335e61776c1da6c423409d54090acaee597bbae738fa9a6703e,none
313300,313300,0.00978550180053233,True,product_tax,2017,2017,USD,2024,resolved,https://apps.bea.gov/industry/xls/io-annual/Supply_2017_DET.xlsx,7a3a403f7a7e8335e61776c1da6c423409d54090acaee597bbae738fa9a6703e,none
314110,314110,0.3025210084033614,False,basic_price,2017,2017,USD,2024,resolved,https://apps.bea.gov/industry/xls/io-annual/Supply_2017_DET.xlsx,7a3a403f7a7e8335e61776c1da6c423409d54090acaee597bbae738fa9a6703e,none
314110,423400,0.534101280961823,False,trade_margin,2017,2017,USD,2024,resolved,https://apps.bea.gov/industry/xls/io-annual/Supply_2017_DET.xlsx,7a3a403f7a7e8335e61776c1da6c423409d54090acaee597bbae738fa9a6703e,none
314110,484000,0.01683819595253832,False,transport_margin,2017,2017,USD,2024,resolved,https://apps.bea.gov/industry/xls/io-annual/Supply_2017_DET.xlsx,7a3a403f7a7e8335e61776c1da6c423409d54090acaee597bbae738fa9a6703e,none
314110,314110,0.08818808422245303,True,foreign_import,2017,2017,USD,2024,resolved,https://apps.bea.gov/industry/xls/io-annual/Supply_2017_DET.xlsx,7a3a403f7a7e8335e61776c1da6c423409d54090acaee597bbae738fa9a6703e,none
314110,314110,0.05835143045982438,True,product_tax,2017,2017,USD,2024,resolved,https://apps.bea.gov/industry/xls/io-annual/Supply_2017_DET.xlsx,7a3a403f7a7e8335e61776c1da6c423409d54090acaee597bbae738fa9a6703e,none
314120,314120,0.08894811736272672,False,basic_price,2017,2017,USD,2024,resolved,https://apps.bea.gov/industry/xls/io-annual/Supply_2017_DET.xlsx,7a3a403f7a7e8335e61776c1da6c423409d54090acaee597bbae738fa9a6703e,none
314120,423400,0.5191425925507646,False,trade_margin,2017,2017,USD,2024,resolved,https://apps.bea.gov/industry/xls/io-annual/Supply_2017_DET.xlsx,7a3a403f7a7e8335e61776c1da6c423409d54090acaee597bbae738fa9a6703e,none
314120,484000,0.02475549431933684,False,transport_margin,2017,2017,USD,2024,resolved,https://apps.bea.gov/industry/xls/io-annual/Supply_2017_DET.xlsx,7a3a403f7a7e8335e61776c1da6c423409d54090acaee597bbae738fa9a6703e,none
314120,314120,0.28179703205113726,True,foreign_import,2017,2017,USD,2024,resolved,https://apps.bea.gov/industry/xls/io-annual/Supply_2017_DET.xlsx,7a3a403f7a7e8335e61776c1da6c423409d54090acaee597bbae738fa9a6703e,none
314120,314120,0.08535676371603461,True,product_tax,2017,2017,USD,2024,resolved,https://apps.bea.gov/industry/xls/io-annual/Supply_2017_DET.xlsx,7a3a403f7a7e8335e61776c1da6c423409d54090acaee597bbae738fa9a6703e,none
314900,314900,0.28390731903639393,False,basic_price,2017,2017,USD,2024,resolved,https://apps.bea.gov/industry/xls/io-annual/Supply_2017_DET.xlsx,7a3a403f7a7e8335e61776c1da6c423409d54090acaee597bbae738fa9a6703e,none
314900,423400,0.4327028114758811,False,trade_margin,2017,2017,USD,2024,resolved,https://apps.bea.gov/industry/xls/io-annual/Supply_2017_DET.xlsx,7a3a403f7a7e8335e61776c1da6c423409d54090acaee597bbae738fa9a6703e,none
314900,484000,0.02391766802736733,False,transport_margin,2017,2017,USD,2024,resolved,https://apps.bea.gov/industry/xls/io-annual/Supply_2017_DET.xlsx,7a3a403f7a7e8335e61776c1da6c423409d54090acaee597bbae738fa9a6703e,none
314900,314900,0.2200885413672167,True,foreign_import,2017,2017,USD,2024,resolved,https://apps.bea.gov/industry/xls/io-annual/Supply_2017_DET.xlsx,7a3a403f7a7e8335e61776c1da6c423409d54090acaee597bbae738fa9a6703e,none
314900,314900,0.03938366009314092,True,product_tax,2017,2017,USD,2024,resolved,https://apps.bea.gov/industry/xls/io-annual/Supply_2017_DET.xlsx,7a3a403f7a7e8335e61776c1da6c423409d54090acaee597bbae738fa9a6703e,none
315000,315000,0.03718216565415387,False,basic_price,2017,2017,USD,2024,resolved,https://apps.bea.gov/industry/xls/io-annual/Supply_2017_DET.xlsx,7a3a403f7a7e8335e61776c1da6c423409d54090acaee597bbae738fa9a6703e,none
315000,423400,0.5721644025532653,False,trade_margin,2017,2017,USD,2024,resolved,https://apps.bea.gov/industry/xls/io-annual/Supply_2017_DET.xlsx,7a3a403f7a7e8335e61776c1da6c423409d54090acaee597bbae738fa9a6703e,none
315000,484000,0.015041671881669185,False,transport_margin,2017,2017,USD,2024,resolved,https://apps.bea.gov/industry/xls/io-annual/Supply_2017_DET.xlsx,7a3a403f7a7e8335e61776c1da6c423409d54090acaee597bbae738fa9a6703e,none
315000,315000,0.2734041289983023,True,foreign_import,2017,2017,USD,2024,resolved,https://apps.bea.gov/industry/xls/io-annual/Supply_2017_DET.xlsx,7a3a403f7a7e8335e61776c1da6c423409d54090acaee597bbae738fa9a6703e,none
315000,315000,0.1022076309126094,True,product_tax,2017,2017,USD,2024,resolved,https://apps.bea.gov/industry/xls/io-annual/Supply_2017_DET.xlsx,7a3a403f7a7e8335e61776c1da6c423409d54090acaee597bbae738fa9a6703e,none
316000,316000,0.03998968631906339,False,basic_price,2017,2017,USD,2024,resolved,https://apps.bea.gov/industry/xls/io-annual/Supply_2017_DET.xlsx,7a3a403f7a7e8335e61776c1da6c423409d54090acaee597bbae738fa9a6703e,none
316000,423400,0.5397117003875688,False,trade_margin,2017,2017,USD,2024,resolved,https://apps.bea.gov/industry/xls/io-annual/Supply_2017_DET.xlsx,7a3a403f7a7e8335e61776c1da6c423409d54090acaee597bbae738fa9a6703e,none
316000,484000,0.01644548655595575,False,transport_margin,2017,2017,USD,2024,resolved,https://apps.bea.gov/industry/xls/io-annual/Supply_2017_DET.xlsx,7a3a403f7a7e8335e61776c1da6c423409d54090acaee597bbae738fa9a6703e,none
316000,316000,0.3128107197821235,True,foreign_import,2017,2017,USD,2024,resolved,https://apps.bea.gov/industry/xls/io-annual/Supply_2017_DET.xlsx,7a3a403f7a7e8335e61776c1da6c423409d54090acaee597bbae738fa9a6703e,none
316000,316000,0.09104240695528858,True,product_tax,2017,2017,USD,2024,resolved,https://apps.bea.gov/industry/xls/io-annual/Supply_2017_DET.xlsx,7a3a403f7a7e8335e61776c1da6c423409d54090acaee597bbae738fa9a6703e,none
322110,322110,0.6566004415011037,False,basic_price,2017,2017,USD,2024,resolved,https://apps.bea.gov/industry/xls/io-annual/Supply_2017_DET.xlsx,7a3a403f7a7e8335e61776c1da6c423409d54090acaee597bbae738fa9a6703e,none
322110,484000,0.07717439293598234,False,transport_margin,2017,2017,USD,2024,resolved,https://apps.bea.gov/industry/xls/io-annual/Supply_2017_DET.xlsx,7a3a403f7a7e8335e61776c1da6c423409d54090acaee597bbae738fa9a6703e,none
322110,322110,0.2662251655629139,True,foreign_import,2017,2017,USD,2024,resolved,https://apps.bea.gov/industry/xls/io-annual/Supply_2017_DET.xlsx,7a3a403f7a7e8335e61776c1da6c423409d54090acaee597bbae738fa9a6703e,none
322120,322120,0.5268702223892028,False,basic_price,2017,2017,USD,2024,resolved,https://apps.bea.gov/industry/xls/io-annual/Supply_2017_DET.xlsx,7a3a403f7a7e8335e61776c1da6c423409d54090acaee597bbae738fa9a6703e,none
322120,423400,0.27478577518315683,False,trade_margin,2017,2017,USD,2024,resolved,https://apps.bea.gov/industry/xls/io-annual/Supply_2017_DET.xlsx,7a3a403f7a7e8335e61776c1da6c423409d54090acaee597bbae738fa9a6703e,none
322120,484000,0.033091050965998584,False,transport_margin,2017,2017,USD,2024,resolved,https://apps.bea.gov/industry/xls/io-annual/Supply_2017_DET.xlsx,7a3a403f7a7e8335e61776c1da6c423409d54090acaee597bbae738fa9a6703e,none
322120,322120,0.11785616230510239,True,foreign_import,2017,2017,USD,2024,resolved,https://apps.bea.gov/industry/xls/io-annual/Supply_2017_DET.xlsx,7a3a403f7a7e8335e61776c1da6c423409d54090acaee597bbae738fa9a6703e,none
322120,322120,0.047396789156539464,True,product_tax,2017,2017,USD,2024,resolved,https://apps.bea.gov/industry/xls/io-annual/Supply_2017_DET.xlsx,7a3a403f7a7e8335e61776c1da6c423409d54090acaee597bbae738fa9a6703e,none
322130,322130,0.7668609492089925,False,basic_price,2017,2017,USD,2024,resolved,https://apps.bea.gov/industry/xls/io-annual/Supply_2017_DET.xlsx,7a3a403f7a7e8335e61776c1da6c423409d54090acaee597bbae738fa9a6703e,none
322130,423400,0.1267039371951945,False,trade_margin,2017,2017,USD,2024,resolved,https://apps.bea.gov/industry/xls/io-annual/Supply_2017_DET.xlsx,7a3a403f7a7e8335e61776c1da6c423409d54090acaee597bbae738fa9a6703e,none
322130,484000,0.06665873676697989,False,transport_margin,2017,2017,USD,2024,resolved,https://apps.bea.gov/industry/xls/io-annual/Supply_2017_DET.xlsx,7a3a403f7a7e8335e61776c1da6c423409d54090acaee597bbae738fa9a6703e,none
322130,322130,0.035874866182942784,True,foreign_import,2017,2017,USD,2024,resolved,https://apps.bea.gov/industry/xls/io-annual/Supply_2017_DET.xlsx,7a3a403f7a7e8335e61776c1da6c423409d54090acaee597bbae738fa9a6703e,none
322130,322130,0.0039015106458903295,True,product_tax,2017,2017,USD,2024,resolved,https://apps.bea.gov/industry/xls/io-annual/Supply_2017_DET.xlsx,7a3a403f7a7e8335e61776c1da6c423409d54090acaee597bbae738fa9a6703e,none
322210,322210,0.7925033126082968,False,basic_price,2017,2017,USD,2024,resolved,https://apps.bea.gov/industry/xls/io-annual/Supply_2017_DET.xlsx,7a3a403f7a7e8335e61776c1da6c423409d54090acaee597bbae738fa9a6703e,none
322210,423400,0.13817398838038936,False,trade_margin,2017,2017,USD,2024,resolved,https://apps.bea.gov/industry/xls/io-annual/Supply_2017_DET.xlsx,7a3a403f7a7e8335e61776c1da6c423409d54090acaee597bbae738fa9a6703e,none
322210,484000,0.03534298236673122,False,transport_margin,2017,2017,USD,2024,resolved,https://apps.bea.gov/industry/xls/io-annual/Supply_2017_DET.xlsx,7a3a403f7a7e8335e61776c1da6c423409d54090acaee597bbae738fa9a6703e,none
322210,322210,0.027596575272653145,True,foreign_import,2017,2017,USD,2024,resolved,https://apps.bea.gov/industry/xls/io-annual/Supply_2017_DET.xlsx,7a3a403f7a7e8335e61776c1da6c423409d54090acaee597bbae738fa9a6703e,none
322210,322210,0.0063831413719294666,True,product_tax,2017,2017,USD,2024,resolved,https://apps.bea.gov/industry/xls/io-annual/Supply_2017_DET.xlsx,7a3a403f7a7e8335e61776c1da6c423409d54090acaee597bbae738fa9a6703e,none
322220,322220,0.5848356160530979,False,basic_price,2017,2017,USD,2024,resolved,https://apps.bea.gov/industry/xls/io-annual/Supply_2017_DET.xlsx,7a3a403f7a7e8335e61776c1da6c423409d54090acaee597bbae738fa9a6703e,none
322220,423400,0.2066822285344658,False,trade_margin,2017,2017,USD,2024,resolved,https://apps.bea.gov/industry/xls/io-annual/Supply_2017_DET.xlsx,7a3a403f7a7e8335e61776c1da6c423409d54090acaee597bbae738fa9a6703e,none
322220,484000,0.03315802795511432,False,transport_margin,2017,2017,USD,2024,resolved,https://apps.bea.gov/industry/xls/io-annual/Supply_2017_DET.xlsx,7a3a403f7a7e8335e61776c1da6c423409d54090acaee597bbae738fa9a6703e,none
322220,322220,0.14902832072447056,True,foreign_import,2017,2017,USD,2024,resolved,https://apps.bea.gov/industry/xls/io-annual/Supply_2017_DET.xlsx,7a3a403f7a7e8335e61776c1da6c423409d54090acaee597bbae738fa9a6703e,none
322220,322220,0.02629580673285148,True,product_tax,2017,2017,USD,2024,resolved,https://apps.bea.gov/industry/xls/io-annual/Supply_2017_DET.xlsx,7a3a403f7a7e8335e61776c1da6c423409d54090acaee597bbae738fa9a6703e,none
322230,322230,0.7127476806780437,False,basic_price,2017,2017,USD,2024,resolved,https://apps.bea.gov/industry/xls/io-annual/Supply_2017_DET.xlsx,7a3a403f7a7e8335e61776c1da6c423409d54090acaee597bbae738fa9a6703e,none
322230,423400,0.20226778146833124,False,trade_margin,2017,2017,USD,2024,resolved,https://apps.bea.gov/industry/xls/io-annual/Supply_2017_DET.xlsx,7a3a403f7a7e8335e61776c1da6c423409d54090acaee597bbae738fa9a6703e,none
322230,484000,0.0314969648379338,False,transport_margin,2017,2017,USD,2024,resolved,https://apps.bea.gov/industry/xls/io-annual/Supply_2017_DET.xlsx,7a3a403f7a7e8335e61776c1da6c423409d54090acaee597bbae738fa9a6703e,none
322230,322230,0.03665101362959569,True,foreign_import,2017,2017,USD,2024,resolved,https://apps.bea.gov/industry/xls/io-annual/Supply_2017_DET.xlsx,7a3a403f7a7e8335e61776c1da6c423409d54090acaee597bbae738fa9a6703e,none
322230,322230,0.01683655938609552,True,product_tax,2017,2017,USD,2024,resolved,https://apps.bea.gov/industry/xls/io-annual/Supply_2017_DET.xlsx,7a3a403f7a7e8335e61776c1da6c423409d54090acaee597bbae738fa9a6703e,none
322291,322291,0.397870088636063,False,basic_price,2017,2017,USD,2024,resolved,https://apps.bea.gov/industry/xls/io-annual/Supply_2017_DET.xlsx,7a3a403f7a7e8335e61776c1da6c423409d54090acaee597bbae738fa9a6703e,none
322291,423400,0.5104180447149094,False,trade_margin,2017,2017,USD,2024,resolved,https://apps.bea.gov/industry/xls/io-annual/Supply_2017_DET.xlsx,7a3a403f7a7e8335e61776c1da6c423409d54090acaee597bbae738fa9a6703e,none
322291,484000,0.019083212065087975,False,transport_margin,2017,2017,USD,2024,resolved,https://apps.bea.gov/industry/xls/io-annual/Supply_2017_DET.xlsx,7a3a403f7a7e8335e61776c1da6c423409d54090acaee597bbae738fa9a6703e,none
322291,322291,0.03323852361423469,True,foreign_import,2017,2017,USD,2024,resolved,https://apps.bea.gov/industry/xls/io-annual/Supply_2017_DET.xlsx,7a3a403f7a7e8335e61776c1da6c423409d54090acaee597bbae738fa9a6703e,none
322291,322291,0.039390130969704985,True,product_tax,2017,2017,USD,2024,resolved,https://apps.bea.gov/industry/xls/io-annual/Supply_2017_DET.xlsx,7a3a403f7a7e8335e61776c1da6c423409d54090acaee597bbae738fa9a6703e,none
322299,322299,0.6206284153005465,False,basic_price,2017,2017,USD,2024,resolved,https://apps.bea.gov/industry/xls/io-annual/Supply_2017_DET.xlsx,7a3a403f7a7e8335e61776c1da6c423409d54090acaee597bbae738fa9a6703e,none
322299,423400,0.17745901639344264,False,trade_margin,2017,2017,USD,2024,resolved,https://apps.bea.gov/industry/xls/io-annual/Supply_2017_DET.xlsx,7a3a403f7a7e8335e61776c1da6c423409d54090acaee597bbae738fa9a6703e,none
322299,484000,0.05,False,transport_margin,2017,2017,USD,2024,resolved,https://apps.bea.gov/industry/xls/io-annual/Supply_2017_DET.xlsx,7a3a403f7a7e8335e61776c1da6c423409d54090acaee597bbae738fa9a6703e,none
322299,322299,0.1319672131147541,True,foreign_import,2017,2017,USD,2024,resolved,https://apps.bea.gov/industry/xls/io-annual/Supply_2017_DET.xlsx,7a3a403f7a7e8335e61776c1da6c423409d54090acaee597bbae738fa9a6703e,none
322299,322299,0.01994535519125683,True,product_tax,2017,2017,USD,2024,resolved,https://apps.bea.gov/industry/xls/io-annual/Supply_2017_DET.xlsx,7a3a403f7a7e8335e61776c1da6c423409d54090acaee597bbae738fa9a6703e,none
323110,323110,0.7547752808988764,False,basic_price,2017,2017,USD,2024,resolved,https://apps.bea.gov/industry/xls/io-annual/Supply_2017_DET.xlsx,7a3a403f7a7e8335e61776c1da6c423409d54090acaee597bbae738fa9a6703e,none
323110,423400,0.17090355805243446,False,trade_margin,2017,2017,USD,2024,resolved,https://apps.bea.gov/industry/xls/io-annual/Supply_2017_DET.xlsx,7a3a403f7a7e8335e61776c1da6c423409d54090acaee597bbae738fa9a6703e,none
323110,484000,0.03201076779026217,False,transport_margin,2017,2017,USD,2024,resolved,https://apps.bea.gov/industry/xls/io-annual/Supply_2017_DET.xlsx,7a3a403f7a7e8335e61776c1da6c423409d54090acaee597bbae738fa9a6703e,none
323110,323110,0.03022003745318352,True,foreign_import,2017,2017,USD,2024,resolved,https://apps.bea.gov/industry/xls/io-annual/Supply_2017_DET.xlsx,7a3a403f7a7e8335e61776c1da6c423409d54090acaee597bbae738fa9a6703e,none
323110,323110,0.012090355805243445,True,product_tax,2017,2017,USD,2024,resolved,https://apps.bea.gov/industry/xls/io-annual/Supply_2017_DET.xlsx,7a3a403f7a7e8335e61776c1da6c423409d54090acaee597bbae738fa9a6703e,none
323120,323120,0.9566160520607375,False,basic_price,2017,2017,USD,2024,resolved,https://apps.bea.gov/industry/xls/io-annual/Supply_2017_DET.xlsx,7a3a403f7a7e8335e61776c1da6c423409d54090acaee597bbae738fa9a6703e,none
323120,484000,0.03969631236442516,False,transport_margin,2017,2017,USD,2024,resolved,https://apps.bea.gov/industry/xls/io-annual/Supply_2017_DET.xlsx,7a3a403f7a7e8335e61776c1da6c423409d54090acaee597bbae738fa9a6703e,none
323120,323120,0.00368763557483731,True,foreign_import,2017,2017,USD,2024,resolved,https://apps.bea.gov/industry/xls/io-annual/Supply_2017_DET.xlsx,7a3a403f7a7e8335e61776c1da6c423409d54090acaee597bbae738fa9a6703e,none
324110,324110,0.6115961575619687,False,basic_price,2017,2017,USD,2024,resolved,https://apps.bea.gov/industry/xls/io-annual/Supply_2017_DET.xlsx,7a3a403f7a7e8335e61776c1da6c423409d54090acaee597bbae738fa9a6703e,none
324110,423400,0.16359536931705487,False,trade_margin,2017,2017,USD,2024,resolved,https://apps.bea.gov/industry/xls/io-annual/Supply_2017_DET.xlsx,7a3a403f7a7e8335e61776c1da6c423409d54090acaee597bbae738fa9a6703e,none
324110,484000,0.03117022379245614,False,transport_margin,2017,2017,USD,2024,resolved,https://apps.bea.gov/industry/xls/io-annual/Supply_2017_DET.xlsx,7a3a403f7a7e8335e61776c1da6c423409d54090acaee597bbae738fa9a6703e,none
324110,324110,0.06672186087221348,True,foreign_import,2017,2017,USD,2024,resolved,https://apps.bea.gov/industry/xls/io-annual/Supply_2017_DET.xlsx,7a3a403f7a7e8335e61776c1da6c423409d54090acaee597bbae738fa9a6703e,none
324110,324110,0.1269163884563068,True,product_tax,2017,2017,USD,2024,resolved,https://apps.bea.gov/industry/xls/io-annual/Supply_2017_DET.xlsx,7a3a403f7a7e8335e61776c1da6c423409d54090acaee597bbae738fa9a6703e,none
324121,324121,0.784182944259171,False,basic_price,2017,2017,USD,2024,resolved,https://apps.bea.gov/industry/xls/io-annual/Supply_2017_DET.xlsx,7a3a403f7a7e8335e61776c1da6c423409d54090acaee597bbae738fa9a6703e,none
324121,423400,0.1700214387803716,False,trade_margin,2017,2017,USD,2024,resolved,https://apps.bea.gov/industry/xls/io-annual/Supply_2017_DET.xlsx,7a3a403f7a7e8335e61776c1da6c423409d54090acaee597bbae738fa9a6703e,none
324121,484000,0.018163411148165793,False,transport_margin,2017,2017,USD,2024,resolved,https://apps.bea.gov/industry/xls/io-annual/Supply_2017_DET.xlsx,7a3a403f7a7e8335e61776c1da6c423409d54090acaee597bbae738fa9a6703e,none
324121,324121,0.005300142925202477,True,foreign_import,2017,2017,USD,2024,resolved,https://apps.bea.gov/industry/xls/io-annual/Supply_2017_DET.xlsx,7a3a403f7a7e8335e61776c1da6c423409d54090acaee597bbae738fa9a6703e,none
324121,324121,0.02233206288708909,True,product_tax,2017,2017,USD,2024,resolved,https://apps.bea.gov/industry/xls/io-annual/Supply_2017_DET.xlsx,7a3a403f7a7e8335e61776c1da6c423409d54090acaee597bbae738fa9a6703e,none
324122,324122,0.8344647931796654,False,basic_price,2017,2017,USD,2024,resolved,https://apps.bea.gov/industry/xls/io-annual/Supply_2017_DET.xlsx,7a3a403f7a7e8335e61776c1da6c423409d54090acaee597bbae738fa9a6703e,none
324122,423400,0.08154404799494791,False,trade_margin,2017,2017,USD,2024,resolved,https://apps.bea.gov/industry/xls/io-annual/Supply_2017_DET.xlsx,7a3a403f7a7e8335e61776c1da6c423409d54090acaee597bbae738fa9a6703e,none
324122,484000,0.05825702557625514,False,transport_margin,2017,2017,USD,2024,resolved,https://apps.bea.gov/industry/xls/io-annual/Supply_2017_DET.xlsx,7a3a403f7a7e8335e61776c1da6c423409d54090acaee597bbae738fa9a6703e,none
324122,324122,0.02123460688348595,True,foreign_import,2017,2017,USD,2024,resolved,https://apps.bea.gov/industry/xls/io-annual/Supply_2017_DET.xlsx,7a3a403f7a7e8335e61776c1da6c423409d54090acaee597bbae738fa9a6703e,none
324122,324122,0.004499526365645721,True,product_tax,2017,2017,USD,2024,resolved,https://apps.bea.gov/industry/xls/io-annual/Supply_2017_DET.xlsx,7a3a403f7a7e8335e61776c1da6c423409d54090acaee597bbae738fa9a6703e,none
324190,324190,0.7000276472214543,False,basic_price,2017,2017,USD,2024,resolved,https://apps.bea.gov/industry/xls/io-annual/Supply_2017_DET.xlsx,7a3a403f7a7e8335e61776c1da6c423409d54090acaee597bbae738fa9a6703e,none
324190,423400,0.19978887576344032,False,trade_margin,2017,2017,USD,2024,resolved,https://apps.bea.gov/industry/xls/io-annual/Supply_2017_DET.xlsx,7a3a403f7a7e8335e61776c1da6c423409d54090acaee597bbae738fa9a6703e,none
324190,484000,0.07361701058134568,False,transport_margin,2017,2017,USD,2024,resolved,https://apps.bea.gov/industry/xls/io-annual/Supply_2017_DET.xlsx,7a3a403f7a7e8335e61776c1da6c423409d54090acaee597bbae738fa9a6703e,none
324190,324190,0.0028149898207957373,True,foreign_import,2017,2017,USD,2024,resolved,https://apps.bea.gov/industry/xls/io-annual/Supply_2017_DET.xlsx,7a3a403f7a7e8335e61776c1da6c423409d54090acaee597bbae738fa9a6703e,none
324190,324190,0.023751476612964034,True,product_tax,2017,2017,USD,2024,resolved,https://apps.bea.gov/industry/xls/io-annual/Supply_2017_DET.xlsx,7a3a403f7a7e8335e61776c1da6c423409d54090acaee597bbae738fa9a6703e,none
325110,325110,0.7795541683051515,False,basic_price,2017,2017,USD,2024,resolved,https://apps.bea.gov/industry/xls/io-annual/Supply_2017_DET.xlsx,7a3a403f7a7e8335e61776c1da6c423409d54090acaee597bbae738fa9a6703e,none
325110,423400,0.10519071962249311,False,trade_margin,2017,2017,USD,2024,resolved,https://apps.bea.gov/industry/xls/io-annual/Supply_2017_DET.xlsx,7a3a403f7a7e8335e61776c1da6c423409d54090acaee597bbae738fa9a6703e,none
325110,484000,0.035403558788832085,False,transport_margin,2017,2017,USD,2024,resolved,https://apps.bea.gov/industry/xls/io-annual/Supply_2017_DET.xlsx,7a3a403f7a7e8335e61776c1da6c423409d54090acaee597bbae738fa9a6703e,none
325110,325110,0.07645988989382618,True,foreign_import,2017,2017,USD,2024,resolved,https://apps.bea.gov/industry/xls/io-annual/Supply_2017_DET.xlsx,7a3a403f7a7e8335e61776c1da6c423409d54090acaee597bbae738fa9a6703e,none
325110,325110,0.003391663389697208,True,product_tax,2017,2017,USD,2024,resolved,https://apps.bea.gov/industry/xls/io-annual/Supply_2017_DET.xlsx,7a3a403f7a7e8335e61776c1da6c423409d54090acaee597bbae738fa9a6703e,none
325120,325120,0.7423918030279859,False,basic_price,2017,2017,USD,2024,resolved,https://apps.bea.gov/industry/xls/io-annual/Supply_2017_DET.xlsx,7a3a403f7a7e8335e61776c1da6c423409d54090acaee597bbae738fa9a6703e,none
325120,423400,0.14688790334913593,False,trade_margin,2017,2017,USD,2024,resolved,https://apps.bea.gov/industry/xls/io-annual/Supply_2017_DET.xlsx,7a3a403f7a7e8335e61776c1da6c423409d54090acaee597bbae738fa9a6703e,none
325120,484000,0.08693989906713565,False,transport_margin,2017,2017,USD,2024,resolved,https://apps.bea.gov/industry/xls/io-annual/Supply_2017_DET.xlsx,7a3a403f7a7e8335e61776c1da6c423409d54090acaee597bbae738fa9a6703e,none
325120,325120,0.016057501146964366,True,foreign_import,2017,2017,USD,2024,resolved,https://apps.bea.gov/industry/xls/io-annual/Supply_2017_DET.xlsx,7a3a403f7a7e8335e61776c1da6c423409d54090acaee597bbae738fa9a6703e,none
325120,325120,0.0077228934087781,True,product_tax,2017,2017,USD,2024,resolved,https://apps.bea.gov/industry/xls/io-annual/Supply_2017_DET.xlsx,7a3a403f7a7e8335e61776c1da6c423409d54090acaee597bbae738fa9a6703e,none
325130,325130,0.6263952724885095,False,basic_price,2017,2017,USD,2024,resolved,https://apps.bea.gov/industry/xls/io-annual/Supply_2017_DET.xlsx,7a3a403f7a7e8335e61776c1da6c423409d54090acaee597bbae738fa9a6703e,none
325130,423400,0.1028984147828534,False,trade_margin,2017,2017,USD,2024,resolved,https://apps.bea.gov/industry/xls/io-annual/Supply_2017_DET.xlsx,7a3a403f7a7e8335e61776c1da6c423409d54090acaee597bbae738fa9a6703e,none
325130,484000,0.05299690460557171,False,transport_margin,2017,2017,USD,2024,resolved,https://apps.bea.gov/industry/xls/io-annual/Supply_2017_DET.xlsx,7a3a403f7a7e8335e61776c1da6c423409d54090acaee597bbae738fa9a6703e,none
325130,325130,0.20542163024106558,True,foreign_import,2017,2017,USD,2024,resolved,https://apps.bea.gov/industry/xls/io-annual/Supply_2017_DET.xlsx,7a3a403f7a7e8335e61776c1da6c423409d54090acaee597bbae738fa9a6703e,none
325130,325130,0.012287777881999813,True,product_tax,2017,2017,USD,2024,resolved,https://apps.bea.gov/industry/xls/io-annual/Supply_2017_DET.xlsx,7a3a403f7a7e8335e61776c1da6c423409d54090acaee597bbae738fa9a6703e,none
325180,325180,0.647537035966788,False,basic_price,2017,2017,USD,2024,resolved,https://apps.bea.gov/industry/xls/io-annual/Supply_2017_DET.xlsx,7a3a403f7a7e8335e61776c1da6c423409d54090acaee597bbae738fa9a6703e,none
325180,423400,0.09366391184573003,False,trade_margin,2017,2017,USD,2024,resolved,https://apps.bea.gov/industry/xls/io-annual/Supply_2017_DET.xlsx,7a3a403f7a7e8335e61776c1da6c423409d54090acaee597bbae738fa9a6703e,none
325180,484000,0.08534165558958948,False,transport_margin,2017,2017,USD,2024,resolved,https://apps.bea.gov/industry/xls/io-annual/Supply_2017_DET.xlsx,7a3a403f7a7e8335e61776c1da6c423409d54090acaee597bbae738fa9a6703e,none
325180,325180,0.1689109788283342,True,foreign_import,2017,2017,USD,2024,resolved,https://apps.bea.gov/industry/xls/io-annual/Supply_2017_DET.xlsx,7a3a403f7a7e8335e61776c1da6c423409d54090acaee597bbae738fa9a6703e,none
325180,325180,0.004546417769558266,True,product_tax,2017,2017,USD,2024,resolved,https://apps.bea.gov/industry/xls/io-annual/Supply_2017_DET.xlsx,7a3a403f7a7e8335e61776c1da6c423409d54090acaee597bbae738fa9a6703e,none
325190,325190,0.6749946909562592,False,basic_price,2017,2017,USD,2024,resolved,https://apps.bea.gov/industry/xls/io-annual/Supply_2017_DET.xlsx,7a3a403f7a7e8335e61776c1da6c423409d54090acaee597bbae738fa9a6703e,none
325190,423400,0.10644489212597069,False,trade_margin,2017,2017,USD,2024,resolved,https://apps.bea.gov/industry/xls/io-annual/Supply_2017_DET.xlsx,7a3a403f7a7e8335e61776c1da6c423409d54090acaee597bbae738fa9a6703e,none
325190,484000,0.03159598464107995,False,transport_margin,2017,2017,USD,2024,resolved,https://apps.bea.gov/industry/xls/io-annual/Supply_2017_DET.xlsx,7a3a403f7a7e8335e61776c1da6c423409d54090acaee597bbae738fa9a6703e,none
325190,325190,0.17837813018349205,True,foreign_import,2017,2017,USD,2024,resolved,https://apps.bea.gov/industry/xls/io-annual/Supply_2017_DET.xlsx,7a3a403f7a7e8335e61776c1da6c423409d54090acaee597bbae738fa9a6703e,none
325190,325190,0.008586302093198111,True,product_tax,2017,2017,USD,2024,resolved,https://apps.bea.gov/industry/xls/io-annual/Supply_2017_DET.xlsx,7a3a403f7a7e8335e61776c1da6c423409d54090acaee597bbae738fa9a6703e,none
325211,325211,0.7325886392784742,False,basic_price,2017,2017,USD,2024,resolved,https://apps.bea.gov/industry/xls/io-annual/Supply_2017_DET.xlsx,7a3a403f7a7e8335e61776c1da6c423409d54090acaee597bbae738fa9a6703e,none
325211,423400,0.1043233627073766,False,trade_margin,2017,2017,USD,2024,resolved,https://apps.bea.gov/industry/xls/io-annual/Supply_2017_DET.xlsx,7a3a403f7a7e8335e61776c1da6c423409d54090acaee597bbae738fa9a6703e,none
325211,484000,0.038848206528484544,False,transport_margin,2017,2017,USD,2024,resolved,https://apps.bea.gov/industry/xls/io-annual/Supply_2017_DET.xlsx,7a3a403f7a7e8335e61776c1da6c423409d54090acaee597bbae738fa9a6703e,none
325211,325211,0.11764511191096769,True,foreign_import,2017,2017,USD,2024,resolved,https://apps.bea.gov/industry/xls/io-annual/Supply_2017_DET.xlsx,7a3a403f7a7e8335e61776c1da6c423409d54090acaee597bbae738fa9a6703e,none
325211,325211,0.006594679574696951,True,product_tax,2017,2017,USD,2024,resolved,https://apps.bea.gov/industry/xls/io-annual/Supply_2017_DET.xlsx,7a3a403f7a7e8335e61776c1da6c423409d54090acaee597bbae738fa9a6703e,none
3252A0,3252A0,0.7128265777873347,False,basic_price,2017,2017,USD,2024,resolved,https://apps.bea.gov/industry/xls/io-annual/Supply_2017_DET.xlsx,7a3a403f7a7e8335e61776c1da6c423409d54090acaee597bbae738fa9a6703e,none
3252A0,423400,0.10052682507257284,False,trade_margin,2017,2017,USD,2024,resolved,https://apps.bea.gov/industry/xls/io-annual/Supply_2017_DET.xlsx,7a3a403f7a7e8335e61776c1da6c423409d54090acaee597bbae738fa9a6703e,none
3252A0,484000,0.01888685804393793,False,transport_margin,2017,2017,USD,2024,resolved,https://apps.bea.gov/industry/xls/io-annual/Supply_2017_DET.xlsx,7a3a403f7a7e8335e61776c1da6c423409d54090acaee597bbae738fa9a6703e,none
3252A0,3252A0,0.1599827975486507,True,foreign_import,2017,2017,USD,2024,resolved,https://apps.bea.gov/industry/xls/io-annual/Supply_2017_DET.xlsx,7a3a403f7a7e8335e61776c1da6c423409d54090acaee597bbae738fa9a6703e,none
3252A0,3252A0,0.007776941547503853,True,product_tax,2017,2017,USD,2024,resolved,https://apps.bea.gov/industry/xls/io-annual/Supply_2017_DET.xlsx,7a3a403f7a7e8335e61776c1da6c423409d54090acaee597bbae738fa9a6703e,none
325411,325411,0.713206097092353,False,basic_price,2017,2017,USD,2024,resolved,https://apps.bea.gov/industry/xls/io-annual/Supply_2017_DET.xlsx,7a3a403f7a7e8335e61776c1da6c423409d54090acaee597bbae738fa9a6703e,none
325411,423400,0.2652747534264122,False,trade_margin,2017,2017,USD,2024,resolved,https://apps.bea.gov/industry/xls/io-annual/Supply_2017_DET.xlsx,7a3a403f7a7e8335e61776c1da6c423409d54090acaee597bbae738fa9a6703e,none
325411,484000,0.01274497246061227,False,transport_margin,2017,2017,USD,2024,resolved,https://apps.bea.gov/industry/xls/io-annual/Supply_2017_DET.xlsx,7a3a403f7a7e8335e61776c1da6c423409d54090acaee597bbae738fa9a6703e,none
325411,325411,0.005956193159984629,True,foreign_import,2017,2017,USD,2024,resolved,https://apps.bea.gov/industry/xls/io-annual/Supply_2017_DET.xlsx,7a3a403f7a7e8335e61776c1da6c423409d54090acaee597bbae738fa9a6703e,none
325411,325411,0.002817983860637889,True,product_tax,2017,2017,USD,2024,resolved,https://apps.bea.gov/industry/xls/io-annual/Supply_2017_DET.xlsx,7a3a403f7a7e8335e61776c1da6c423409d54090acaee597bbae738fa9a6703e,none
325412,325412,0.29827851926466886,False,basic_price,2017,2017,USD,2024,resolved,https://apps.bea.gov/industry/xls/io-annual/Supply_2017_DET.xlsx,7a3a403f7a7e8335e61776c1da6c423409d54090acaee597bbae738fa9a6703e,none
325412,423400,0.4717260135985898,False,trade_margin,2017,2017,USD,2024,resolved,https://apps.bea.gov/industry/xls/io-annual/Supply_2017_DET.xlsx,7a3a403f7a7e8335e61776c1da6c423409d54090acaee597bbae738fa9a6703e,none
325412,484000,0.008828003021908839,False,transport_margin,2017,2017,USD,2024,resolved,https://apps.bea.gov/industry/xls/io-annual/Supply_2017_DET.xlsx,7a3a403f7a7e8335e61776c1da6c423409d54090acaee597bbae738fa9a6703e,none
325412,325412,0.1832042306723747,True,foreign_import,2017,2017,USD,2024,resolved,https://apps.bea.gov/industry/xls/io-annual/Supply_2017_DET.xlsx,7a3a403f7a7e8335e61776c1da6c423409d54090acaee597bbae738fa9a6703e,none
325412,325412,0.03796323344245782,True,product_tax,2017,2017,USD,2024,resolved,https://apps.bea.gov/industry/xls/io-annual/Supply_2017_DET.xlsx,7a3a403f7a7e8335e61776c1da6c423409d54090acaee597bbae738fa9a6703e,none
325413,325413,0.8707996874185986,False,basic_price,2017,2017,USD,2024,resolved,https://apps.bea.gov/industry/xls/io-annual/Supply_2017_DET.xlsx,7a3a403f7a7e8335e61776c1da6c423409d54090acaee597bbae738fa9a6703e,none
325413,423400,0.10692888773117999,False,trade_margin,2017,2017,USD,2024,resolved,https://apps.bea.gov/industry/xls/io-annual/Supply_2017_DET.xlsx,7a3a403f7a7e8335e61776c1da6c423409d54090acaee597bbae738fa9a6703e,none
325413,484000,0.016280281323261266,False,transport_margin,2017,2017,USD,2024,resolved,https://apps.bea.gov/industry/xls/io-annual/Supply_2017_DET.xlsx,7a3a403f7a7e8335e61776c1da6c423409d54090acaee597bbae738fa9a6703e,none
325413,325413,0.0024094816358426674,True,foreign_import,2017,2017,USD,2024,resolved,https://apps.bea.gov/industry/xls/io-annual/Supply_2017_DET.xlsx,7a3a403f7a7e8335e61776c1da6c423409d54090acaee597bbae738fa9a6703e,none
325413,325413,0.0035816618911174783,True,product_tax,2017,2017,USD,2024,resolved,https://apps.bea.gov/industry/xls/io-annual/Supply_2017_DET.xlsx,7a3a403f7a7e8335e61776c1da6c423409d54090acaee597bbae738fa9a6703e,none
325414,325414,0.2666998233548852,False,basic_price,2017,2017,USD,2024,resolved,https://apps.bea.gov/industry/xls/io-annual/Supply_2017_DET.xlsx,7a3a403f7a7e8335e61776c1da6c423409d54090acaee597bbae738fa9a6703e,none
325414,423400,0.2755921041348677,False,trade_margin,2017,2017,USD,2024,resolved,https://apps.bea.gov/industry/xls/io-annual/Supply_2017_DET.xlsx,7a3a403f7a7e8335e61776c1da6c423409d54090acaee597bbae738fa9a6703e,none
325414,484000,0.013196933578006826,False,transport_margin,2017,2017,USD,2024,resolved,https://apps.bea.gov/industry/xls/io-annual/Supply_2017_DET.xlsx,7a3a403f7a7e8335e61776c1da6c423409d54090acaee597bbae738fa9a6703e,none
325414,325414,0.4400864360561834,True,foreign_import,2017,2017,USD,2024,resolved,https://apps.bea.gov/industry/xls/io-annual/Supply_2017_DET.xlsx,7a3a403f7a7e8335e61776c1da6c423409d54090acaee597bbae738fa9a6703e,none
325414,325414,0.004424702876056869,True,product_tax,2017,2017,USD,2024,resolved,https://apps.bea.gov/industry/xls/io-annual/Supply_2017_DET.xlsx,7a3a403f7a7e8335e61776c1da6c423409d54090acaee597bbae738fa9a6703e,none
325310,325310,0.4594724991958829,False,basic_price,2017,2017,USD,2024,resolved,https://apps.bea.gov/industry/xls/io-annual/Supply_2017_DET.xlsx,7a3a403f7a7e8335e61776c1da6c423409d54090acaee597bbae738fa9a6703e,none
325310,423400,0.31030878095850756,False,trade_margin,2017,2017,USD,2024,resolved,https://apps.bea.gov/industry/xls/io-annual/Supply_2017_DET.xlsx,7a3a403f7a7e8335e61776c1da6c423409d54090acaee597bbae738fa9a6703e,none
325310,484000,0.04133161788356385,False,transport_margin,2017,2017,USD,2024,resolved,https://apps.bea.gov/industry/xls/io-annual/Supply_2017_DET.xlsx,7a3a403f7a7e8335e61776c1da6c423409d54090acaee597bbae738fa9a6703e,none
325310,325310,0.17878203066366463,True,foreign_import,2017,2017,USD,2024,resolved,https://apps.bea.gov/industry/xls/io-annual/Supply_2017_DET.xlsx,7a3a403f7a7e8335e61776c1da6c423409d54090acaee597bbae738fa9a6703e,none
325310,325310,0.010105071298381044,True,product_tax,2017,2017,USD,2024,resolved,https://apps.bea.gov/industry/xls/io-annual/Supply_2017_DET.xlsx,7a3a403f7a7e8335e61776c1da6c423409d54090acaee597bbae738fa9a6703e,none
325320,325320,0.5715751082744472,False,basic_price,2017,2017,USD,2024,resolved,https://apps.bea.gov/industry/xls/io-annual/Supply_2017_DET.xlsx,7a3a403f7a7e8335e61776c1da6c423409d54090acaee597bbae738fa9a6703e,none
325320,423400,0.3311298533546083,False,trade_margin,2017,2017,USD,2024,resolved,https://apps.bea.gov/industry/xls/io-annual/Supply_2017_DET.xlsx,7a3a403f7a7e8335e61776c1da6c423409d54090acaee597bbae738fa9a6703e,none
325320,484000,0.013448826077045818,False,transport_margin,2017,2017,USD,2024,resolved,https://apps.bea.gov/industry/xls/io-annual/Supply_2017_DET.xlsx,7a3a403f7a7e8335e61776c1da6c423409d54090acaee597bbae738fa9a6703e,none
325320,325320,0.0653825697135476,True,foreign_import,2017,2017,USD,2024,resolved,https://apps.bea.gov/industry/xls/io-annual/Supply_2017_DET.xlsx,7a3a403f7a7e8335e61776c1da6c423409d54090acaee597bbae738fa9a6703e,none
325320,325320,0.018463642580351037,True,product_tax,2017,2017,USD,2024,resolved,https://apps.bea.gov/industry/xls/io-annual/Supply_2017_DET.xlsx,7a3a403f7a7e8335e61776c1da6c423409d54090acaee597bbae738fa9a6703e,none
325510,325510,0.6990669141148572,False,basic_price,2017,2017,USD,2024,resolved,https://apps.bea.gov/industry/xls/io-annual/Supply_2017_DET.xlsx,7a3a403f7a7e8335e61776c1da6c423409d54090acaee597bbae738fa9a6703e,none
325510,423400,0.22646664604598413,False,trade_margin,2017,2017,USD,2024,resolved,https://apps.bea.gov/industry/xls/io-annual/Supply_2017_DET.xlsx,7a3a403f7a7e8335e61776c1da6c423409d54090acaee597bbae738fa9a6703e,none
325510,484000,0.020234044746881123,False,transport_margin,2017,2017,USD,2024,resolved,https://apps.bea.gov/industry/xls/io-annual/Supply_2017_DET.xlsx,7a3a403f7a7e8335e61776c1da6c423409d54090acaee597bbae738fa9a6703e,none
325510,325510,0.03124033405505722,True,foreign_import,2017,2017,USD,2024,resolved,https://apps.bea.gov/industry/xls/io-annual/Supply_2017_DET.xlsx,7a3a403f7a7e8335e61776c1da6c423409d54090acaee597bbae738fa9a6703e,none
325510,325510,0.022992061037220332,True,product_tax,2017,2017,USD,2024,resolved,https://apps.bea.gov/industry/xls/io-annual/Supply_2017_DET.xlsx,7a3a403f7a7e8335e61776c1da6c423409d54090acaee597bbae738fa9a6703e,none
325520,325520,0.7774824960392498,False,basic_price,2017,2017,USD,2024,resolved,https://apps.bea.gov/industry/xls/io-annual/Supply_2017_DET.xlsx,7a3a403f7a7e8335e61776c1da6c423409d54090acaee597bbae738fa9a6703e,none
325520,423400,0.1532171513262125,False,trade_margin,2017,2017,USD,2024,resolved,https://apps.bea.gov/industry/xls/io-annual/Supply_2017_DET.xlsx,7a3a403f7a7e8335e61776c1da6c423409d54090acaee597bbae738fa9a6703e,none
325520,484000,0.022486840087903102,False,transport_margin,2017,2017,USD,2024,resolved,https://apps.bea.gov/industry/xls/io-annual/Supply_2017_DET.xlsx,7a3a403f7a7e8335e61776c1da6c423409d54090acaee597bbae738fa9a6703e,none
325520,325520,0.0343946440435427,True,foreign_import,2017,2017,USD,2024,resolved,https://apps.bea.gov/industry/xls/io-annual/Supply_2017_DET.xlsx,7a3a403f7a7e8335e61776c1da6c423409d54090acaee597bbae738fa9a6703e,none
325520,325520,0.012418868503091941,True,product_tax,2017,2017,USD,2024,resolved,https://apps.bea.gov/industry/xls/io-annual/Supply_2017_DET.xlsx,7a3a403f7a7e8335e61776c1da6c423409d54090acaee597bbae738fa9a6703e,none
325610,325610,0.6238947777721425,False,basic_price,2017,2017,USD,2024,resolved,https://apps.bea.gov/industry/xls/io-annual/Supply_2017_DET.xlsx,7a3a403f7a7e8335e61776c1da6c423409d54090acaee597bbae738fa9a6703e,none
325610,423400,0.27947118391912223,False,trade_margin,2017,2017,USD,2024,resolved,https://apps.bea.gov/industry/xls/io-annual/Supply_2017_DET.xlsx,7a3a403f7a7e8335e61776c1da6c423409d54090acaee597bbae738fa9a6703e,none
325610,484000,0.01362614326046897,False,transport_margin,2017,2017,USD,2024,resolved,https://apps.bea.gov/industry/xls/io-annual/Supply_2017_DET.xlsx,7a3a403f7a7e8335e61776c1da6c423409d54090acaee597bbae738fa9a6703e,none
325610,325610,0.05567107910263563,True,foreign_import,2017,2017,USD,2024,resolved,https://apps.bea.gov/industry/xls/io-annual/Supply_2017_DET.xlsx,7a3a403f7a7e8335e61776c1da6c423409d54090acaee597bbae738fa9a6703e,none
325610,325610,0.027336815945630675,True,product_tax,2017,2017,USD,2024,resolved,https://apps.bea.gov/industry/xls/io-annual/Supply_2017_DET.xlsx,7a3a403f7a7e8335e61776c1da6c423409d54090acaee597bbae738fa9a6703e,none
325620,325620,0.44051252887037057,False,basic_price,2017,2017,USD,2024,resolved,https://apps.bea.gov/industry/xls/io-annual/Supply_2017_DET.xlsx,7a3a403f7a7e8335e61776c1da6c423409d54090acaee597bbae738fa9a6703e,none
325620,423400,0.4263994150485719,False,trade_margin,2017,2017,USD,2024,resolved,https://apps.bea.gov/industry/xls/io-annual/Supply_2017_DET.xlsx,7a3a403f7a7e8335e61776c1da6c423409d54090acaee597bbae738fa9a6703e,none
325620,484000,0.010677684799387193,False,transport_margin,2017,2017,USD,2024,resolved,https://apps.bea.gov/industry/xls/io-annual/Supply_2017_DET.xlsx,7a3a403f7a7e8335e61776c1da6c423409d54090acaee597bbae738fa9a6703e,none
325620,325620,0.09453232901196597,True,foreign_import,2017,2017,USD,2024,resolved,https://apps.bea.gov/industry/xls/io-annual/Supply_2017_DET.xlsx,7a3a403f7a7e8335e61776c1da6c423409d54090acaee597bbae738fa9a6703e,none
325620,325620,0.02787804226970439,True,product_tax,2017,2017,USD,2024,resolved,https://apps.bea.gov/industry/xls/io-annual/Supply_2017_DET.xlsx,7a3a403f7a7e8335e61776c1da6c423409d54090acaee597bbae738fa9a6703e,none
325910,325910,0.7477320307048151,False,basic_price,2017,2017,USD,2024,resolved,https://apps.bea.gov/industry/xls/io-annual/Supply_2017_DET.xlsx,7a3a403f7a7e8335e61776c1da6c423409d54090acaee597bbae738fa9a6703e,none
325910,423400,0.1938241451500349,False,trade_margin,2017,2017,USD,2024,resolved,https://apps.bea.gov/industry/xls/io-annual/Supply_2017_DET.xlsx,7a3a403f7a7e8335e61776c1da6c423409d54090acaee597bbae738fa9a6703e,none
325910,484000,0.021458478715980462,False,transport_margin,2017,2017,USD,2024,resolved,https://apps.bea.gov/industry/xls/io-annual/Supply_2017_DET.xlsx,7a3a403f7a7e8335e61776c1da6c423409d54090acaee597bbae738fa9a6703e,none
325910,325910,0.02773900907187718,True,foreign_import,2017,2017,USD,2024,resolved,https://apps.bea.gov/industry/xls/io-annual/Supply_2017_DET.xlsx,7a3a403f7a7e8335e61776c1da6c423409d54090acaee597bbae738fa9a6703e,none
325910,325910,0.009246336357292394,True,product_tax,2017,2017,USD,2024,resolved,https://apps.bea.gov/industry/xls/io-annual/Supply_2017_DET.xlsx,7a3a403f7a7e8335e61776c1da6c423409d54090acaee597bbae738fa9a6703e,none
3259A0,3259A0,0.6834942052703651,False,basic_price,2017,2017,USD,2024,resolved,https://apps.bea.gov/industry/xls/io-annual/Supply_2017_DET.xlsx,7a3a403f7a7e8335e61776c1da6c423409d54090acaee597bbae738fa9a6703e,none
3259A0,423400,0.18950602852276144,False,trade_margin,2017,2017,USD,2024,resolved,https://apps.bea.gov/industry/xls/io-annual/Supply_2017_DET.xlsx,7a3a403f7a7e8335e61776c1da6c423409d54090acaee597bbae738fa9a6703e,none
3259A0,484000,0.019120937844427373,False,transport_margin,2017,2017,USD,2024,resolved,https://apps.bea.gov/industry/xls/io-annual/Supply_2017_DET.xlsx,7a3a403f7a7e8335e61776c1da6c423409d54090acaee597bbae738fa9a6703e,none
3259A0,3259A0,0.09376774322834908,True,foreign_import,2017,2017,USD,2024,resolved,https://apps.bea.gov/industry/xls/io-annual/Supply_2017_DET.xlsx,7a3a403f7a7e8335e61776c1da6c423409d54090acaee597bbae738fa9a6703e,none
3259A0,3259A0,0.014111085134097057,True,product_tax,2017,2017,USD,2024,resolved,https://apps.bea.gov/industry/xls/io-annual/Supply_2017_DET.xlsx,7a3a403f7a7e8335e61776c1da6c423409d54090acaee597bbae738fa9a6703e,none
326110,326110,0.7233536387557221,False,basic_price,2017,2017,USD,2024,resolved,https://apps.bea.gov/industry/xls/io-annual/Supply_2017_DET.xlsx,7a3a403f7a7e8335e61776c1da6c423409d54090acaee597bbae738fa9a6703e,none
326110,423400,0.15836427206862994,False,trade_margin,2017,2017,USD,2024,resolved,https://apps.bea.gov/industry/xls/io-annual/Supply_2017_DET.xlsx,7a3a403f7a7e8335e61776c1da6c423409d54090acaee597bbae738fa9a6703e,none
326110,484000,0.016274375518148722,False,transport_margin,2017,2017,USD,2024,resolved,https://apps.bea.gov/industry/xls/io-annual/Supply_2017_DET.xlsx,7a3a403f7a7e8335e61776c1da6c423409d54090acaee597bbae738fa9a6703e,none
326110,326110,0.08312006632303644,True,foreign_import,2017,2017,USD,2024,resolved,https://apps.bea.gov/industry/xls/io-annual/Supply_2017_DET.xlsx,7a3a403f7a7e8335e61776c1da6c423409d54090acaee597bbae738fa9a6703e,none
326110,326110,0.018887647334462746,True,product_tax,2017,2017,USD,2024,resolved,https://apps.bea.gov/industry/xls/io-annual/Supply_2017_DET.xlsx,7a3a403f7a7e8335e61776c1da6c423409d54090acaee597bbae738fa9a6703e,none
326120,326120,0.7306505369707443,False,basic_price,2017,2017,USD,2024,resolved,https://apps.bea.gov/industry/xls/io-annual/Supply_2017_DET.xlsx,7a3a403f7a7e8335e61776c1da6c423409d54090acaee597bbae738fa9a6703e,none
326120,423400,0.1791959840348928,False,trade_margin,2017,2017,USD,2024,resolved,https://apps.bea.gov/industry/xls/io-annual/Supply_2017_DET.xlsx,7a3a403f7a7e8335e61776c1da6c423409d54090acaee597bbae738fa9a6703e,none
326120,484000,0.015677076904085915,False,transport_margin,2017,2017,USD,2024,resolved,https://apps.bea.gov/industry/xls/io-annual/Supply_2017_DET.xlsx,7a3a403f7a7e8335e61776c1da6c423409d54090acaee597bbae738fa9a6703e,none
326120,326120,0.053326749783977286,True,foreign_import,2017,2017,USD,2024,resolved,https://apps.bea.gov/industry/xls/io-annual/Supply_2017_DET.xlsx,7a3a403f7a7e8335e61776c1da6c423409d54090acaee597bbae738fa9a6703e,none
326120,326120,0.021149652306299633,True,product_tax,2017,2017,USD,2024,resolved,https://apps.bea.gov/industry/xls/io-annual/Supply_2017_DET.xlsx,7a3a403f7a7e8335e61776c1da6c423409d54090acaee597bbae738fa9a6703e,none
326130,326130,0.8739868776534157,False,basic_price,2017,2017,USD,2024,resolved,https://apps.bea.gov/industry/xls/io-annual/Supply_2017_DET.xlsx,7a3a403f7a7e8335e61776c1da6c423409d54090acaee597bbae738fa9a6703e,none
326130,423400,0.10478579698957931,False,trade_margin,2017,2017,USD,2024,resolved,https://apps.bea.gov/industry/xls/io-annual/Supply_2017_DET.xlsx,7a3a403f7a7e8335e61776c1da6c423409d54090acaee597bbae738fa9a6703e,none
326130,484000,0.01736781165573138,False,transport_margin,2017,2017,USD,2024,resolved,https://apps.bea.gov/industry/xls/io-annual/Supply_2017_DET.xlsx,7a3a403f7a7e8335e61776c1da6c423409d54090acaee597bbae738fa9a6703e,none
326130,326130,0.0038595137012736396,True,product_tax,2017,2017,USD,2024,resolved,https://apps.bea.gov/industry/xls/io-annual/Supply_2017_DET.xlsx,7a3a403f7a7e8335e61776c1da6c423409d54090acaee597bbae738fa9a6703e,none
326140,326140,0.6407056798623064,False,basic_price,2017,2017,USD,2024,resolved,https://apps.bea.gov/industry/xls/io-annual/Supply_2017_DET.xlsx,7a3a403f7a7e8335e61776c1da6c423409d54090acaee597bbae738fa9a6703e,none
326140,423400,0.33254446356855993,False,trade_margin,2017,2017,USD,2024,resolved,https://apps.bea.gov/industry/xls/io-annual/Supply_2017_DET.xlsx,7a3a403f7a7e8335e61776c1da6c423409d54090acaee597bbae738fa9a6703e,none
326140,484000,0.01298049340218015,False,transport_margin,2017,2017,USD,2024,resolved,https://apps.bea.gov/industry/xls/io-annual/Supply_2017_DET.xlsx,7a3a403f7a7e8335e61776c1da6c423409d54090acaee597bbae738fa9a6703e,none
326140,326140,0.013769363166953529,True,product_tax,2017,2017,USD,2024,resolved,https://apps.bea.gov/industry/xls/io-annual/Supply_2017_DET.xlsx,7a3a403f7a7e8335e61776c1da6c423409d54090acaee597bbae738fa9a6703e,none
326150,326150,0.5784763152150185,False,basic_price,2017,2017,USD,2024,resolved,https://apps.bea.gov/industry/xls/io-annual/Supply_2017_DET.xlsx,7a3a403f7a7e8335e61776c1da6c423409d54090acaee597bbae738fa9a6703e,none
326150,423400,0.39292730844793716,False,trade_margin,2017,2017,USD,2024,resolved,https://apps.bea.gov/industry/xls/io-annual/Supply_2017_DET.xlsx,7a3a403f7a7e8335e61776c1da6c423409d54090acaee597bbae738fa9a6703e,none
326150,484000,0.011624099541584805,False,transport_margin,2017,2017,USD,2024,resolved,https://apps.bea.gov/industry/xls/io-annual/Supply_2017_DET.xlsx,7a3a403f7a7e8335e61776c1da6c423409d54090acaee597bbae738fa9a6703e,none
326150,326150,0.016972276795459505,True,product_tax,2017,2017,USD,2024,resolved,https://apps.bea.gov/industry/xls/io-annual/Supply_2017_DET.xlsx,7a3a403f7a7e8335e61776c1da6c423409d54090acaee597bbae738fa9a6703e,none
326160,326160,0.7149289251945713,False,basic_price,2017,2017,USD,2024,resolved,https://apps.bea.gov/industry/xls/io-annual/Supply_2017_DET.xlsx,7a3a403f7a7e8335e61776c1da6c423409d54090acaee597bbae738fa9a6703e,none
326160,423400,0.19489290538367532,False,trade_margin,2017,2017,USD,2024,resolved,https://apps.bea.gov/industry/xls/io-annual/Supply_2017_DET.xlsx,7a3a403f7a7e8335e61776c1da6c423409d54090acaee597bbae738fa9a6703e,none
326160,484000,0.01595163053965395,False,transport_margin,2017,2017,USD,2024,resolved,https://apps.bea.gov/industry/xls/io-annual/Supply_2017_DET.xlsx,7a3a403f7a7e8335e61776c1da6c423409d54090acaee597bbae738fa9a6703e,none
326160,326160,0.06470701743101563,True,foreign_import,2017,2017,USD,2024,resolved,https://apps.bea.gov/industry/xls/io-annual/Supply_2017_DET.xlsx,7a3a403f7a7e8335e61776c1da6c423409d54090acaee597bbae738fa9a6703e,none
326160,326160,0.00951952145108381,True,product_tax,2017,2017,USD,2024,resolved,https://apps.bea.gov/industry/xls/io-annual/Supply_2017_DET.xlsx,7a3a403f7a7e8335e61776c1da6c423409d54090acaee597bbae738fa9a6703e,none
326190,326190,0.5936689969366113,False,basic_price,2017,2017,USD,2024,resolved,https://apps.bea.gov/industry/xls/io-annual/Supply_2017_DET.xlsx,7a3a403f7a7e8335e61776c1da6c423409d54090acaee597bbae738fa9a6703e,none
326190,423400,0.2286484232914207,False,trade_margin,2017,2017,USD,2024,resolved,https://apps.bea.gov/industry/xls/io-annual/Supply_2017_DET.xlsx,7a3a403f7a7e8335e61776c1da6c423409d54090acaee597bbae738fa9a6703e,none
326190,484000,0.014029957160897385,False,transport_margin,2017,2017,USD,2024,resolved,https://apps.bea.gov/industry/xls/io-annual/Supply_2017_DET.xlsx,7a3a403f7a7e8335e61776c1da6c423409d54090acaee597bbae738fa9a6703e,none
326190,326190,0.13840836721992955,True,foreign_import,2017,2017,USD,2024,resolved,https://apps.bea.gov/industry/xls/io-annual/Supply_2017_DET.xlsx,7a3a403f7a7e8335e61776c1da6c423409d54090acaee597bbae738fa9a6703e,none
326190,326190,0.025244255391140946,True,product_tax,2017,2017,USD,2024,resolved,https://apps.bea.gov/industry/xls/io-annual/Supply_2017_DET.xlsx,7a3a403f7a7e8335e61776c1da6c423409d54090acaee597bbae738fa9a6703e,none
326210,326210,0.2919920644917496,False,basic_price,2017,2017,USD,2024,resolved,https://apps.bea.gov/industry/xls/io-annual/Supply_2017_DET.xlsx,7a3a403f7a7e8335e61776c1da6c423409d54090acaee597bbae738fa9a6703e,none
326210,423400,0.42943065877314524,False,trade_margin,2017,2017,USD,2024,resolved,https://apps.bea.gov/industry/xls/io-annual/Supply_2017_DET.xlsx,7a3a403f7a7e8335e61776c1da6c423409d54090acaee597bbae738fa9a6703e,none
326210,484000,0.011714321702985262,False,transport_margin,2017,2017,USD,2024,resolved,https://apps.bea.gov/industry/xls/io-annual/Supply_2017_DET.xlsx,7a3a403f7a7e8335e61776c1da6c423409d54090acaee597bbae738fa9a6703e,none
326210,326210,0.21781710542889532,True,foreign_import,2017,2017,USD,2024,resolved,https://apps.bea.gov/industry/xls/io-annual/Supply_2017_DET.xlsx,7a3a403f7a7e8335e61776c1da6c423409d54090acaee597bbae738fa9a6703e,none
326210,326210,0.04904584960322459,True,product_tax,2017,2017,USD,2024,resolved,https://apps.bea.gov/industry/xls/io-annual/Supply_2017_DET.xlsx,7a3a403f7a7e8335e61776c1da6c423409d54090acaee597bbae738fa9a6703e,none
326220,326220,0.45753297847720437,False,basic_price,2017,2017,USD,2024,resolved,https://apps.bea.gov/industry/xls/io-annual/Supply_2017_DET.xlsx,7a3a403f7a7e8335e61776c1da6c423409d54090acaee597bbae738fa9a6703e,none
326220,423400,0.2571164082388336,False,trade_margin,2017,2017,USD,2024,resolved,https://apps.bea.gov/industry/xls/io-annual/Supply_2017_DET.xlsx,7a3a403f7a7e8335e61776c1da6c423409d54090acaee597bbae738fa9a6703e,none
326220,484000,0.01388567461235825,False,transport_margin,2017,2017,USD,2024,resolved,https://apps.bea.gov/industry/xls/io-annual/Supply_2017_DET.xlsx,7a3a403f7a7e8335e61776c1da6c423409d54090acaee597bbae738fa9a6703e,none
326220,326220,0.24816786237753607,True,foreign_import,2017,2017,USD,2024,resolved,https://apps.bea.gov/industry/xls/io-annual/Supply_2017_DET.xlsx,7a3a403f7a7e8335e61776c1da6c423409d54090acaee597bbae738fa9a6703e,none
326220,326220,0.023297076294067732,True,product_tax,2017,2017,USD,2024,resolved,https://apps.bea.gov/industry/xls/io-annual/Supply_2017_DET.xlsx,7a3a403f7a7e8335e61776c1da6c423409d54090acaee597bbae738fa9a6703e,none
326290,326290,0.6160346541684419,False,basic_price,2017,2017,USD,2024,resolved,https://apps.bea.gov/industry/xls/io-annual/Supply_2017_DET.xlsx,7a3a403f7a7e8335e61776c1da6c423409d54090acaee597bbae738fa9a6703e,none
326290,423400,0.23810538275813095,False,trade_margin,2017,2017,USD,2024,resolved,https://apps.bea.gov/industry/xls/io-annual/Supply_2017_DET.xlsx,7a3a403f7a7e8335e61776c1da6c423409d54090acaee597bbae738fa9a6703e,none
326290,484000,0.014451072290867775,False,transport_margin,2017,2017,USD,2024,resolved,https://apps.bea.gov/industry/xls/io-annual/Supply_2017_DET.xlsx,7a3a403f7a7e8335e61776c1da6c423409d54090acaee597bbae738fa9a6703e,none
326290,326290,0.115999147848317,True,foreign_import,2017,2017,USD,2024,resolved,https://apps.bea.gov/industry/xls/io-annual/Supply_2017_DET.xlsx,7a3a403f7a7e8335e61776c1da6c423409d54090acaee597bbae738fa9a6703e,none
326290,326290,0.015409742934242295,True,product_tax,2017,2017,USD,2024,resolved,https://apps.bea.gov/industry/xls/io-annual/Supply_2017_DET.xlsx,7a3a403f7a7e8335e61776c1da6c423409d54090acaee597bbae738fa9a6703e,none
423100,423100,1.0,False,basic_price,2017,2017,USD,2024,resolved,https://apps.bea.gov/industry/xls/io-annual/Supply_2017_DET.xlsx,7a3a403f7a7e8335e61776c1da6c423409d54090acaee597bbae738fa9a6703e,none
423400,423400,1.0,False,basic_price,2017,2017,USD,2024,resolved,https://apps.bea.gov/industry/xls/io-annual/Supply_2017_DET.xlsx,7a3a403f7a7e8335e61776c1da6c423409d54090acaee597bbae738fa9a6703e,none
423600,423600,1.0,False,basic_price,2017,2017,USD,2024,resolved,https://apps.bea.gov/industry/xls/io-annual/Supply_2017_DET.xlsx,7a3a403f7a7e8335e61776c1da6c423409d54090acaee597bbae738fa9a6703e,none
423800,423800,1.0,False,basic_price,2017,2017,USD,2024,resolved,https://apps.bea.gov/industry/xls/io-annual/Supply_2017_DET.xlsx,7a3a403f7a7e8335e61776c1da6c423409d54090acaee597bbae738fa9a6703e,none
423A00,423A00,1.0,False,basic_price,2017,2017,USD,2024,resolved,https://apps.bea.gov/industry/xls/io-annual/Supply_2017_DET.xlsx,7a3a403f7a7e8335e61776c1da6c423409d54090acaee597bbae738fa9a6703e,none
424200,424200,1.0,False,basic_price,2017,2017,USD,2024,resolved,https://apps.bea.gov/industry/xls/io-annual/Supply_2017_DET.xlsx,7a3a403f7a7e8335e61776c1da6c423409d54090acaee597bbae738fa9a6703e,none
424400,424400,1.0,False,basic_price,2017,2017,USD,2024,resolved,https://apps.bea.gov/industry/xls/io-annual/Supply_2017_DET.xlsx,7a3a403f7a7e8335e61776c1da6c423409d54090acaee597bbae738fa9a6703e,none
424700,424700,1.0,False,basic_price,2017,2017,USD,2024,resolved,https://apps.bea.gov/industry/xls/io-annual/Supply_2017_DET.xlsx,7a3a403f7a7e8335e61776c1da6c423409d54090acaee597bbae738fa9a6703e,none
424A00,424A00,1.0,False,basic_price,2017,2017,USD,2024,resolved,https://apps.bea.gov/industry/xls/io-annual/Supply_2017_DET.xlsx,7a3a403f7a7e8335e61776c1da6c423409d54090acaee597bbae738fa9a6703e,none
425000,425000,1.0,False,basic_price,2017,2017,USD,2024,resolved,https://apps.bea.gov/industry/xls/io-annual/Supply_2017_DET.xlsx,7a3a403f7a7e8335e61776c1da6c423409d54090acaee597bbae738fa9a6703e,none
454000,454000,1.0,False,basic_price,2017,2017,USD,2024,resolved,https://apps.bea.gov/industry/xls/io-annual/Supply_2017_DET.xlsx,7a3a403f7a7e8335e61776c1da6c423409d54090acaee597bbae738fa9a6703e,none
481000,481000,0.7578572305293025,False,basic_price,2017,2017,USD,2024,resolved,https://apps.bea.gov/industry/xls/io-annual/Supply_2017_DET.xlsx,7a3a403f7a7e8335e61776c1da6c423409d54090acaee597bbae738fa9a6703e,none
481000,481000,0.16405059818198883,True,foreign_import,2017,2017,USD,2024,resolved,https://apps.bea.gov/industry/xls/io-annual/Supply_2017_DET.xlsx,7a3a403f7a7e8335e61776c1da6c423409d54090acaee597bbae738fa9a6703e,none
481000,481000,0.07809217128870855,True,product_tax,2017,2017,USD,2024,resolved,https://apps.bea.gov/industry/xls/io-annual/Supply_2017_DET.xlsx,7a3a403f7a7e8335e61776c1da6c423409d54090acaee597bbae738fa9a6703e,none
482000,482000,1.0,False,basic_price,2017,2017,USD,2024,resolved,https://apps.bea.gov/industry/xls/io-annual/Supply_2017_DET.xlsx,7a3a403f7a7e8335e61776c1da6c423409d54090acaee597bbae738fa9a6703e,none
483000,483000,0.9970194302961706,False,basic_price,2017,2017,USD,2024,resolved,https://apps.bea.gov/industry/xls/io-annual/Supply_2017_DET.xlsx,7a3a403f7a7e8335e61776c1da6c423409d54090acaee597bbae738fa9a6703e,none
483000,483000,0.0029805697038294663,True,product_tax,2017,2017,USD,2024,resolved,https://apps.bea.gov/industry/xls/io-annual/Supply_2017_DET.xlsx,7a3a403f7a7e8335e61776c1da6c423409d54090acaee597bbae738fa9a6703e,none
484000,484000,0.998914924796622,False,basic_price,2017,2017,USD,2024,resolved,https://apps.bea.gov/industry/xls/io-annual/Supply_2017_DET.xlsx,7a3a403f7a7e8335e61776c1da6c423409d54090acaee597bbae738fa9a6703e,none
484000,484000,0.0010850752033778862,True,product_tax,2017,2017,USD,2024,resolved,https://apps.bea.gov/industry/xls/io-annual/Supply_2017_DET.xlsx,7a3a403f7a7e8335e61776c1da6c423409d54090acaee597bbae738fa9a6703e,none
485000,485000,0.9893840666868875,False,basic_price,2017,2017,USD,2024,resolved,https://apps.bea.gov/industry/xls/io-annual/Supply_2017_DET.xlsx,7a3a403f7a7e8335e61776c1da6c423409d54090acaee597bbae738fa9a6703e,none
485000,485000,0.010615933313112507,True,product_tax,2017,2017,USD,2024,resolved,https://apps.bea.gov/industry/xls/io-annual/Supply_2017_DET.xlsx,7a3a403f7a7e8335e61776c1da6c423409d54090acaee597bbae738fa9a6703e,none
486000,486000,0.9984660132281457,False,basic_price,2017,2017,USD,2024,resolved,https://apps.bea.gov/industry/xls/io-annual/Supply_2017_DET.xlsx,7a3a403f7a7e8335e61776c1da6c423409d54090acaee597bbae738fa9a6703e,none
486000,486000,0.001533986771854331,True,product_tax,2017,2017,USD,2024,resolved,https://apps.bea.gov/industry/xls/io-annual/Supply_2017_DET.xlsx,7a3a403f7a7e8335e61776c1da6c423409d54090acaee597bbae738fa9a6703e,none
48A000,48A000,0.9989792249813821,False,basic_price,2017,2017,USD,2024,resolved,https://apps.bea.gov/industry/xls/io-annual/Supply_2017_DET.xlsx,7a3a403f7a7e8335e61776c1da6c423409d54090acaee597bbae738fa9a6703e,none
48A000,48A000,0.001020775018617909,True,product_tax,2017,2017,USD,2024,resolved,https://apps.bea.gov/industry/xls/io-annual/Supply_2017_DET.xlsx,7a3a403f7a7e8335e61776c1da6c423409d54090acaee597bbae738fa9a6703e,none
492000,492000,0.9980913997585398,False,basic_price,2017,2017,USD,2024,resolved,https://apps.bea.gov/industry/xls/io-annual/Supply_2017_DET.xlsx,7a3a403f7a7e8335e61776c1da6c423409d54090acaee597bbae738fa9a6703e,none
492000,492000,0.001908600241460123,True,product_tax,2017,2017,USD,2024,resolved,https://apps.bea.gov/industry/xls/io-annual/Supply_2017_DET.xlsx,7a3a403f7a7e8335e61776c1da6c423409d54090acaee597bbae738fa9a6703e,none
493000,493000,0.9987404660275698,False,basic_price,2017,2017,USD,2024,resolved,https://apps.bea.gov/industry/xls/io-annual/Supply_2017_DET.xlsx,7a3a403f7a7e8335e61776c1da6c423409d54090acaee597bbae738fa9a6703e,none
493000,493000,0.0012595339724302008,True,product_tax,2017,2017,USD,2024,resolved,https://apps.bea.gov/industry/xls/io-annual/Supply_2017_DET.xlsx,7a3a403f7a7e8335e61776c1da6c423409d54090acaee597bbae738fa9a6703e,none
511110,511110,0.7331009314232801,False,basic_price,2017,2017,USD,2024,resolved,https://apps.bea.gov/industry/xls/io-annual/Supply_2017_DET.xlsx,7a3a403f7a7e8335e61776c1da6c423409d54090acaee597bbae738fa9a6703e,none
511110,423400,0.21123154855928974,False,trade_margin,2017,2017,USD,2024,resolved,https://apps.bea.gov/industry/xls/io-annual/Supply_2017_DET.xlsx,7a3a403f7a7e8335e61776c1da6c423409d54090acaee597bbae738fa9a6703e,none
511110,484000,0.03202788822920639,False,transport_margin,2017,2017,USD,2024,resolved,https://apps.bea.gov/industry/xls/io-annual/Supply_2017_DET.xlsx,7a3a403f7a7e8335e61776c1da6c423409d54090acaee597bbae738fa9a6703e,none
511110,511110,0.007952502859632879,True,foreign_import,2017,2017,USD,2024,resolved,https://apps.bea.gov/industry/xls/io-annual/Supply_2017_DET.xlsx,7a3a403f7a7e8335e61776c1da6c423409d54090acaee597bbae738fa9a6703e,none
511110,511110,0.015687128928590883,True,product_tax,2017,2017,USD,2024,resolved,https://apps.bea.gov/industry/xls/io-annual/Supply_2017_DET.xlsx,7a3a403f7a7e8335e61776c1da6c423409d54090acaee597bbae738fa9a6703e,none
511120,511120,0.776087077247737,False,basic_price,2017,2017,USD,2024,resolved,https://apps.bea.gov/industry/xls/io-annual/Supply_2017_DET.xlsx,7a3a403f7a7e8335e61776c1da6c423409d54090acaee597bbae738fa9a6703e,none
511120,423400,0.16604653745765535,False,trade_margin,2017,2017,USD,2024,resolved,https://apps.bea.gov/industry/xls/io-annual/Supply_2017_DET.xlsx,7a3a403f7a7e8335e61776c1da6c423409d54090acaee597bbae738fa9a6703e,none
511120,484000,0.033098239573499194,False,transport_margin,2017,2017,USD,2024,resolved,https://apps.bea.gov/industry/xls/io-annual/Supply_2017_DET.xlsx,7a3a403f7a7e8335e61776c1da6c423409d54090acaee597bbae738fa9a6703e,none
511120,511120,0.015049702893319264,True,foreign_import,2017,2017,USD,2024,resolved,https://apps.bea.gov/industry/xls/io-annual/Supply_2017_DET.xlsx,7a3a403f7a7e8335e61776c1da6c423409d54090acaee597bbae738fa9a6703e,none
511120,511120,0.009718442827789194,True,product_tax,2017,2017,USD,2024,resolved,https://apps.bea.gov/industry/xls/io-annual/Supply_2017_DET.xlsx,7a3a403f7a7e8335e61776c1da6c423409d54090acaee597bbae738fa9a6703e,none
511130,511130,0.7429995778639918,False,basic_price,2017,2017,USD,2024,resolved,https://apps.bea.gov/industry/xls/io-annual/Supply_2017_DET.xlsx,7a3a403f7a7e8335e61776c1da6c423409d54090acaee597bbae738fa9a6703e,none
511130,423400,0.17639254628419804,False,trade_margin,2017,2017,USD,2024,resolved,https://apps.bea.gov/industry/xls/io-annual/Supply_2017_DET.xlsx,7a3a403f7a7e8335e61776c1da6c423409d54090acaee597bbae738fa9a6703e,none
511130,484000,0.02442358333165819,False,transport_margin,2017,2017,USD,2024,resolved,https://apps.bea.gov/industry/xls/io-annual/Supply_2017_DET.xlsx,7a3a403f7a7e8335e61776c1da6c423409d54090acaee597bbae738fa9a6703e,none
511130,511130,0.03592176412647999,True,foreign_import,2017,2017,USD,2024,resolved,https://apps.bea.gov/industry/xls/io-annual/Supply_2017_DET.xlsx,7a3a403f7a7e8335e61776c1da6c423409d54090acaee597bbae738fa9a6703e,none
511130,511130,0.02026252839367198,True,product_tax,2017,2017,USD,2024,resolved,https://apps.bea.gov/industry/xls/io-annual/Supply_2017_DET.xlsx,7a3a403f7a7e8335e61776c1da6c423409d54090acaee597bbae738fa9a6703e,none
5111A0,5111A0,0.6010616784630941,False,basic_price,2017,2017,USD,2024,resolved,https://apps.bea.gov/industry/xls/io-annual/Supply_2017_DET.xlsx,7a3a403f7a7e8335e61776c1da6c423409d54090acaee597bbae738fa9a6703e,none
5111A0,423400,0.31071789686552076,False,trade_margin,2017,2017,USD,2024,resolved,https://apps.bea.gov/industry/xls/io-annual/Supply_2017_DET.xlsx,7a3a403f7a7e8335e61776c1da6c423409d54090acaee597bbae738fa9a6703e,none
5111A0,484000,0.023306370070778563,False,transport_margin,2017,2017,USD,2024,resolved,https://apps.bea.gov/industry/xls/io-annual/Supply_2017_DET.xlsx,7a3a403f7a7e8335e61776c1da6c423409d54090acaee597bbae738fa9a6703e,none
5111A0,5111A0,0.03149646107178969,True,foreign_import,2017,2017,USD,2024,resolved,https://apps.bea.gov/industry/xls/io-annual/Supply_2017_DET.xlsx,7a3a403f7a7e8335e61776c1da6c423409d54090acaee597bbae738fa9a6703e,none
5111A0,5111A0,0.03341759352881699,True,product_tax,2017,2017,USD,2024,resolved,https://apps.bea.gov/industry/xls/io-annual/Supply_2017_DET.xlsx,7a3a403f7a7e8335e61776c1da6c423409d54090acaee597bbae738fa9a6703e,none
511200,511200,0.7156188786635621,False,basic_price,2017,2017,USD,2024,resolved,https://apps.bea.gov/industry/xls/io-annual/Supply_2017_DET.xlsx,7a3a403f7a7e8335e61776c1da6c423409d54090acaee597bbae738fa9a6703e,none
511200,423400,0.24862019686833964,False,trade_margin,2017,2017,USD,2024,resolved,https://apps.bea.gov/industry/xls/io-annual/Supply_2017_DET.xlsx,7a3a403f7a7e8335e61776c1da6c423409d54090acaee597bbae738fa9a6703e,none
511200,484000,0.006680341501275085,False,transport_margin,2017,2017,USD,2024,resolved,https://apps.bea.gov/industry/xls/io-annual/Supply_2017_DET.xlsx,7a3a403f7a7e8335e61776c1da6c423409d54090acaee597bbae738fa9a6703e,none
511200,511200,0.005041825282428453,True,foreign_import,2017,2017,USD,2024,resolved,https://apps.bea.gov/industry/xls/io-annual/Supply_2017_DET.xlsx,7a3a403f7a7e8335e61776c1da6c423409d54090acaee597bbae738fa9a6703e,none
511200,511200,0.02403875768439467,True,product_tax,2017,2017,USD,2024,resolved,https://apps.bea.gov/industry/xls/io-annual/Supply_2017_DET.xlsx,7a3a403f7a7e8335e61776c1da6c423409d54090acaee597bbae738fa9a6703e,none
512100,512100,0.8844625887680538,False,basic_price,2017,2017,USD,2024,resolved,https://apps.bea.gov/industry/xls/io-annual/Supply_2017_DET.xlsx,7a3a403f7a7e8335e61776c1da6c423409d54090acaee597bbae738fa9a6703e,none
512100,423400,0.02852928059281622,False,trade_margin,2017,2017,USD,2024,resolved,https://apps.bea.gov/industry/xls/io-annual/Supply_2017_DET.xlsx,7a3a403f7a7e8335e61776c1da6c423409d54090acaee597bbae738fa9a6703e,none
512100,484000,0.00041167793063226867,False,transport_margin,2017,2017,USD,2024,resolved,https://apps.bea.gov/industry/xls/io-annual/Supply_2017_DET.xlsx,7a3a403f7a7e8335e61776c1da6c423409d54090acaee597bbae738fa9a6703e,none
512100,512100,0.06662321177398882,True,foreign_import,2017,2017,USD,2024,resolved,https://apps.bea.gov/industry/xls/io-annual/Supply_2017_DET.xlsx,7a3a403f7a7e8335e61776c1da6c423409d54090acaee597bbae738fa9a6703e,none
512100,512100,0.019973240934508904,True,product_tax,2017,2017,USD,2024,resolved,https://apps.bea.gov/industry/xls/io-annual/Supply_2017_DET.xlsx,7a3a403f7a7e8335e61776c1da6c423409d54090acaee597bbae738fa9a6703e,none
512200,512200,0.8260406023721736,False,basic_price,2017,2017,USD,2024,resolved,https://apps.bea.gov/industry/xls/io-annual/Supply_2017_DET.xlsx,7a3a403f7a7e8335e61776c1da6c423409d54090acaee597bbae738fa9a6703e,none
512200,423400,0.09408733508062725,False,trade_margin,2017,2017,USD,2024,resolved,https://apps.bea.gov/industry/xls/io-annual/Supply_2017_DET.xlsx,7a3a403f7a7e8335e61776c1da6c423409d54090acaee597bbae738fa9a6703e,none
512200,484000,0.001465949980009773,False,transport_margin,2017,2017,USD,2024,resolved,https://apps.bea.gov/industry/xls/io-annual/Supply_2017_DET.xlsx,7a3a403f7a7e8335e61776c1da6c423409d54090acaee597bbae738fa9a6703e,none
512200,512200,0.06290258096041935,True,foreign_import,2017,2017,USD,2024,resolved,https://apps.bea.gov/industry/xls/io-annual/Supply_2017_DET.xlsx,7a3a403f7a7e8335e61776c1da6c423409d54090acaee597bbae738fa9a6703e,none
512200,512200,0.015503531606770024,True,product_tax,2017,2017,USD,2024,resolved,https://apps.bea.gov/industry/xls/io-annual/Supply_2017_DET.xlsx,7a3a403f7a7e8335e61776c1da6c423409d54090acaee597bbae738fa9a6703e,none
515100,515200,0.9866846163260311,False,basic_price,2017,2017,USD,2024,resolved,https://apps.bea.gov/industry/xls/io-annual/Supply_2017_DET.xlsx,7a3a403f7a7e8335e61776c1da6c423409d54090acaee597bbae738fa9a6703e,none
515100,515200,0.013315383673968914,True,product_tax,2017,2017,USD,2024,resolved,https://apps.bea.gov/industry/xls/io-annual/Supply_2017_DET.xlsx,7a3a403f7a7e8335e61776c1da6c423409d54090acaee597bbae738fa9a6703e,none
515200,515200,1.0,False,basic_price,2017,2017,USD,2024,resolved,https://apps.bea.gov/industry/xls/io-annual/Supply_2017_DET.xlsx,7a3a403f7a7e8335e61776c1da6c423409d54090acaee597bbae738fa9a6703e,none
517110,517110,0.955471732955317,False,basic_price,2017,2017,USD,2024,resolved,https://apps.bea.gov/industry/xls/io-annual/Supply_2017_DET.xlsx,7a3a403f7a7e8335e61776c1da6c423409d54090acaee597bbae738fa9a6703e,none
517110,517110,0.00038290453456731787,True,foreign_import,2017,2017,USD,2024,resolved,https://apps.bea.gov/industry/xls/io-annual/Supply_2017_DET.xlsx,7a3a403f7a7e8335e61776c1da6c423409d54090acaee597bbae738fa9a6703e,none
517110,517110,0.04414536251011574,True,product_tax,2017,2017,USD,2024,resolved,https://apps.bea.gov/industry/xls/io-annual/Supply_2017_DET.xlsx,7a3a403f7a7e8335e61776c1da6c423409d54090acaee597bbae738fa9a6703e,none
517210,517210,0.9698829072752206,False,basic_price,2017,2017,USD,2024,resolved,https://apps.bea.gov/industry/xls/io-annual/Supply_2017_DET.xlsx,7a3a403f7a7e8335e61776c1da6c423409d54090acaee597bbae738fa9a6703e,none
517210,517210,0.030117092724779353,True,product_tax,2017,2017,USD,2024,resolved,https://apps.bea.gov/industry/xls/io-annual/Supply_2017_DET.xlsx,7a3a403f7a7e8335e61776c1da6c423409d54090acaee597bbae738fa9a6703e,none
517A00,517A00,0.877968416053194,False,basic_price,2017,2017,USD,2024,resolved,https://apps.bea.gov/industry/xls/io-annual/Supply_2017_DET.xlsx,7a3a403f7a7e8335e61776c1da6c423409d54090acaee597bbae738fa9a6703e,none
517A00,517A00,0.0005343148895749228,True,foreign_import,2017,2017,USD,2024,resolved,https://apps.bea.gov/industry/xls/io-annual/Supply_2017_DET.xlsx,7a3a403f7a7e8335e61776c1da6c423409d54090acaee597bbae738fa9a6703e,none
517A00,517A00,0.12149726905723106,True,product_tax,2017,2017,USD,2024,resolved,https://apps.bea.gov/industry/xls/io-annual/Supply_2017_DET.xlsx,7a3a403f7a7e8335e61776c1da6c423409d54090acaee597bbae738fa9a6703e,none
518200,518200,0.9925728034247182,False,basic_price,2017,2017,USD,2024,resolved,https://apps.bea.gov/industry/xls/io-annual/Supply_2017_DET.xlsx,7a3a403f7a7e8335e61776c1da6c423409d54090acaee597bbae738fa9a6703e,none
518200,518200,0.0017662726416840344,True,foreign_import,2017,2017,USD,2024,resolved,https://apps.bea.gov/industry/xls/io-annual/Supply_2017_DET.xlsx,7a3a403f7a7e8335e61776c1da6c423409d54090acaee597bbae738fa9a6703e,none
518200,518200,0.005660923933597805,True,product_tax,2017,2017,USD,2024,resolved,https://apps.bea.gov/industry/xls/io-annual/Supply_2017_DET.xlsx,7a3a403f7a7e8335e61776c1da6c423409d54090acaee597bbae738fa9a6703e,none
519130,519130,0.9837008296814648,False,basic_price,2017,2017,USD,2024,resolved,https://apps.bea.gov/industry/xls/io-annual/Supply_2017_DET.xlsx,7a3a403f7a7e8335e61776c1da6c423409d54090acaee597bbae738fa9a6703e,none
519130,519130,0.014047425216080925,True,foreign_import,2017,2017,USD,2024,resolved,https://apps.bea.gov/industry/xls/io-annual/Supply_2017_DET.xlsx,7a3a403f7a7e8335e61776c1da6c423409d54090acaee597bbae738fa9a6703e,none
519130,519130,0.0022517451024544025,True,product_tax,2017,2017,USD,2024,resolved,https://apps.bea.gov/industry/xls/io-annual/Supply_2017_DET.xlsx,7a3a403f7a7e8335e61776c1da6c423409d54090acaee597bbae738fa9a6703e,none
5191A0,5191A0,0.9982085611917783,False,basic_price,2017,2017,USD,2024,resolved,https://apps.bea.gov/industry/xls/io-annual/Supply_2017_DET.xlsx,7a3a403f7a7e8335e61776c1da6c423409d54090acaee597bbae738fa9a6703e,none
5191A0,5191A0,0.0002828587591929097,True,foreign_import,2017,2017,USD,2024,resolved,https://apps.bea.gov/industry/xls/io-annual/Supply_2017_DET.xlsx,7a3a403f7a7e8335e61776c1da6c423409d54090acaee597bbae738fa9a6703e,none
5191A0,5191A0,0.0015085800490288515,True,product_tax,2017,2017,USD,2024,resolved,https://apps.bea.gov/industry/xls/io-annual/Supply_2017_DET.xlsx,7a3a403f7a7e8335e61776c1da6c423409d54090acaee597bbae738fa9a6703e,none
522A00,522A00,1.0,False,basic_price,2017,2017,USD,2024,resolved,https://apps.bea.gov/industry/xls/io-annual/Supply_2017_DET.xlsx,7a3a403f7a7e8335e61776c1da6c423409d54090acaee597bbae738fa9a6703e,none
52A000,52A000,0.9896285407078996,False,basic_price,2017,2017,USD,2024,resolved,https://apps.bea.gov/industry/xls/io-annual/Supply_2017_DET.xlsx,7a3a403f7a7e8335e61776c1da6c423409d54090acaee597bbae738fa9a6703e,none
52A000,52A000,0.010371459292100307,True,foreign_import,2017,2017,USD,2024,resolved,https://apps.bea.gov/industry/xls/io-annual/Supply_2017_DET.xlsx,7a3a403f7a7e8335e61776c1da6c423409d54090acaee597bbae738fa9a6703e,none
523900,523900,0.9966653221766352,False,basic_price,2017,2017,USD,2024,resolved,https://apps.bea.gov/industry/xls/io-annual/Supply_2017_DET.xlsx,7a3a403f7a7e8335e61776c1da6c423409d54090acaee597bbae738fa9a6703e,none
523900,523900,0.0033346778233648393,True,product_tax,2017,2017,USD,2024,resolved,https://apps.bea.gov/industry/xls/io-annual/Supply_2017_DET.xlsx,7a3a403f7a7e8335e61776c1da6c423409d54090acaee597bbae738fa9a6703e,none
523A00,523A00,0.999649838434225,False,basic_price,2017,2017,USD,2024,resolved,https://apps.bea.gov/industry/xls/io-annual/Supply_2017_DET.xlsx,7a3a403f7a7e8335e61776c1da6c423409d54090acaee597bbae738fa9a6703e,none
523A00,523A00,0.0003501615657750857,True,foreign_import,2017,2017,USD,2024,resolved,https://apps.bea.gov/industry/xls/io-annual/Supply_2017_DET.xlsx,7a3a403f7a7e8335e61776c1da6c423409d54090acaee597bbae738fa9a6703e,none
524113,524113,0.9622982040436698,False,basic_price,2017,2017,USD,2024,resolved,https://apps.bea.gov/industry/xls/io-annual/Supply_2017_DET.xlsx,7a3a403f7a7e8335e61776c1da6c423409d54090acaee597bbae738fa9a6703e,none
524113,524113,0.037701795956330136,True,product_tax,2017,2017,USD,2024,resolved,https://apps.bea.gov/industry/xls/io-annual/Supply_2017_DET.xlsx,7a3a403f7a7e8335e61776c1da6c423409d54090acaee597bbae738fa9a6703e,none
5241XX,5241XX,0.8949979577088636,False,basic_price,2017,2017,USD,2024,resolved,https://apps.bea.gov/industry/xls/io-annual/Supply_2017_DET.xlsx,7a3a403f7a7e8335e61776c1da6c423409d54090acaee597bbae738fa9a6703e,none
5241XX,5241XX,0.08277877274012631,True,foreign_import,2017,2017,USD,2024,resolved,https://apps.bea.gov/industry/xls/io-annual/Supply_2017_DET.xlsx,7a3a403f7a7e8335e61776c1da6c423409d54090acaee597bbae738fa9a6703e,none
5241XX,5241XX,0.022223269551010148,True,product_tax,2017,2017,USD,2024,resolved,https://apps.bea.gov/industry/xls/io-annual/Supply_2017_DET.xlsx,7a3a403f7a7e8335e61776c1da6c423409d54090acaee597bbae738fa9a6703e,none
524200,524200,1.0,False,basic_price,2017,2017,USD,2024,resolved,https://apps.bea.gov/industry/xls/io-annual/Supply_2017_DET.xlsx,7a3a403f7a7e8335e61776c1da6c423409d54090acaee597bbae738fa9a6703e,none
525000,525000,0.9997962400935151,False,basic_price,2017,2017,USD,2024,resolved,https://apps.bea.gov/industry/xls/io-annual/Supply_2017_DET.xlsx,7a3a403f7a7e8335e61776c1da6c423409d54090acaee597bbae738fa9a6703e,none
525000,525000,0.00020375990648492713,True,product_tax,2017,2017,USD,2024,resolved,https://apps.bea.gov/industry/xls/io-annual/Supply_2017_DET.xlsx,7a3a403f7a7e8335e61776c1da6c423409d54090acaee597bbae738fa9a6703e,none
531HSO,531HSO,1.0,False,basic_price,2017,2017,USD,2024,resolved,https://apps.bea.gov/industry/xls/io-annual/Supply_2017_DET.xlsx,7a3a403f7a7e8335e61776c1da6c423409d54090acaee597bbae738fa9a6703e,none
531HST,531HST,1.0,False,basic_price,2017,2017,USD,2024,resolved,https://apps.bea.gov/industry/xls/io-annual/Supply_2017_DET.xlsx,7a3a403f7a7e8335e61776c1da6c423409d54090acaee597bbae738fa9a6703e,none
531ORE,531ORE,1.0,False,basic_price,2017,2017,USD,2024,resolved,https://apps.bea.gov/industry/xls/io-annual/Supply_2017_DET.xlsx,7a3a403f7a7e8335e61776c1da6c423409d54090acaee597bbae738fa9a6703e,none
532100,522A00,0.9496456121374285,False,basic_price,2017,2017,USD,2024,resolved,https://apps.bea.gov/industry/xls/io-annual/Supply_2017_DET.xlsx,7a3a403f7a7e8335e61776c1da6c423409d54090acaee597bbae738fa9a6703e,none
532100,522A00,0.050354387862571515,True,product_tax,2017,2017,USD,2024,resolved,https://apps.bea.gov/industry/xls/io-annual/Supply_2017_DET.xlsx,7a3a403f7a7e8335e61776c1da6c423409d54090acaee597bbae738fa9a6703e,none
532400,532400,0.9302806578959201,False,basic_price,2017,2017,USD,2024,resolved,https://apps.bea.gov/industry/xls/io-annual/Supply_2017_DET.xlsx,7a3a403f7a7e8335e61776c1da6c423409d54090acaee597bbae738fa9a6703e,none
532400,532400,0.06971934210407993,True,product_tax,2017,2017,USD,2024,resolved,https://apps.bea.gov/industry/xls/io-annual/Supply_2017_DET.xlsx,7a3a403f7a7e8335e61776c1da6c423409d54090acaee597bbae738fa9a6703e,none
532A00,532A00,0.9287987145962635,False,basic_price,2017,2017,USD,2024,resolved,https://apps.bea.gov/industry/xls/io-annual/Supply_2017_DET.xlsx,7a3a403f7a7e8335e61776c1da6c423409d54090acaee597bbae738fa9a6703e,none
532A00,532A00,0.07120128540373649,True,product_tax,2017,2017,USD,2024,resolved,https://apps.bea.gov/industry/xls/io-annual/Supply_2017_DET.xlsx,7a3a403f7a7e8335e61776c1da6c423409d54090acaee597bbae738fa9a6703e,none
533000,533000,1.0,False,basic_price,2017,2017,USD,2024,resolved,https://apps.bea.gov/industry/xls/io-annual/Supply_2017_DET.xlsx,7a3a403f7a7e8335e61776c1da6c423409d54090acaee597bbae738fa9a6703e,none
541100,541100,0.9462322952504356,False,basic_price,2017,2017,USD,2024,resolved,https://apps.bea.gov/industry/xls/io-annual/Supply_2017_DET.xlsx,7a3a403f7a7e8335e61776c1da6c423409d54090acaee597bbae738fa9a6703e,none
541100,541100,0.010779232384611948,True,foreign_import,2017,2017,USD,2024,resolved,https://apps.bea.gov/industry/xls/io-annual/Supply_2017_DET.xlsx,7a3a403f7a7e8335e61776c1da6c423409d54090acaee597bbae738fa9a6703e,none
541100,541100,0.042988472364952415,True,product_tax,2017,2017,USD,2024,resolved,https://apps.bea.gov/industry/xls/io-annual/Supply_2017_DET.xlsx,7a3a403f7a7e8335e61776c1da6c423409d54090acaee597bbae738fa9a6703e,none
541511,541511,0.9474537890357575,False,basic_price,2017,2017,USD,2024,resolved,https://apps.bea.gov/industry/xls/io-annual/Supply_2017_DET.xlsx,7a3a403f7a7e8335e61776c1da6c423409d54090acaee597bbae738fa9a6703e,none
541511,541511,0.04652869204978321,True,foreign_import,2017,2017,USD,2024,resolved,https://apps.bea.gov/industry/xls/io-annual/Supply_2017_DET.xlsx,7a3a403f7a7e8335e61776c1da6c423409d54090acaee597bbae738fa9a6703e,none
541511,541511,0.006017518914459248,True,product_tax,2017,2017,USD,2024,resolved,https://apps.bea.gov/industry/xls/io-annual/Supply_2017_DET.xlsx,7a3a403f7a7e8335e61776c1da6c423409d54090acaee597bbae738fa9a6703e,none
541512,541512,0.9273188312890864,False,basic_price,2017,2017,USD,2024,resolved,https://apps.bea.gov/industry/xls/io-annual/Supply_2017_DET.xlsx,7a3a403f7a7e8335e61776c1da6c423409d54090acaee597bbae738fa9a6703e,none
541512,541512,0.06328855459160174,True,foreign_import,2017,2017,USD,2024,resolved,https://apps.bea.gov/industry/xls/io-annual/Supply_2017_DET.xlsx,7a3a403f7a7e8335e61776c1da6c423409d54090acaee597bbae738fa9a6703e,none
541512,541512,0.009392614119311842,True,product_tax,2017,2017,USD,2024,resolved,https://apps.bea.gov/industry/xls/io-annual/Supply_2017_DET.xlsx,7a3a403f7a7e8335e61776c1da6c423409d54090acaee597bbae738fa9a6703e,none
54151A,54151A,0.8821804788213629,False,basic_price,2017,2017,USD,2024,resolved,https://apps.bea.gov/industry/xls/io-annual/Supply_2017_DET.xlsx,7a3a403f7a7e8335e61776c1da6c423409d54090acaee597bbae738fa9a6703e,none
54151A,54151A,0.11141068139963169,True,foreign_import,2017,2017,USD,2024,resolved,https://apps.bea.gov/industry/xls/io-annual/Supply_2017_DET.xlsx,7a3a403f7a7e8335e61776c1da6c423409d54090acaee597bbae738fa9a6703e,none
54151A,54151A,0.006408839779005525,True,product_tax,2017,2017,USD,2024,resolved,https://apps.bea.gov/industry/xls/io-annual/Supply_2017_DET.xlsx,7a3a403f7a7e8335e61776c1da6c423409d54090acaee597bbae738fa9a6703e,none
541200,541200,0.9790207485291452,False,basic_price,2017,2017,USD,2024,resolved,https://apps.bea.gov/industry/xls/io-annual/Supply_2017_DET.xlsx,7a3a403f7a7e8335e61776c1da6c423409d54090acaee597bbae738fa9a6703e,none
541200,541200,0.01850173316413696,True,foreign_import,2017,2017,USD,2024,resolved,https://apps.bea.gov/industry/xls/io-annual/Supply_2017_DET.xlsx,7a3a403f7a7e8335e61776c1da6c423409d54090acaee597bbae738fa9a6703e,none
541200,541200,0.0024775183067178652,True,product_tax,2017,2017,USD,2024,resolved,https://apps.bea.gov/industry/xls/io-annual/Supply_2017_DET.xlsx,7a3a403f7a7e8335e61776c1da6c423409d54090acaee597bbae738fa9a6703e,none
541300,541300,0.9553077664594032,False,basic_price,2017,2017,USD,2024,resolved,https://apps.bea.gov/industry/xls/io-annual/Supply_2017_DET.xlsx,7a3a403f7a7e8335e61776c1da6c423409d54090acaee597bbae738fa9a6703e,none
541300,541300,0.04117739907887097,True,foreign_import,2017,2017,USD,2024,resolved,https://apps.bea.gov/industry/xls/io-annual/Supply_2017_DET.xlsx,7a3a403f7a7e8335e61776c1da6c423409d54090acaee597bbae738fa9a6703e,none
541300,541300,0.0035148344617257922,True,product_tax,2017,2017,USD,2024,resolved,https://apps.bea.gov/industry/xls/io-annual/Supply_2017_DET.xlsx,7a3a403f7a7e8335e61776c1da6c423409d54090acaee597bbae738fa9a6703e,none
541610,541610,0.8640003409260404,False,basic_price,2017,2017,USD,2024,resolved,https://apps.bea.gov/industry/xls/io-annual/Supply_2017_DET.xlsx,7a3a403f7a7e8335e61776c1da6c423409d54090acaee597bbae738fa9a6703e,none
541610,541610,0.13356203788540624,True,foreign_import,2017,2017,USD,2024,resolved,https://apps.bea.gov/industry/xls/io-annual/Supply_2017_DET.xlsx,7a3a403f7a7e8335e61776c1da6c423409d54090acaee597bbae738fa9a6703e,none
541610,541610,0.002437621188553408,True,product_tax,2017,2017,USD,2024,resolved,https://apps.bea.gov/industry/xls/io-annual/Supply_2017_DET.xlsx,7a3a403f7a7e8335e61776c1da6c423409d54090acaee597bbae738fa9a6703e,none
5416A0,5416A0,0.9981498452440648,False,basic_price,2017,2017,USD,2024,resolved,https://apps.bea.gov/industry/xls/io-annual/Supply_2017_DET.xlsx,7a3a403f7a7e8335e61776c1da6c423409d54090acaee597bbae738fa9a6703e,none
5416A0,5416A0,0.0018501547559351926,True,product_tax,2017,2017,USD,2024,resolved,https://apps.bea.gov/industry/xls/io-annual/Supply_2017_DET.xlsx,7a3a403f7a7e8335e61776c1da6c423409d54090acaee597bbae738fa9a6703e,none
541700,541700,0.952332721402798,False,basic_price,2017,2017,USD,2024,resolved,https://apps.bea.gov/industry/xls/io-annual/Supply_2017_DET.xlsx,7a3a403f7a7e8335e61776c1da6c423409d54090acaee597bbae738fa9a6703e,none
541700,541700,0.047605519417857976,True,foreign_import,2017,2017,USD,2024,resolved,https://apps.bea.gov/industry/xls/io-annual/Supply_2017_DET.xlsx,7a3a403f7a7e8335e61776c1da6c423409d54090acaee597bbae738fa9a6703e,none
541700,541700,6.175917934402488e-05,True,product_tax,2017,2017,USD,2024,resolved,https://apps.bea.gov/industry/xls/io-annual/Supply_2017_DET.xlsx,7a3a403f7a7e8335e61776c1da6c423409d54090acaee597bbae738fa9a6703e,none
541800,541800,0.9744680851063829,False,basic_price,2017,2017,USD,2024,resolved,https://apps.bea.gov/industry/xls/io-annual/Supply_2017_DET.xlsx,7a3a403f7a7e8335e61776c1da6c423409d54090acaee597bbae738fa9a6703e,none
541800,541800,0.01837920267228233,True,foreign_import,2017,2017,USD,2024,resolved,https://apps.bea.gov/industry/xls/io-annual/Supply_2017_DET.xlsx,7a3a403f7a7e8335e61776c1da6c423409d54090acaee597bbae738fa9a6703e,none
541800,541800,0.007152712221334689,True,product_tax,2017,2017,USD,2024,resolved,https://apps.bea.gov/industry/xls/io-annual/Supply_2017_DET.xlsx,7a3a403f7a7e8335e61776c1da6c423409d54090acaee597bbae738fa9a6703e,none
541400,541400,0.9649229147450257,False,basic_price,2017,2017,USD,2024,resolved,https://apps.bea.gov/industry/xls/io-annual/Supply_2017_DET.xlsx,7a3a403f7a7e8335e61776c1da6c423409d54090acaee597bbae738fa9a6703e,none
541400,541400,0.0090393991303202,True,foreign_import,2017,2017,USD,2024,resolved,https://apps.bea.gov/industry/xls/io-annual/Supply_2017_DET.xlsx,7a3a403f7a7e8335e61776c1da6c423409d54090acaee597bbae738fa9a6703e,none
541400,541400,0.026037686124654104,True,product_tax,2017,2017,USD,2024,resolved,https://apps.bea.gov/industry/xls/io-annual/Supply_2017_DET.xlsx,7a3a403f7a7e8335e61776c1da6c423409d54090acaee597bbae738fa9a6703e,none
541920,541920,0.9467329002674818,False,basic_price,2017,2017,USD,2024,resolved,https://apps.bea.gov/industry/xls/io-annual/Supply_2017_DET.xlsx,7a3a403f7a7e8335e61776c1da6c423409d54090acaee597bbae738fa9a6703e,none
541920,541920,0.019717233473442872,True,foreign_import,2017,2017,USD,2024,resolved,https://apps.bea.gov/industry/xls/io-annual/Supply_2017_DET.xlsx,7a3a403f7a7e8335e61776c1da6c423409d54090acaee597bbae738fa9a6703e,none
541920,541920,0.03354986625907528,True,product_tax,2017,2017,USD,2024,resolved,https://apps.bea.gov/industry/xls/io-annual/Supply_2017_DET.xlsx,7a3a403f7a7e8335e61776c1da6c423409d54090acaee597bbae738fa9a6703e,none
541940,541940,1.0,False,basic_price,2017,2017,USD,2024,resolved,https://apps.bea.gov/industry/xls/io-annual/Supply_2017_DET.xlsx,7a3a403f7a7e8335e61776c1da6c423409d54090acaee597bbae738fa9a6703e,none
5419A0,5419A0,0.9668806918692262,False,basic_price,2017,2017,USD,2024,resolved,https://apps.bea.gov/industry/xls/io-annual/Supply_2017_DET.xlsx,7a3a403f7a7e8335e61776c1da6c423409d54090acaee597bbae738fa9a6703e,none
5419A0,5419A0,0.031841708707331454,True,foreign_import,2017,2017,USD,2024,resolved,https://apps.bea.gov/industry/xls/io-annual/Supply_2017_DET.xlsx,7a3a403f7a7e8335e61776c1da6c423409d54090acaee597bbae738fa9a6703e,none
5419A0,5419A0,0.0012775994234423115,True,product_tax,2017,2017,USD,2024,resolved,https://apps.bea.gov/industry/xls/io-annual/Supply_2017_DET.xlsx,7a3a403f7a7e8335e61776c1da6c423409d54090acaee597bbae738fa9a6703e,none
550000,550000,0.9972656603910341,False,basic_price,2017,2017,USD,2024,resolved,https://apps.bea.gov/industry/xls/io-annual/Supply_2017_DET.xlsx,7a3a403f7a7e8335e61776c1da6c423409d54090acaee597bbae738fa9a6703e,none
550000,550000,0.0027343396089658796,True,product_tax,2017,2017,USD,2024,resolved,https://apps.bea.gov/industry/xls/io-annual/Supply_2017_DET.xlsx,7a3a403f7a7e8335e61776c1da6c423409d54090acaee597bbae738fa9a6703e,none
561300,561300,0.9938341868153237,False,basic_price,2017,2017,USD,2024,resolved,https://apps.bea.gov/industry/xls/io-annual/Supply_2017_DET.xlsx,7a3a403f7a7e8335e61776c1da6c423409d54090acaee597bbae738fa9a6703e,none
561300,561300,0.00411745640759707,True,foreign_import,2017,2017,USD,2024,resolved,https://apps.bea.gov/industry/xls/io-annual/Supply_2017_DET.xlsx,7a3a403f7a7e8335e61776c1da6c423409d54090acaee597bbae738fa9a6703e,none
561300,561300,0.002048356777079147,True,product_tax,2017,2017,USD,2024,resolved,https://apps.bea.gov/industry/xls/io-annual/Supply_2017_DET.xlsx,7a3a403f7a7e8335e61776c1da6c423409d54090acaee597bbae738fa9a6703e,none
561700,561700,0.9871264125039604,False,basic_price,2017,2017,USD,2024,resolved,https://apps.bea.gov/industry/xls/io-annual/Supply_2017_DET.xlsx,7a3a403f7a7e8335e61776c1da6c423409d54090acaee597bbae738fa9a6703e,none
561700,561700,0.01287358749603971,True,product_tax,2017,2017,USD,2024,resolved,https://apps.bea.gov/industry/xls/io-annual/Supply_2017_DET.xlsx,7a3a403f7a7e8335e61776c1da6c423409d54090acaee597bbae738fa9a6703e,none
561100,561100,0.9956929379940647,False,basic_price,2017,2017,USD,2024,resolved,https://apps.bea.gov/industry/xls/io-annual/Supply_2017_DET.xlsx,7a3a403f7a7e8335e61776c1da6c423409d54090acaee597bbae738fa9a6703e,none
561100,561100,0.004307062005935341,True,product_tax,2017,2017,USD,2024,resolved,https://apps.bea.gov/industry/xls/io-annual/Supply_2017_DET.xlsx,7a3a403f7a7e8335e61776c1da6c423409d54090acaee597bbae738fa9a6703e,none
561200,561200,0.9966072438320288,False,basic_price,2017,2017,USD,2024,resolved,https://apps.bea.gov/industry/xls/io-annual/Supply_2017_DET.xlsx,7a3a403f7a7e8335e61776c1da6c423409d54090acaee597bbae738fa9a6703e,none
561200,561200,0.0033927561679711915,True,product_tax,2017,2017,USD,2024,resolved,https://apps.bea.gov/industry/xls/io-annual/Supply_2017_DET.xlsx,7a3a403f7a7e8335e61776c1da6c423409d54090acaee597bbae738fa9a6703e,none
561400,561400,0.9884045128382467,False,basic_price,2017,2017,USD,2024,resolved,https://apps.bea.gov/industry/xls/io-annual/Supply_2017_DET.xlsx,7a3a403f7a7e8335e61776c1da6c423409d54090acaee597bbae738fa9a6703e,none
561400,561400,0.0014696982795884845,True,foreign_import,2017,2017,USD,2024,resolved,https://apps.bea.gov/industry/xls/io-annual/Supply_2017_DET.xlsx,7a3a403f7a7e8335e61776c1da6c423409d54090acaee597bbae738fa9a6703e,none
561400,561400,0.010125788882164779,True,product_tax,2017,2017,USD,2024,resolved,https://apps.bea.gov/industry/xls/io-annual/Supply_2017_DET.xlsx,7a3a403f7a7e8335e61776c1da6c423409d54090acaee597bbae738fa9a6703e,none
561500,561500,0.9948808412023106,False,basic_price,2017,2017,USD,2024,resolved,https://apps.bea.gov/industry/xls/io-annual/Supply_2017_DET.xlsx,7a3a403f7a7e8335e61776c1da6c423409d54090acaee597bbae738fa9a6703e,none
561500,561500,0.0013662619764103628,True,foreign_import,2017,2017,USD,2024,resolved,https://apps.bea.gov/industry/xls/io-annual/Supply_2017_DET.xlsx,7a3a403f7a7e8335e61776c1da6c423409d54090acaee597bbae738fa9a6703e,none
561500,561500,0.003752896821279098,True,product_tax,2017,2017,USD,2024,resolved,https://apps.bea.gov/industry/xls/io-annual/Supply_2017_DET.xlsx,7a3a403f7a7e8335e61776c1da6c423409d54090acaee597bbae738fa9a6703e,none
561600,561600,0.9822255137937419,False,basic_price,2017,2017,USD,2024,resolved,https://apps.bea.gov/industry/xls/io-annual/Supply_2017_DET.xlsx,7a3a403f7a7e8335e61776c1da6c423409d54090acaee597bbae738fa9a6703e,none
561600,561600,0.0019227208636577273,True,foreign_import,2017,2017,USD,2024,resolved,https://apps.bea.gov/industry/xls/io-annual/Supply_2017_DET.xlsx,7a3a403f7a7e8335e61776c1da6c423409d54090acaee597bbae738fa9a6703e,none
561600,561600,0.015851765342600372,True,product_tax,2017,2017,USD,2024,resolved,https://apps.bea.gov/industry/xls/io-annual/Supply_2017_DET.xlsx,7a3a403f7a7e8335e61776c1da6c423409d54090acaee597bbae738fa9a6703e,none
561900,561900,0.9904134039613082,False,basic_price,2017,2017,USD,2024,resolved,https://apps.bea.gov/industry/xls/io-annual/Supply_2017_DET.xlsx,7a3a403f7a7e8335e61776c1da6c423409d54090acaee597bbae738fa9a6703e,none
561900,561900,0.009586596038691846,True,product_tax,2017,2017,USD,2024,resolved,https://apps.bea.gov/industry/xls/io-annual/Supply_2017_DET.xlsx,7a3a403f7a7e8335e61776c1da6c423409d54090acaee597bbae738fa9a6703e,none
562000,562000,0.9850887254571217,False,basic_price,2017,2017,USD,2024,resolved,https://apps.bea.gov/industry/xls/io-annual/Supply_2017_DET.xlsx,7a3a403f7a7e8335e61776c1da6c423409d54090acaee597bbae738fa9a6703e,none
562000,562000,0.0017542675932798056,True,foreign_import,2017,2017,USD,2024,resolved,https://apps.bea.gov/industry/xls/io-annual/Supply_2017_DET.xlsx,7a3a403f7a7e8335e61776c1da6c423409d54090acaee597bbae738fa9a6703e,none
562000,562000,0.013157006949598543,True,product_tax,2017,2017,USD,2024,resolved,https://apps.bea.gov/industry/xls/io-annual/Supply_2017_DET.xlsx,7a3a403f7a7e8335e61776c1da6c423409d54090acaee597bbae738fa9a6703e,none
611100,611100,1.0,False,basic_price,2017,2017,USD,2024,resolved,https://apps.bea.gov/industry/xls/io-annual/Supply_2017_DET.xlsx,7a3a403f7a7e8335e61776c1da6c423409d54090acaee597bbae738fa9a6703e,none
611A00,611A00,0.9960640167849865,False,basic_price,2017,2017,USD,2024,resolved,https://apps.bea.gov/industry/xls/io-annual/Supply_2017_DET.xlsx,7a3a403f7a7e8335e61776c1da6c423409d54090acaee597bbae738fa9a6703e,none
611A00,611A00,0.003935983215013593,True,foreign_import,2017,2017,USD,2024,resolved,https://apps.bea.gov/industry/xls/io-annual/Supply_2017_DET.xlsx,7a3a403f7a7e8335e61776c1da6c423409d54090acaee597bbae738fa9a6703e,none
611B00,611B00,0.984860607575947,False,basic_price,2017,2017,USD,2024,resolved,https://apps.bea.gov/industry/xls/io-annual/Supply_2017_DET.xlsx,7a3a403f7a7e8335e61776c1da6c423409d54090acaee597bbae738fa9a6703e,none
611B00,611B00,0.00936367045880735,True,foreign_import,2017,2017,USD,2024,resolved,https://apps.bea.gov/industry/xls/io-annual/Supply_2017_DET.xlsx,7a3a403f7a7e8335e61776c1da6c423409d54090acaee597bbae738fa9a6703e,none
611B00,611B00,0.005775721965245656,True,product_tax,2017,2017,USD,2024,resolved,https://apps.bea.gov/industry/xls/io-annual/Supply_2017_DET.xlsx,7a3a403f7a7e8335e61776c1da6c423409d54090acaee597bbae738fa9a6703e,none
621100,621100,0.9999715509025476,False,basic_price,2017,2017,USD,2024,resolved,https://apps.bea.gov/industry/xls/io-annual/Supply_2017_DET.xlsx,7a3a403f7a7e8335e61776c1da6c423409d54090acaee597bbae738fa9a6703e,none
621100,621100,2.8449097452383323e-05,True,foreign_import,2017,2017,USD,2024,resolved,https://apps.bea.gov/industry/xls/io-annual/Supply_2017_DET.xlsx,7a3a403f7a7e8335e61776c1da6c423409d54090acaee597bbae738fa9a6703e,none
621200,621200,0.9998840938067457,False,basic_price,2017,2017,USD,2024,resolved,https://apps.bea.gov/industry/xls/io-annual/Supply_2017_DET.xlsx,7a3a403f7a7e8335e61776c1da6c423409d54090acaee597bbae738fa9a6703e,none
621200,621200,0.00011590619325425956,True,foreign_import,2017,2017,USD,2024,resolved,https://apps.bea.gov/industry/xls/io-annual/Supply_2017_DET.xlsx,7a3a403f7a7e8335e61776c1da6c423409d54090acaee597bbae738fa9a6703e,none
621300,621300,0.9998470308691706,False,basic_price,2017,2017,USD,2024,resolved,https://apps.bea.gov/industry/xls/io-annual/Supply_2017_DET.xlsx,7a3a403f7a7e8335e61776c1da6c423409d54090acaee597bbae738fa9a6703e,none
621300,621300,0.00015296913082939862,True,foreign_import,2017,2017,USD,2024,resolved,https://apps.bea.gov/industry/xls/io-annual/Supply_2017_DET.xlsx,7a3a403f7a7e8335e61776c1da6c423409d54090acaee597bbae738fa9a6703e,none
621400,621400,0.9990972284914688,False,basic_price,2017,2017,USD,2024,resolved,https://apps.bea.gov/industry/xls/io-annual/Supply_2017_DET.xlsx,7a3a403f7a7e8335e61776c1da6c423409d54090acaee597bbae738fa9a6703e,none
621400,621400,8.425867412957781e-05,True,foreign_import,2017,2017,USD,2024,resolved,https://apps.bea.gov/industry/xls/io-annual/Supply_2017_DET.xlsx,7a3a403f7a7e8335e61776c1da6c423409d54090acaee597bbae738fa9a6703e,none
621400,621400,0.0008185128344016129,True,product_tax,2017,2017,USD,2024,resolved,https://apps.bea.gov/industry/xls/io-annual/Supply_2017_DET.xlsx,7a3a403f7a7e8335e61776c1da6c423409d54090acaee597bbae738fa9a6703e,none
621500,621500,0.9987849552065576,False,basic_price,2017,2017,USD,2024,resolved,https://apps.bea.gov/industry/xls/io-annual/Supply_2017_DET.xlsx,7a3a403f7a7e8335e61776c1da6c423409d54090acaee597bbae738fa9a6703e,none
621500,621500,0.0002538899568387073,True,foreign_import,2017,2017,USD,2024,resolved,https://apps.bea.gov/industry/xls/io-annual/Supply_2017_DET.xlsx,7a3a403f7a7e8335e61776c1da6c423409d54090acaee597bbae738fa9a6703e,none
621500,621500,0.0009611548366036778,True,product_tax,2017,2017,USD,2024,resolved,https://apps.bea.gov/industry/xls/io-annual/Supply_2017_DET.xlsx,7a3a403f7a7e8335e61776c1da6c423409d54090acaee597bbae738fa9a6703e,none
621600,621600,0.9987362591412138,False,basic_price,2017,2017,USD,2024,resolved,https://apps.bea.gov/industry/xls/io-annual/Supply_2017_DET.xlsx,7a3a403f7a7e8335e61776c1da6c423409d54090acaee597bbae738fa9a6703e,none
621600,621600,0.0001300909707574082,True,foreign_import,2017,2017,USD,2024,resolved,https://apps.bea.gov/industry/xls/io-annual/Supply_2017_DET.xlsx,7a3a403f7a7e8335e61776c1da6c423409d54090acaee597bbae738fa9a6703e,none
621600,621600,0.001133649888028843,True,product_tax,2017,2017,USD,2024,resolved,https://apps.bea.gov/industry/xls/io-annual/Supply_2017_DET.xlsx,7a3a403f7a7e8335e61776c1da6c423409d54090acaee597bbae738fa9a6703e,none
621900,621900,0.9981266185464764,False,basic_price,2017,2017,USD,2024,resolved,https://apps.bea.gov/industry/xls/io-annual/Supply_2017_DET.xlsx,7a3a403f7a7e8335e61776c1da6c423409d54090acaee597bbae738fa9a6703e,none
621900,621900,0.00041324590886550225,True,foreign_import,2017,2017,USD,2024,resolved,https://apps.bea.gov/industry/xls/io-annual/Supply_2017_DET.xlsx,7a3a403f7a7e8335e61776c1da6c423409d54090acaee597bbae738fa9a6703e,none
621900,621900,0.0014601355446581079,True,product_tax,2017,2017,USD,2024,resolved,https://apps.bea.gov/industry/xls/io-annual/Supply_2017_DET.xlsx,7a3a403f7a7e8335e61776c1da6c423409d54090acaee597bbae738fa9a6703e,none
622000,622000,0.9941090812188929,False,basic_price,2017,2017,USD,2024,resolved,https://apps.bea.gov/industry/xls/io-annual/Supply_2017_DET.xlsx,7a3a403f7a7e8335e61776c1da6c423409d54090acaee597bbae738fa9a6703e,none
622000,622000,0.004193759632748368,True,foreign_import,2017,2017,USD,2024,resolved,https://apps.bea.gov/industry/xls/io-annual/Supply_2017_DET.xlsx,7a3a403f7a7e8335e61776c1da6c423409d54090acaee597bbae738fa9a6703e,none
622000,622000,0.0016971591483587356,True,product_tax,2017,2017,USD,2024,resolved,https://apps.bea.gov/industry/xls/io-annual/Supply_2017_DET.xlsx,7a3a403f7a7e8335e61776c1da6c423409d54090acaee597bbae738fa9a6703e,none
623A00,623A00,0.9870077953228064,False,basic_price,2017,2017,USD,2024,resolved,https://apps.bea.gov/industry/xls/io-annual/Supply_2017_DET.xlsx,7a3a403f7a7e8335e61776c1da6c423409d54090acaee597bbae738fa9a6703e,none
623A00,623A00,7.364002651040954e-05,True,foreign_import,2017,2017,USD,2024,resolved,https://apps.bea.gov/industry/xls/io-annual/Supply_2017_DET.xlsx,7a3a403f7a7e8335e61776c1da6c423409d54090acaee597bbae738fa9a6703e,none
623A00,623A00,0.012918564650683275,True,product_tax,2017,2017,USD,2024,resolved,https://apps.bea.gov/industry/xls/io-annual/Supply_2017_DET.xlsx,7a3a403f7a7e8335e61776c1da6c423409d54090acaee597bbae738fa9a6703e,none
623B00,623B00,0.9936128186668144,False,basic_price,2017,2017,USD,2024,resolved,https://apps.bea.gov/industry/xls/io-annual/Supply_2017_DET.xlsx,7a3a403f7a7e8335e61776c1da6c423409d54090acaee597bbae738fa9a6703e,none
623B00,623B00,0.000276900924849089,True,foreign_import,2017,2017,USD,2024,resolved,https://apps.bea.gov/industry/xls/io-annual/Supply_2017_DET.xlsx,7a3a403f7a7e8335e61776c1da6c423409d54090acaee597bbae738fa9a6703e,none
623B00,623B00,0.006110280408336564,True,product_tax,2017,2017,USD,2024,resolved,https://apps.bea.gov/industry/xls/io-annual/Supply_2017_DET.xlsx,7a3a403f7a7e8335e61776c1da6c423409d54090acaee597bbae738fa9a6703e,none
624100,624100,0.9964747876458135,False,basic_price,2017,2017,USD,2024,resolved,https://apps.bea.gov/industry/xls/io-annual/Supply_2017_DET.xlsx,7a3a403f7a7e8335e61776c1da6c423409d54090acaee597bbae738fa9a6703e,none
624100,624100,0.003525212354186411,True,product_tax,2017,2017,USD,2024,resolved,https://apps.bea.gov/industry/xls/io-annual/Supply_2017_DET.xlsx,7a3a403f7a7e8335e61776c1da6c423409d54090acaee597bbae738fa9a6703e,none
624400,624400,0.9933393832508604,False,basic_price,2017,2017,USD,2024,resolved,https://apps.bea.gov/industry/xls/io-annual/Supply_2017_DET.xlsx,7a3a403f7a7e8335e61776c1da6c423409d54090acaee597bbae738fa9a6703e,none
624400,624400,0.006660616749139599,True,product_tax,2017,2017,USD,2024,resolved,https://apps.bea.gov/industry/xls/io-annual/Supply_2017_DET.xlsx,7a3a403f7a7e8335e61776c1da6c423409d54090acaee597bbae738fa9a6703e,none
624A00,624A00,0.9994222053698788,False,basic_price,2017,2017,USD,2024,resolved,https://apps.bea.gov/industry/xls/io-annual/Supply_2017_DET.xlsx,7a3a403f7a7e8335e61776c1da6c423409d54090acaee597bbae738fa9a6703e,none
624A00,624A00,0.0005777946301211563,True,product_tax,2017,2017,USD,2024,resolved,https://apps.bea.gov/industry/xls/io-annual/Supply_2017_DET.xlsx,7a3a403f7a7e8335e61776c1da6c423409d54090acaee597bbae738fa9a6703e,none
711100,711100,0.965255735679441,False,basic_price,2017,2017,USD,2024,resolved,https://apps.bea.gov/industry/xls/io-annual/Supply_2017_DET.xlsx,7a3a403f7a7e8335e61776c1da6c423409d54090acaee597bbae738fa9a6703e,none
711100,711100,0.009202650022367552,True,foreign_import,2017,2017,USD,2024,resolved,https://apps.bea.gov/industry/xls/io-annual/Supply_2017_DET.xlsx,7a3a403f7a7e8335e61776c1da6c423409d54090acaee597bbae738fa9a6703e,none
711100,711100,0.02554161429819142,True,product_tax,2017,2017,USD,2024,resolved,https://apps.bea.gov/industry/xls/io-annual/Supply_2017_DET.xlsx,7a3a403f7a7e8335e61776c1da6c423409d54090acaee597bbae738fa9a6703e,none
711200,711200,0.9508999187721773,False,basic_price,2017,2017,USD,2024,resolved,https://apps.bea.gov/industry/xls/io-annual/Supply_2017_DET.xlsx,7a3a403f7a7e8335e61776c1da6c423409d54090acaee597bbae738fa9a6703e,none
711200,711200,0.011671155572656149,True,foreign_import,2017,2017,USD,2024,resolved,https://apps.bea.gov/industry/xls/io-annual/Supply_2017_DET.xlsx,7a3a403f7a7e8335e61776c1da6c423409d54090acaee597bbae738fa9a6703e,none
711200,711200,0.03742892565516652,True,product_tax,2017,2017,USD,2024,resolved,https://apps.bea.gov/industry/xls/io-annual/Supply_2017_DET.xlsx,7a3a403f7a7e8335e61776c1da6c423409d54090acaee597bbae738fa9a6703e,none
711500,711500,0.9685033374787442,False,basic_price,2017,2017,USD,2024,resolved,https://apps.bea.gov/industry/xls/io-annual/Supply_2017_DET.xlsx,7a3a403f7a7e8335e61776c1da6c423409d54090acaee597bbae738fa9a6703e,none
711500,711500,0.03149666252125581,True,product_tax,2017,2017,USD,2024,resolved,https://apps.bea.gov/industry/xls/io-annual/Supply_2017_DET.xlsx,7a3a403f7a7e8335e61776c1da6c423409d54090acaee597bbae738fa9a6703e,none
711A00,711A00,0.9593419577665344,False,basic_price,2017,2017,USD,2024,resolved,https://apps.bea.gov/industry/xls/io-annual/Supply_2017_DET.xlsx,7a3a403f7a7e8335e61776c1da6c423409d54090acaee597bbae738fa9a6703e,none
711A00,711A00,0.010512921501499682,True,foreign_import,2017,2017,USD,2024,resolved,https://apps.bea.gov/industry/xls/io-annual/Supply_2017_DET.xlsx,7a3a403f7a7e8335e61776c1da6c423409d54090acaee597bbae738fa9a6703e,none
711A00,711A00,0.030145120731965947,True,product_tax,2017,2017,USD,2024,resolved,https://apps.bea.gov/industry/xls/io-annual/Supply_2017_DET.xlsx,7a3a403f7a7e8335e61776c1da6c423409d54090acaee597bbae738fa9a6703e,none
712000,712000,0.984358805238858,False,basic_price,2017,2017,USD,2024,resolved,https://apps.bea.gov/industry/xls/io-annual/Supply_2017_DET.xlsx,7a3a403f7a7e8335e61776c1da6c423409d54090acaee597bbae738fa9a6703e,none
712000,712000,0.015641194761141997,True,product_tax,2017,2017,USD,2024,resolved,https://apps.bea.gov/industry/xls/io-annual/Supply_2017_DET.xlsx,7a3a403f7a7e8335e61776c1da6c423409d54090acaee597bbae738fa9a6703e,none
713100,713100,0.8801061301199491,False,basic_price,2017,2017,USD,2024,resolved,https://apps.bea.gov/industry/xls/io-annual/Supply_2017_DET.xlsx,7a3a403f7a7e8335e61776c1da6c423409d54090acaee597bbae738fa9a6703e,none
713100,713100,0.11989386988005085,True,product_tax,2017,2017,USD,2024,resolved,https://apps.bea.gov/industry/xls/io-annual/Supply_2017_DET.xlsx,7a3a403f7a7e8335e61776c1da6c423409d54090acaee597bbae738fa9a6703e,none
713200,S00203,0.9714655133978332,False,basic_price,2017,2017,USD,2024,resolved,https://apps.bea.gov/industry/xls/io-annual/Supply_2017_DET.xlsx,7a3a403f7a7e8335e61776c1da6c423409d54090acaee597bbae738fa9a6703e,none
713200,S00203,0.02853448660216684,True,product_tax,2017,2017,USD,2024,resolved,https://apps.bea.gov/industry/xls/io-annual/Supply_2017_DET.xlsx,7a3a403f7a7e8335e61776c1da6c423409d54090acaee597bbae738fa9a6703e,none
713900,713900,0.9496003346035877,False,basic_price,2017,2017,USD,2024,resolved,https://apps.bea.gov/industry/xls/io-annual/Supply_2017_DET.xlsx,7a3a403f7a7e8335e61776c1da6c423409d54090acaee597bbae738fa9a6703e,none
713900,713900,0.05039966539641231,True,product_tax,2017,2017,USD,2024,resolved,https://apps.bea.gov/industry/xls/io-annual/Supply_2017_DET.xlsx,7a3a403f7a7e8335e61776c1da6c423409d54090acaee597bbae738fa9a6703e,none
721000,721000,0.922807106406149,False,basic_price,2017,2017,USD,2024,resolved,https://apps.bea.gov/industry/xls/io-annual/Supply_2017_DET.xlsx,7a3a403f7a7e8335e61776c1da6c423409d54090acaee597bbae738fa9a6703e,none
721000,721000,0.07719289359385091,True,product_tax,2017,2017,USD,2024,resolved,https://apps.bea.gov/industry/xls/io-annual/Supply_2017_DET.xlsx,7a3a403f7a7e8335e61776c1da6c423409d54090acaee597bbae738fa9a6703e,none
722110,722110,0.933692754119776,False,basic_price,2017,2017,USD,2024,resolved,https://apps.bea.gov/industry/xls/io-annual/Supply_2017_DET.xlsx,7a3a403f7a7e8335e61776c1da6c423409d54090acaee597bbae738fa9a6703e,none
722110,722110,0.066307245880224,True,product_tax,2017,2017,USD,2024,resolved,https://apps.bea.gov/industry/xls/io-annual/Supply_2017_DET.xlsx,7a3a403f7a7e8335e61776c1da6c423409d54090acaee597bbae738fa9a6703e,none
722211,722211,0.9277762192714503,False,basic_price,2017,2017,USD,2024,resolved,https://apps.bea.gov/industry/xls/io-annual/Supply_2017_DET.xlsx,7a3a403f7a7e8335e61776c1da6c423409d54090acaee597bbae738fa9a6703e,none
722211,722211,0.07222378072854976,True,product_tax,2017,2017,USD,2024,resolved,https://apps.bea.gov/industry/xls/io-annual/Supply_2017_DET.xlsx,7a3a403f7a7e8335e61776c1da6c423409d54090acaee597bbae738fa9a6703e,none
722A00,722A00,0.9543249539898512,False,basic_price,2017,2017,USD,2024,resolved,https://apps.bea.gov/industry/xls/io-annual/Supply_2017_DET.xlsx,7a3a403f7a7e8335e61776c1da6c423409d54090acaee597bbae738fa9a6703e,none
722A00,722A00,0.04567504601014883,True,product_tax,2017,2017,USD,2024,resolved,https://apps.bea.gov/industry/xls/io-annual/Supply_2017_DET.xlsx,7a3a403f7a7e8335e61776c1da6c423409d54090acaee597bbae738fa9a6703e,none
811100,811100,0.9559976323442365,False,basic_price,2017,2017,USD,2024,resolved,https://apps.bea.gov/industry/xls/io-annual/Supply_2017_DET.xlsx,7a3a403f7a7e8335e61776c1da6c423409d54090acaee597bbae738fa9a6703e,none
811100,811100,0.04400236765576344,True,product_tax,2017,2017,USD,2024,resolved,https://apps.bea.gov/industry/xls/io-annual/Supply_2017_DET.xlsx,7a3a403f7a7e8335e61776c1da6c423409d54090acaee597bbae738fa9a6703e,none
811200,811200,0.9761107035942983,False,basic_price,2017,2017,USD,2024,resolved,https://apps.bea.gov/industry/xls/io-annual/Supply_2017_DET.xlsx,7a3a403f7a7e8335e61776c1da6c423409d54090acaee597bbae738fa9a6703e,none
811200,811200,0.023889296405701713,True,product_tax,2017,2017,USD,2024,resolved,https://apps.bea.gov/industry/xls/io-annual/Supply_2017_DET.xlsx,7a3a403f7a7e8335e61776c1da6c423409d54090acaee597bbae738fa9a6703e,none
811300,811300,0.9834937672589981,False,basic_price,2017,2017,USD,2024,resolved,https://apps.bea.gov/industry/xls/io-annual/Supply_2017_DET.xlsx,7a3a403f7a7e8335e61776c1da6c423409d54090acaee597bbae738fa9a6703e,none
811300,811300,0.01650623274100192,True,product_tax,2017,2017,USD,2024,resolved,https://apps.bea.gov/industry/xls/io-annual/Supply_2017_DET.xlsx,7a3a403f7a7e8335e61776c1da6c423409d54090acaee597bbae738fa9a6703e,none
811400,811400,0.8836712557363371,False,basic_price,2017,2017,USD,2024,resolved,https://apps.bea.gov/industry/xls/io-annual/Supply_2017_DET.xlsx,7a3a403f7a7e8335e61776c1da6c423409d54090acaee597bbae738fa9a6703e,none
811400,811400,0.07988318731748019,True,foreign_import,2017,2017,USD,2024,resolved,https://apps.bea.gov/industry/xls/io-annual/Supply_2017_DET.xlsx,7a3a403f7a7e8335e61776c1da6c423409d54090acaee597bbae738fa9a6703e,none
811400,811400,0.036445556946182726,True,product_tax,2017,2017,USD,2024,resolved,https://apps.bea.gov/industry/xls/io-annual/Supply_2017_DET.xlsx,7a3a403f7a7e8335e61776c1da6c423409d54090acaee597bbae738fa9a6703e,none
812100,812100,0.983875423835238,False,basic_price,2017,2017,USD,2024,resolved,https://apps.bea.gov/industry/xls/io-annual/Supply_2017_DET.xlsx,7a3a403f7a7e8335e61776c1da6c423409d54090acaee597bbae738fa9a6703e,none
812100,812100,0.016124576164762025,True,product_tax,2017,2017,USD,2024,resolved,https://apps.bea.gov/industry/xls/io-annual/Supply_2017_DET.xlsx,7a3a403f7a7e8335e61776c1da6c423409d54090acaee597bbae738fa9a6703e,none
812200,812200,0.9814892919068373,False,basic_price,2017,2017,USD,2024,resolved,https://apps.bea.gov/industry/xls/io-annual/Supply_2017_DET.xlsx,7a3a403f7a7e8335e61776c1da6c423409d54090acaee597bbae738fa9a6703e,none
812200,812200,0.018510708093162753,True,product_tax,2017,2017,USD,2024,resolved,https://apps.bea.gov/industry/xls/io-annual/Supply_2017_DET.xlsx,7a3a403f7a7e8335e61776c1da6c423409d54090acaee597bbae738fa9a6703e,none
812300,812300,0.9586558881962047,False,basic_price,2017,2017,USD,2024,resolved,https://apps.bea.gov/industry/xls/io-annual/Supply_2017_DET.xlsx,7a3a403f7a7e8335e61776c1da6c423409d54090acaee597bbae738fa9a6703e,none
812300,812300,0.0413441118037953,True,product_tax,2017,2017,USD,2024,resolved,https://apps.bea.gov/industry/xls/io-annual/Supply_2017_DET.xlsx,7a3a403f7a7e8335e61776c1da6c423409d54090acaee597bbae738fa9a6703e,none
812900,812900,0.9786195534572637,False,basic_price,2017,2017,USD,2024,resolved,https://apps.bea.gov/industry/xls/io-annual/Supply_2017_DET.xlsx,7a3a403f7a7e8335e61776c1da6c423409d54090acaee597bbae738fa9a6703e,none
812900,812900,0.021380446542736305,True,product_tax,2017,2017,USD,2024,resolved,https://apps.bea.gov/industry/xls/io-annual/Supply_2017_DET.xlsx,7a3a403f7a7e8335e61776c1da6c423409d54090acaee597bbae738fa9a6703e,none
813100,813100,1.0,False,basic_price,2017,2017,USD,2024,resolved,https://apps.bea.gov/industry/xls/io-annual/Supply_2017_DET.xlsx,7a3a403f7a7e8335e61776c1da6c423409d54090acaee597bbae738fa9a6703e,none
813A00,813A00,1.0,False,basic_price,2017,2017,USD,2024,resolved,https://apps.bea.gov/industry/xls/io-annual/Supply_2017_DET.xlsx,7a3a403f7a7e8335e61776c1da6c423409d54090acaee597bbae738fa9a6703e,none
813B00,813B00,1.0,False,basic_price,2017,2017,USD,2024,resolved,https://apps.bea.gov/industry/xls/io-annual/Supply_2017_DET.xlsx,7a3a403f7a7e8335e61776c1da6c423409d54090acaee597bbae738fa9a6703e,none
814000,814000,1.0,False,basic_price,2017,2017,USD,2024,resolved,https://apps.bea.gov/industry/xls/io-annual/Supply_2017_DET.xlsx,7a3a403f7a7e8335e61776c1da6c423409d54090acaee597bbae738fa9a6703e,none
S00500,S00500,1.0,False,basic_price,2017,2017,USD,2024,resolved,https://apps.bea.gov/industry/xls/io-annual/Supply_2017_DET.xlsx,7a3a403f7a7e8335e61776c1da6c423409d54090acaee597bbae738fa9a6703e,none
S00600,S00600,1.0,False,basic_price,2017,2017,USD,2024,resolved,https://apps.bea.gov/industry/xls/io-annual/Supply_2017_DET.xlsx,7a3a403f7a7e8335e61776c1da6c423409d54090acaee597bbae738fa9a6703e,none
491000,491000,0.9958627403261134,False,basic_price,2017,2017,USD,2024,resolved,https://apps.bea.gov/industry/xls/io-annual/Supply_2017_DET.xlsx,7a3a403f7a7e8335e61776c1da6c423409d54090acaee597bbae738fa9a6703e,none
491000,491000,0.0041372596738865905,True,foreign_import,2017,2017,USD,2024,resolved,https://apps.bea.gov/industry/xls/io-annual/Supply_2017_DET.xlsx,7a3a403f7a7e8335e61776c1da6c423409d54090acaee597bbae738fa9a6703e,none
S00102,S00102,1.0,False,basic_price,2017,2017,USD,2024,resolved,https://apps.bea.gov/industry/xls/io-annual/Supply_2017_DET.xlsx,7a3a403f7a7e8335e61776c1da6c423409d54090acaee597bbae738fa9a6703e,none
GSLGE,GSLGE,1.0,False,basic_price,2017,2017,USD,2024,resolved,https://apps.bea.gov/industry/xls/io-annual/Supply_2017_DET.xlsx,7a3a403f7a7e8335e61776c1da6c423409d54090acaee597bbae738fa9a6703e,none
GSLGH,GSLGH,1.0,False,basic_price,2017,2017,USD,2024,resolved,https://apps.bea.gov/industry/xls/io-annual/Supply_2017_DET.xlsx,7a3a403f7a7e8335e61776c1da6c423409d54090acaee597bbae738fa9a6703e,none
GSLGO,GSLGO,1.0,False,basic_price,2017,2017,USD,2024,resolved,https://apps.bea.gov/industry/xls/io-annual/Supply_2017_DET.xlsx,7a3a403f7a7e8335e61776c1da6c423409d54090acaee597bbae738fa9a6703e,none
S00203,S00203,1.0,False,basic_price,2017,2017,USD,2024,resolved,https://apps.bea.gov/industry/xls/io-annual/Supply_2017_DET.xlsx,7a3a403f7a7e8335e61776c1da6c423409d54090acaee597bbae738fa9a6703e,none
S00401,GSLGO,0.22944913447599558,False,basic_price,2017,2017,USD,2024,resolved,https://apps.bea.gov/industry/xls/io-annual/Supply_2017_DET.xlsx,7a3a403f7a7e8335e61776c1da6c423409d54090acaee597bbae738fa9a6703e,none
S00401,423400,0.4651232199198431,False,trade_margin,2017,2017,USD,2024,resolved,https://apps.bea.gov/industry/xls/io-annual/Supply_2017_DET.xlsx,7a3a403f7a7e8335e61776c1da6c423409d54090acaee597bbae738fa9a6703e,none
S00401,484000,0.1512961541741281,False,transport_margin,2017,2017,USD,2024,resolved,https://apps.bea.gov/industry/xls/io-annual/Supply_2017_DET.xlsx,7a3a403f7a7e8335e61776c1da6c423409d54090acaee597bbae738fa9a6703e,none
S00401,GSLGO,0.14298200733350389,True,foreign_import,2017,2017,USD,2024,resolved,https://apps.bea.gov/industry/xls/io-annual/Supply_2017_DET.xlsx,7a3a403f7a7e8335e61776c1da6c423409d54090acaee597bbae738fa9a6703e,none
S00401,GSLGO,0.011149484096529376,True,product_tax,2017,2017,USD,2024,resolved,https://apps.bea.gov/industry/xls/io-annual/Supply_2017_DET.xlsx,7a3a403f7a7e8335e61776c1da6c423409d54090acaee597bbae738fa9a6703e,none
S00402,423400,0.7146904161220706,False,trade_margin,2017,2017,USD,2024,resolved,https://apps.bea.gov/industry/xls/io-annual/Supply_2017_DET.xlsx,7a3a403f7a7e8335e61776c1da6c423409d54090acaee597bbae738fa9a6703e,none
S00402,484000,0.14510471442901,False,transport_margin,2017,2017,USD,2024,resolved,https://apps.bea.gov/industry/xls/io-annual/Supply_2017_DET.xlsx,7a3a403f7a7e8335e61776c1da6c423409d54090acaee597bbae738fa9a6703e,none
S00402,1111A0,0.04462141706434846,True,foreign_import,2017,2017,USD,2024,resolved,https://apps.bea.gov/industry/xls/io-annual/Supply_2017_DET.xlsx,7a3a403f7a7e8335e61776c1da6c423409d54090acaee597bbae738fa9a6703e,none
S00402,1111A0,0.09558345238457096,True,product_tax,2017,2017,USD,2024,resolved,https://apps.bea.gov/industry/xls/io-annual/Supply_2017_DET.xlsx,7a3a403f7a7e8335e61776c1da6c423409d54090acaee597bbae738fa9a6703e,none
S00300,1111A0,1.0,True,foreign_import,2017,2017,USD,2024,resolved,https://apps.bea.gov/industry/xls/io-annual/Supply_2017_DET.xlsx,7a3a403f7a7e8335e61776c1da6c423409d54090acaee597bbae738fa9a6703e,none
S00900,S00600,1.0,False,basic_price,2017,2017,USD,2024,resolved,https://apps.bea.gov/industry/xls/io-annual/Supply_2017_DET.xlsx,7a3a403f7a7e8335e61776c1da6c423409d54090acaee597bbae738fa9a6703e,none
