region,industry,direct_mult,indirect_mult,induced_mult,total_to_direct,direct_earnings_mult,indirect_earnings_mult,induced_earnings_mult,direct_output_mult,indirect_output_mult,induced_output_mult,direct_value_added_mult,indirect_value_added_mult,induced_value_added_mult,multiplier_data_year,deflator_source,target_2022_factor,pce_share,pce_source,source
AK,agriculture,15.007987862510836,0.5703235414579854,1.6491502221769507,1.1478861646189802,0.45057016611099243,0.029256105422973633,0.0962686687707901,1.0,0.10876667499542236,0.2768600583076477,0.6752678751945496,0.061280615627765656,0.16943886876106262,2014,JEDI JEDI Natural Gas Model Deflators sheet,1.1512656891351583,0.0014119513424010147,JEDI jedi-ngas-model_rel-ng4-17-17.xlsm Household Exp sheet; 2014 IMPLAN state PCE,JEDI IMPLAN state I-O (jedi-ngas-model_rel-ng4-17-17.xlsm)
AL,agriculture,6.566301504555833,1.3195139210020899,1.7947073124742314,1.4742732619444312,0.3103204667568207,0.07147512584924698,0.08389297872781754,1.0,0.2615727186203003,0.2617323696613312,0.5042441487312317,0.12529993057250977,0.14695435762405396,2014,JEDI JEDI Natural Gas Model Deflators sheet,1.1512656891351583,0.004384330381198536,JEDI jedi-ngas-model_rel-ng4-17-17.xlsm Household Exp sheet; 2014 IMPLAN state PCE,JEDI IMPLAN state I-O (jedi-ngas-model_rel-ng4-17-17.xlsm)
AR,agriculture,4.826203119125676,1.8343318182980095,1.660150552150845,1.7240645045793104,0.26651883125305176,0.10290594398975372,0.07675104588270187,1.0,0.4023343324661255,0.2513393461704254,0.4773860275745392,0.19459228217601776,0.14487454295158386,2014,JEDI JEDI Natural Gas Model Deflators sheet,1.1512656891351583,0.008178632879290356,JEDI jedi-ngas-model_rel-ng4-17-17.xlsm Household Exp sheet; 2014 IMPLAN state PCE,JEDI IMPLAN state I-O (jedi-ngas-model_rel-ng4-17-17.xlsm)
AZ,agriculture,7.084637134742995,1.1653534394962377,2.02684945634318,1.4505810015568594,0.2704162895679474,0.05968598276376724,0.10661719739437103,1.0,0.21263396739959717,0.31367236375808716,0.6439682245254517,0.12165544927120209,0.18105100095272064,2014,JEDI JEDI Natural Gas Model Deflators sheet,1.1512656891351583,0.004564238075306228,JEDI jedi-ngas-model_rel-ng4-17-17.xlsm Household Exp sheet; 2014 IMPLAN state PCE,JEDI IMPLAN state I-O (jedi-ngas-model_rel-ng4-17-17.xlsm)
CA,agriculture,6.40647395086224,0.7834669004757769,2.3698010044588287,1.4922002226373232,0.43417537212371826,0.059046462178230286,0.15616044402122498,1.0,0.1826688051223755,0.43952274322509766,0.7584912180900574,0.10777950286865234,0.26994284987449646,2014,JEDI JEDI Natural Gas Model Deflators sheet,1.1512656891351583,0.0039792492388490055,JEDI jedi-ngas-model_rel-ng4-17-17.xlsm Household Exp sheet; 2014 IMPLAN state PCE,JEDI IMPLAN state I-O (jedi-ngas-model_rel-ng4-17-17.xlsm)
CO,agriculture,5.33275624637836,2.0262411450500903,1.697127758408109,1.6982072180754286,0.20264269411563873,0.10989853739738464,0.09829679131507874,1.0,0.435375452041626,0.2845344841480255,0.514324426651001,0.224385067820549,0.16603229939937592,2014,JEDI JEDI Natural Gas Model Deflators sheet,1.1512656891351583,0.007019546287258025,JEDI jedi-ngas-model_rel-ng4-17-17.xlsm Household Exp sheet; 2014 IMPLAN state PCE,JEDI IMPLAN state I-O (jedi-ngas-model_rel-ng4-17-17.xlsm)
CT,agriculture,10.92911050768118,0.4780140413483038,1.2502609325197296,1.1581350076617278,0.26130279898643494,0.03657776862382889,0.09003802388906479,1.0,0.10988247394561768,0.22752030193805695,0.6938996911048889,0.0664069652557373,0.14563965797424316,2014,JEDI JEDI Natural Gas Model Deflators sheet,1.1512656891351583,0.0007608607585436772,JEDI jedi-ngas-model_rel-ng4-17-17.xlsm Household Exp sheet; 2014 IMPLAN state PCE,JEDI IMPLAN state I-O (jedi-ngas-model_rel-ng4-17-17.xlsm)
DC,agriculture,32.54869104367309,0.5029372136550924,0.4934282077020173,1.030611535807084,0.19533370435237885,0.05488007143139839,0.04461104795336723,1.0,0.13212990760803223,0.0931558683514595,0.19533370435237885,0.09108985960483551,0.06420905143022537,2014,JEDI JEDI Natural Gas Model Deflators sheet,1.1512656891351583,0.0004292289415714321,JEDI jedi-ngas-model_rel-ng4-17-17.xlsm Household Exp sheet; 2014 IMPLAN state PCE,JEDI IMPLAN state I-O (jedi-ngas-model_rel-ng4-17-17.xlsm)
DE,agriculture,2.1427253941237847,0.9070569781715073,1.038418467861067,1.9079443643911866,0.1723911315202713,0.07323701679706573,0.06413882225751877,1.0,0.31075286865234375,0.1736413687467575,0.4553689956665039,0.16234435141086578,0.11072543263435364,2014,JEDI JEDI Natural Gas Model Deflators sheet,1.1512656891351583,0.005151456371865534,JEDI jedi-ngas-model_rel-ng4-17-17.xlsm Household Exp sheet; 2014 IMPLAN state PCE,JEDI IMPLAN state I-O (jedi-ngas-model_rel-ng4-17-17.xlsm)
FL,agriculture,9.84666822017933,0.9565018046047433,2.781372480044023,1.3796080258892578,0.3866027593612671,0.04751327633857727,0.13741646707057953,1.0,0.15501177310943604,0.41402333974838257,0.7322983741760254,0.08995029330253601,0.23831698298454285,2014,JEDI JEDI Natural Gas Model Deflators sheet,1.1512656891351583,0.003458368364785101,JEDI jedi-ngas-model_rel-ng4-17-17.xlsm Household Exp sheet; 2014 IMPLAN state PCE,JEDI IMPLAN state I-O (jedi-ngas-model_rel-ng4-17-17.xlsm)
GA,agriculture,5.300310795620104,1.3053112636561,2.7812697993886326,1.7710078183380618,0.4093496799468994,0.09386920183897018,0.148552805185318,1.0,0.2909271717071533,0.4523333013057709,0.5417565703392029,0.1535402536392212,0.260436087846756,2014,JEDI JEDI Natural Gas Model Deflators sheet,1.1512656891351583,0.00450810254550655,JEDI jedi-ngas-model_rel-ng4-17-17.xlsm Household Exp sheet; 2014 IMPLAN state PCE,JEDI IMPLAN state I-O (jedi-ngas-model_rel-ng4-17-17.xlsm)
HI,agriculture,15.7001552968935,1.1653477122883675,2.351654959950944,1.2240106932531554,0.47207099199295044,0.045586034655570984,0.12125083059072495,1.0,0.13808989524841309,0.3624401390552521,0.7345122694969177,0.07953344285488129,0.2157314121723175,2014,JEDI JEDI Natural Gas Model Deflators sheet,1.1512656891351583,0.004942989179355728,JEDI jedi-ngas-model_rel-ng4-17-17.xlsm Household Exp sheet; 2014 IMPLAN state PCE,JEDI IMPLAN state I-O (jedi-ngas-model_rel-ng4-17-17.xlsm)
IA,agriculture,2.8565842192292377,1.2108440379812528,1.669330039108235,2.008258064894938,0.2701869010925293,0.09551490843296051,0.07924063503742218,1.0,0.3539787530899048,0.24405182898044586,0.5666594505310059,0.19012102484703064,0.13851013779640198,2014,JEDI JEDI Natural Gas Model Deflators sheet,1.1512656891351583,0.009393473760482314,JEDI jedi-ngas-model_rel-ng4-17-17.xlsm Household Exp sheet; 2014 IMPLAN state PCE,JEDI IMPLAN state I-O (jedi-ngas-model_rel-ng4-17-17.xlsm)
ID,agriculture,4.3942043294119415,1.660389969894141,2.4720465965942053,1.9404288596296053,0.36470335721969604,0.1140865758061409,0.10600273311138153,1.0,0.3645284175872803,0.34008705615997314,0.565183162689209,0.18824398517608643,0.18045321106910706,2014,JEDI JEDI Natural Gas Model Deflators sheet,1.1512656891351583,0.00949175069163131,JEDI jedi-ngas-model_rel-ng4-17-17.xlsm Household Exp sheet; 2014 IMPLAN state PCE,JEDI IMPLAN state I-O (jedi-ngas-model_rel-ng4-17-17.xlsm)
IL,agriculture,3.9758007039236603,1.168718992292639,3.209408041911454,2.1011937871743376,0.5038968324661255,0.10706116259098053,0.1958870142698288,1.0,0.30969762802124023,0.5450372099876404,0.47667232155799866,0.1585298478603363,0.3266010284423828,2014,JEDI JEDI Natural Gas Model Deflators sheet,1.1512656891351583,0.002866761014103873,JEDI jedi-ngas-model_rel-ng4-17-17.xlsm Household Exp sheet; 2014 IMPLAN state PCE,JEDI IMPLAN state I-O (jedi-ngas-model_rel-ng4-17-17.xlsm)
IN,agriculture,4.925988670937586,0.9044684847572337,2.22321986894001,1.634936164622144,0.38238194584846497,0.06002099812030792,0.10601475089788437,1.0,0.21295523643493652,0.3259814381599426,0.5234233140945435,0.10419490933418274,0.1847318857908249,2014,JEDI JEDI Natural Gas Model Deflators sheet,1.1512656891351583,0.002545043718169691,JEDI jedi-ngas-model_rel-ng4-17-17.xlsm Household Exp sheet; 2014 IMPLAN state PCE,JEDI IMPLAN state I-O (jedi-ngas-model_rel-ng4-17-17.xlsm)
KS,agriculture,3.364877599501965,1.7428415134569306,1.631726010403872,2.002879725657858,0.24202048778533936,0.11804729700088501,0.08153971284627914,1.0,0.46925270557403564,0.2515008747577667,0.4627154767513275,0.21858732402324677,0.14179308712482452,2014,JEDI JEDI Natural Gas Model Deflators sheet,1.1512656891351583,0.008790065647812734,JEDI jedi-ngas-model_rel-ng4-17-17.xlsm Household Exp sheet; 2014 IMPLAN state PCE,JEDI IMPLAN state I-O (jedi-ngas-model_rel-ng4-17-17.xlsm)
KY,agriculture,11.000360246278921,1.2219709801577103,1.7397758209011713,1.2692408916390485,0.30583181977272034,0.05260980874300003,0.08363083004951477,1.0,0.19515490531921387,0.24901650846004486,0.5524059534072876,0.0978052169084549,0.13814008235931396,2014,JEDI JEDI Natural Gas Model Deflators sheet,1.1512656891351583,0.003175961093759694,JEDI jedi-ngas-model_rel-ng4-17-17.xlsm Household Exp sheet; 2014 IMPLAN state PCE,JEDI IMPLAN state I-O (jedi-ngas-model_rel-ng4-17-17.xlsm)
LA,agriculture,8.009157392426983,0.7252396053164512,1.9559177823253833,1.3347614806742327,0.42874276638031006,0.0436054989695549,0.09577798843383789,1.0,0.1630622148513794,0.2950252592563629,0.5584233999252319,0.079013392329216,0.16786813735961914,2014,JEDI JEDI Natural Gas Model Deflators sheet,1.1512656891351583,0.001639637082006755,JEDI jedi-ngas-model_rel-ng4-17-17.xlsm Household Exp sheet; 2014 IMPLAN state PCE,JEDI IMPLAN state I-O (jedi-ngas-model_rel-ng4-17-17.xlsm)
MA,agriculture,14.20324970291819,0.43859285140392423,1.981511447039283,1.1703908858228391,0.4093608260154724,0.03478594124317169,0.1454264521598816,1.0,0.09702193737030029,0.3501887917518616,0.7429778575897217,0.05720040202140808,0.21960234642028809,2014,JEDI JEDI Natural Gas Model Deflators sheet,1.1512656891351583,0.0006372773432012347,JEDI jedi-ngas-model_rel-ng4-17-17.xlsm Household Exp sheet; 2014 IMPLAN state PCE,JEDI IMPLAN state I-O (jedi-ngas-model_rel-ng4-17-17.xlsm)
MD,agriculture,6.770732962230223,0.8659669207623266,1.3239496434976994,1.3234386256962476,0.24517486989498138,0.05420525372028351,0.08030019700527191,1.0,0.18589794635772705,0.2215668261051178,0.49721989035606384,0.10377562046051025,0.13715046644210815,2014,JEDI JEDI Natural Gas Model Deflators sheet,1.1512656891351583,0.0020831860584223857,JEDI jedi-ngas-model_rel-ng4-17-17.xlsm Household Exp sheet; 2014 IMPLAN state PCE,JEDI IMPLAN state I-O (jedi-ngas-model_rel-ng4-17-17.xlsm)
ME,agriculture,12.25358869064806,1.4573191331752422,2.486824429244892,1.3218766079059192,0.3682408332824707,0.05995233356952667,0.11782822012901306,1.0,0.19720542430877686,0.3531113564968109,0.613617479801178,0.10745741426944733,0.20191450417041779,2014,JEDI JEDI Natural Gas Model Deflators sheet,1.1512656891351583,0.004067660925043867,JEDI jedi-ngas-model_rel-ng4-17-17.xlsm Household Exp sheet; 2014 IMPLAN state PCE,JEDI IMPLAN state I-O (jedi-ngas-model_rel-ng4-17-17.xlsm)
MI,agriculture,7.462780943420163,1.0059357902516533,1.9281983007758816,1.3931689960181028,0.2866257131099701,0.0577850267291069,0.10039496421813965,1.0,0.21246445178985596,0.29447469115257263,0.5746530294418335,0.10667949914932251,0.16758643090724945,2014,JEDI JEDI Natural Gas Model Deflators sheet,1.1512656891351583,0.0023812381206889124,JEDI jedi-ngas-model_rel-ng4-17-17.xlsm Household Exp sheet; 2014 IMPLAN state PCE,JEDI IMPLAN state I-O (jedi-ngas-model_rel-ng4-17-17.xlsm)
MN,agriculture,4.183273308977222,1.4369928633569864,1.9249339968329031,1.803659386293327,0.24508363008499146,0.10003787279129028,0.11544457823038101,1.0,0.36046338081359863,0.31973034143447876,0.5514071583747864,0.1867223083972931,0.18470826745033264,2014,JEDI JEDI Natural Gas Model Deflators sheet,1.1512656891351583,0.005639805481269187,JEDI jedi-ngas-model_rel-ng4-17-17.xlsm Household Exp sheet; 2014 IMPLAN state PCE,JEDI IMPLAN state I-O (jedi-ngas-model_rel-ng4-17-17.xlsm)
MO,agriculture,8.067411278194278,1.4740024897016595,1.8448929941541288,1.4113953496862819,0.2667572796344757,0.07164432108402252,0.09737817943096161,1.0,0.26113200187683105,0.2891729474067688,0.535556435585022,0.1356099396944046,0.16454800963401794,2014,JEDI JEDI Natural Gas Model Deflators sheet,1.1512656891351583,0.0041043641887382794,JEDI jedi-ngas-model_rel-ng4-17-17.xlsm Household Exp sheet; 2014 IMPLAN state PCE,JEDI IMPLAN state I-O (jedi-ngas-model_rel-ng4-17-17.xlsm)
MS,agriculture,5.943993733603512,1.3585006613208734,1.98748022035591,1.5629179692368724,0.36351531744003296,0.07790866494178772,0.08204015344381332,1.0,0.2646263837814331,0.2733285129070282,0.5321533679962158,0.12819354236125946,0.14631187915802002,2014,JEDI JEDI Natural Gas Model Deflators sheet,1.1512656891351583,0.006386139844714357,JEDI jedi-ngas-model_rel-ng4-17-17.xlsm Household Exp sheet; 2014 IMPLAN state PCE,JEDI IMPLAN state I-O (jedi-ngas-model_rel-ng4-17-17.xlsm)
MT,agriculture,5.871679552514434,1.8244932933492493,1.4061278151562475,1.5502039202943296,0.2006334513425827,0.07969288527965546,0.06036725267767906,1.0,0.36063647270202637,0.1894005537033081,0.43729567527770996,0.16156961023807526,0.10081103444099426,2014,JEDI JEDI Natural Gas Model Deflators sheet,1.1512656891351583,0.006243838264990199,JEDI jedi-ngas-model_rel-ng4-17-17.xlsm Household Exp sheet; 2014 IMPLAN state PCE,JEDI IMPLAN state I-O (jedi-ngas-model_rel-ng4-17-17.xlsm)
NC,agriculture,4.672,1.009,1.88,1.6183647260273972,0.271,0.065,0.099,1.0,0.237,0.287,0.617,0.133,0.168,2014,JEDI JEDI Natural Gas Model Deflators sheet,1.1512656891351583,0.004607794108309594,JEDI jedi-ngas-model_rel-ng4-17-17.xlsm Household Exp sheet; 2014 IMPLAN state PCE,JEDI IMPLAN state I-O (jedi-ngas-model_rel-ng4-17-17.xlsm)
ND,agriculture,3.677,1.251,0.914,1.5887952134892573,0.185,0.08,0.049,1.0,0.325,0.143,0.469,0.164,0.084,2014,JEDI JEDI Natural Gas Model Deflators sheet,1.1512656891351583,0.005609597271986199,JEDI jedi-ngas-model_rel-ng4-17-17.xlsm Household Exp sheet; 2014 IMPLAN state PCE,JEDI IMPLAN state I-O (jedi-ngas-model_rel-ng4-17-17.xlsm)
NE,agriculture,1.94,1.366,1.763,2.6128865979381444,0.258,0.124,0.088,1.0,0.466,0.264,0.461,0.228,0.151,2014,JEDI JEDI Natural Gas Model Deflators sheet,1.1512656891351583,0.008887131787750689,JEDI jedi-ngas-model_rel-ng4-17-17.xlsm Household Exp sheet; 2014 IMPLAN state PCE,JEDI IMPLAN state I-O (jedi-ngas-model_rel-ng4-17-17.xlsm)
NH,agriculture,14.271,0.867,1.651,1.1764417349870366,0.276,0.047,0.1,1.0,0.145,0.26,0.601,0.083,0.159,2014,JEDI JEDI Natural Gas Model Deflators sheet,1.1512656891351583,0.001388857497561157,JEDI jedi-ngas-model_rel-ng4-17-17.xlsm Household Exp sheet; 2014 IMPLAN state PCE,JEDI IMPLAN state I-O (jedi-ngas-model_rel-ng4-17-17.xlsm)
NJ,agriculture,14.399,0.426,2.3,1.1893187026876868,0.475,0.032,0.159,1.0,0.097,0.41,0.749,0.056,0.259,2014,JEDI JEDI Natural Gas Model Deflators sheet,1.1512656891351583,0.0005516395517010225,JEDI jedi-ngas-model_rel-ng4-17-17.xlsm Household Exp sheet; 2014 IMPLAN state PCE,JEDI IMPLAN state I-O (jedi-ngas-model_rel-ng4-17-17.xlsm)
NM,agriculture,7.201,1.484,2.149,1.504513262046938,0.42,0.084,0.094,1.0,0.26,0.326,0.568,0.136,0.176,2014,JEDI JEDI Natural Gas Model Deflators sheet,1.1512656891351583,0.006979170236901443,JEDI jedi-ngas-model_rel-ng4-17-17.xlsm Household Exp sheet; 2014 IMPLAN state PCE,JEDI IMPLAN state I-O (jedi-ngas-model_rel-ng4-17-17.xlsm)
NV,agriculture,5.058,0.504,0.975,1.2924080664294186,0.264,0.03,0.051,1.0,0.1,0.142,0.589,0.057,0.086,2014,JEDI JEDI Natural Gas Model Deflators sheet,1.1512656891351583,0.002537564219525774,JEDI jedi-ngas-model_rel-ng4-17-17.xlsm Household Exp sheet; 2014 IMPLAN state PCE,JEDI IMPLAN state I-O (jedi-ngas-model_rel-ng4-17-17.xlsm)
NY,agriculture,7.848,0.975,1.386,1.3008409785932722,0.306,0.067,0.104,1.0,0.204,0.26,0.591,0.122,0.169,2014,JEDI JEDI Natural Gas Model Deflators sheet,1.1512656891351583,0.002880344652697991,JEDI jedi-ngas-model_rel-ng4-17-17.xlsm Household Exp sheet; 2014 IMPLAN state PCE,JEDI IMPLAN state I-O (jedi-ngas-model_rel-ng4-17-17.xlsm)
OH,agriculture,7.389,1.062,1.86,1.395452699959399,0.268,0.062,0.101,1.0,0.236,0.297,0.545,0.12,0.173,2014,JEDI JEDI Natural Gas Model Deflators sheet,1.1512656891351583,0.002063641270786005,JEDI jedi-ngas-model_rel-ng4-17-17.xlsm Household Exp sheet; 2014 IMPLAN state PCE,JEDI IMPLAN state I-O (jedi-ngas-model_rel-ng4-17-17.xlsm)
OK,agriculture,9.556,1.723,1.016,1.2866262034323985,0.158,0.063,0.05,1.0,0.278,0.153,0.539,0.14,0.085,2014,JEDI JEDI Natural Gas Model Deflators sheet,1.1512656891351583,0.00490505888262249,JEDI jedi-ngas-model_rel-ng4-17-17.xlsm Household Exp sheet; 2014 IMPLAN state PCE,JEDI IMPLAN state I-O (jedi-ngas-model_rel-ng4-17-17.xlsm)
OR,agriculture,10.974,1.678,2.528,1.3832695462001094,0.387,0.074,0.13,1.0,0.226,0.375,0.668,0.132,0.217,2014,JEDI JEDI Natural Gas Model Deflators sheet,1.1512656891351583,0.006340977660704471,JEDI jedi-ngas-model_rel-ng4-17-17.xlsm Household Exp sheet; 2014 IMPLAN state PCE,JEDI IMPLAN state I-O (jedi-ngas-model_rel-ng4-17-17.xlsm)
PA,agriculture,7.962,1.163,1.465,1.3300678221552373,0.217,0.065,0.091,1.0,0.236,0.242,0.57,0.125,0.144,2014,JEDI JEDI Natural Gas Model Deflators sheet,1.1512656891351583,0.0029035521794555925,JEDI jedi-ngas-model_rel-ng4-17-17.xlsm Household Exp sheet; 2014 IMPLAN state PCE,JEDI IMPLAN state I-O (jedi-ngas-model_rel-ng4-17-17.xlsm)
RI,agriculture,12.478,0.483,1.693,1.1743869209809263,0.302,0.031,0.101,1.0,0.099,0.274,0.686,0.058,0.169,2014,JEDI JEDI Natural Gas Model Deflators sheet,1.1512656891351583,0.0005167988572579103,JEDI jedi-ngas-model_rel-ng4-17-17.xlsm Household Exp sheet; 2014 IMPLAN state PCE,JEDI IMPLAN state I-O (jedi-ngas-model_rel-ng4-17-17.xlsm)
SC,agriculture,8.89,0.96,1.812,1.3118110236220473,0.31,0.047,0.083,1.0,0.172,0.258,0.562,0.087,0.144,2014,JEDI JEDI Natural Gas Model Deflators sheet,1.1512656891351583,0.002462276782699504,JEDI jedi-ngas-model_rel-ng4-17-17.xlsm Household Exp sheet; 2014 IMPLAN state PCE,JEDI IMPLAN state I-O (jedi-ngas-model_rel-ng4-17-17.xlsm)
SD,agriculture,2.874,1.491,1.915,2.185107863604732,0.313,0.126,0.093,1.0,0.424,0.282,0.484,0.214,0.162,2014,JEDI JEDI Natural Gas Model Deflators sheet,1.1512656891351583,0.009496244543613405,JEDI jedi-ngas-model_rel-ng4-17-17.xlsm Household Exp sheet; 2014 IMPLAN state PCE,JEDI IMPLAN state I-O (jedi-ngas-model_rel-ng4-17-17.xlsm)
TN,agriculture,14.213,1.286,1.534,1.1984099064236966,0.228,0.055,0.086,1.0,0.2,0.233,0.547,0.103,0.136,2014,JEDI JEDI Natural Gas Model Deflators sheet,1.1512656891351583,0.0020966127647710255,JEDI jedi-ngas-model_rel-ng4-17-17.xlsm Household Exp sheet; 2014 IMPLAN state PCE,JEDI IMPLAN state I-O (jedi-ngas-model_rel-ng4-17-17.xlsm)
TX,agriculture,9.069,1.528,1.406,1.3235196824346676,0.209,0.082,0.081,1.0,0.335,0.243,0.527,0.164,0.138,2014,JEDI JEDI Natural Gas Model Deflators sheet,1.1512656891351583,0.003014855508898549,JEDI jedi-ngas-model_rel-ng4-17-17.xlsm Household Exp sheet; 2014 IMPLAN state PCE,JEDI IMPLAN state I-O (jedi-ngas-model_rel-ng4-17-17.xlsm)
UT,agriculture,6.983,1.235,1.255,1.3565802663611628,0.16,0.056,0.061,1.0,0.248,0.197,0.595,0.127,0.11,2014,JEDI JEDI Natural Gas Model Deflators sheet,1.1512656891351583,0.003326996211047858,JEDI jedi-ngas-model_rel-ng4-17-17.xlsm Household Exp sheet; 2014 IMPLAN state PCE,JEDI IMPLAN state I-O (jedi-ngas-model_rel-ng4-17-17.xlsm)
VA,agriculture,10.059,1.274,1.059,1.231931603539119,0.177,0.054,0.064,1.0,0.21,0.175,0.552,0.117,0.107,2014,JEDI JEDI Natural Gas Model Deflators sheet,1.1512656891351583,0.003736384389395357,JEDI jedi-ngas-model_rel-ng4-17-17.xlsm Household Exp sheet; 2014 IMPLAN state PCE,JEDI IMPLAN state I-O (jedi-ngas-model_rel-ng4-17-17.xlsm)
VT,agriculture,8.758,2.178,1.589,1.4301210321991324,0.232,0.078,0.077,1.0,0.31,0.224,0.576,0.168,0.128,2014,JEDI JEDI Natural Gas Model Deflators sheet,1.1512656891351583,0.00875381366498983,JEDI jedi-ngas-model_rel-ng4-17-17.xlsm Household Exp sheet; 2014 IMPLAN state PCE,JEDI IMPLAN state I-O (jedi-ngas-model_rel-ng4-17-17.xlsm)
WA,agriculture,8.553,0.888,2.06,1.3446743832573367,0.462,0.057,0.134,1.0,0.176,0.405,0.708,0.102,0.246,2014,JEDI JEDI Natural Gas Model Deflators sheet,1.1512656891351583,0.0038505743532937222,JEDI jedi-ngas-model_rel-ng4-17-17.xlsm Household Exp sheet; 2014 IMPLAN state PCE,JEDI IMPLAN state I-O (jedi-ngas-model_rel-ng4-17-17.xlsm)
WI,agriculture,6.072,1.936,1.986,1.645915678524374,0.271,0.103,0.102,1.0,0.38,0.307,0.538,0.196,0.177,2014,JEDI JEDI Natural Gas Model Deflators sheet,1.1512656891351583,0.007505445268281251,JEDI jedi-ngas-model_rel-ng4-17-17.xlsm Household Exp sheet; 2014 IMPLAN state PCE,JEDI IMPLAN state I-O (jedi-ngas-model_rel-ng4-17-17.xlsm)
WV,agriculture,18.068,1.305,0.414,1.0951405800309941,0.065,0.031,0.02,1.0,0.152,0.058,0.524,0.078,0.033,2014,JEDI JEDI Natural Gas Model Deflators sheet,1.1512656891351583,0.0027076340157701534,JEDI jedi-ngas-model_rel-ng4-17-17.xlsm Household Exp sheet; 2014 IMPLAN state PCE,JEDI IMPLAN state I-O (jedi-ngas-model_rel-ng4-17-17.xlsm)
WY,agriculture,6.087,0.908,0.669,1.259076720880565,0.195,0.043,0.03,1.0,0.198,0.1,0.53,0.101,0.057,2014,JEDI JEDI Natural Gas Model Deflators sheet,1.1512656891351583,0.003989125579407253,JEDI jedi-ngas-model_rel-ng4-17-17.xlsm Household Exp sheet; 2014 IMPLAN state PCE,JEDI IMPLAN state I-O (jedi-ngas-model_rel-ng4-17-17.xlsm)
AK,mining,1.1545064345650051,0.3854762229366579,0.6885730425516765,1.9303103329112365,0.1500903069972992,0.02891918644309044,0.0350041463971138,1.0,0.1259833574295044,0.10078389942646027,0.8415865898132324,0.08825775235891342,0.06166379898786545,2014,JEDI JEDI Natural Gas Model Deflators sheet,1.1512656891351583,2.3634816624978557e-05,JEDI jedi-ngas-model_rel-ng4-17-17.xlsm Household Exp sheet; 2014 IMPLAN state PCE,JEDI IMPLAN state I-O (jedi-ngas-model_rel-ng4-17-17.xlsm)
AL,mining,2.1217253173606982,1.3467413722604946,1.0996796428293423,2.1530338046458537,0.13383303582668304,0.06843513250350952,0.04475586116313934,1.0,0.24988961219787598,0.1397380232810974,0.4897977113723755,0.11971667408943176,0.07843396067619324,2014,JEDI JEDI Natural Gas Model Deflators sheet,1.1512656891351583,3.6773337946463026e-06,JEDI jedi-ngas-model_rel-ng4-17-17.xlsm Household Exp sheet; 2014 IMPLAN state PCE,JEDI IMPLAN state I-O (jedi-ngas-model_rel-ng4-17-17.xlsm)
AR,mining,3.3815852731898213,1.5724012402520664,1.441064426864403,1.8911399310282342,0.2025732845067978,0.07566723227500916,0.057996105402708054,1.0,0.28941166400909424,0.1900142878293991,0.4699055552482605,0.14048314094543457,0.1095079630613327,2014,JEDI JEDI Natural Gas Model Deflators sheet,1.1512656891351583,6.797702789397975e-06,JEDI jedi-ngas-model_rel-ng4-17-17.xlsm Household Exp sheet; 2014 IMPLAN state PCE,JEDI IMPLAN state I-O (jedi-ngas-model_rel-ng4-17-17.xlsm)
AZ,mining,2.25792081805243,1.7609998868859333,1.7076393832331118,2.5362094376325026,0.14707055687904358,0.09476059675216675,0.07819562405347824,1.0,0.32482612133026123,0.23008304834365845,0.4312427341938019,0.1669861078262329,0.1327979564666748,2014,JEDI JEDI Natural Gas Model Deflators sheet,1.1512656891351583,4.428329712701923e-06,JEDI jedi-ngas-model_rel-ng4-17-17.xlsm Household Exp sheet; 2014 IMPLAN state PCE,JEDI IMPLAN state I-O (jedi-ngas-model_rel-ng4-17-17.xlsm)
CA,mining,1.9009331827578337,1.0656654247339221,1.5157225857610288,2.357958309060568,0.19753266870975494,0.07532095164060593,0.08695505559444427,1.0,0.24997413158416748,0.24479267001152039,0.677352786064148,0.14340338110923767,0.15033340454101562,2014,JEDI JEDI Natural Gas Model Deflators sheet,1.1512656891351583,7.635991695179438e-06,JEDI jedi-ngas-model_rel-ng4-17-17.xlsm Household Exp sheet; 2014 IMPLAN state PCE,JEDI IMPLAN state I-O (jedi-ngas-model_rel-ng4-17-17.xlsm)
CO,mining,2.470654418503029,1.442883394766545,2.7193033246026523,2.6846494953717848,0.33065205812454224,0.10453084111213684,0.13710924983024597,1.0,0.3156771659851074,0.3969106078147888,0.6241127252578735,0.17628131806850433,0.23160001635551453,2014,JEDI JEDI Natural Gas Model Deflators sheet,1.1512656891351583,1.285516538097501e-05,JEDI jedi-ngas-model_rel-ng4-17-17.xlsm Household Exp sheet; 2014 IMPLAN state PCE,JEDI IMPLAN state I-O (jedi-ngas-model_rel-ng4-17-17.xlsm)
CT,mining,4.560099781423375,1.620188063469486,1.4962161727573562,1.6834070273905495,0.20116519927978516,0.11509822309017181,0.09375742077827454,1.0,0.31345880031585693,0.23684783279895782,0.3460114896297455,0.17867431044578552,0.15162217617034912,2014,JEDI JEDI Natural Gas Model Deflators sheet,1.1512656891351583,1.4421870222460384e-06,JEDI jedi-ngas-model_rel-ng4-17-17.xlsm Household Exp sheet; 2014 IMPLAN state PCE,JEDI IMPLAN state I-O (jedi-ngas-model_rel-ng4-17-17.xlsm)
DC,mining,5.427036589470463,1.2472158791362375,0.5136019112407297,1.324452905623173,0.14347924292087555,0.11222494393587112,0.040428776293992996,1.0,0.24335992336273193,0.08443793654441833,0.14347924292087555,0.15825290977954865,0.05820241570472717,2014,JEDI JEDI Natural Gas Model Deflators sheet,1.1512656891351583,4.0821663890116674e-07,JEDI jedi-ngas-model_rel-ng4-17-17.xlsm Household Exp sheet; 2014 IMPLAN state PCE,JEDI IMPLAN state I-O (jedi-ngas-model_rel-ng4-17-17.xlsm)
DE,mining,4.344126742819081,1.4929582899895268,2.4153802567634033,1.89968336057724,0.3922881782054901,0.09800977259874344,0.1298501193523407,1.0,0.28373849391937256,0.35142144560813904,0.3195939362049103,0.15854030847549438,0.22407770156860352,2014,JEDI JEDI Natural Gas Model Deflators sheet,1.1512656891351583,6.185274109112409e-07,JEDI jedi-ngas-model_rel-ng4-17-17.xlsm Household Exp sheet; 2014 IMPLAN state PCE,JEDI IMPLAN state I-O (jedi-ngas-model_rel-ng4-17-17.xlsm)
FL,mining,3.8621602818585825,2.8130057238150337,1.6920703666797583,2.1664653359043973,0.09550613164901733,0.13341248035430908,0.07277355343103409,1.0,0.47727441787719727,0.21929895877838135,0.22117097675800323,0.2325768768787384,0.12622272968292236,2014,JEDI JEDI Natural Gas Model Deflators sheet,1.1512656891351583,3.6201289907853514e-06,JEDI jedi-ngas-model_rel-ng4-17-17.xlsm Household Exp sheet; 2014 IMPLAN state PCE,JEDI IMPLAN state I-O (jedi-ngas-model_rel-ng4-17-17.xlsm)
GA,mining,4.170659023782481,1.640434375707654,1.992067903712176,1.8709660172903364,0.22085162997245789,0.08922974765300751,0.09263963252305984,1.0,0.29525887966156006,0.28224337100982666,0.4328123927116394,0.15135356783866882,0.16248878836631775,2014,JEDI JEDI Natural Gas Model Deflators sheet,1.1512656891351583,1.558401713256141e-06,JEDI jedi-ngas-model_rel-ng4-17-17.xlsm Household Exp sheet; 2014 IMPLAN state PCE,JEDI IMPLAN state I-O (jedi-ngas-model_rel-ng4-17-17.xlsm)
HI,mining,5.132557633994282,1.7586293427840525,1.2556379014167234,1.5872836622888538,0.1495724320411682,0.09025412797927856,0.05636060982942581,1.0,0.31390416622161865,0.168512225151062,0.2926275432109833,0.15762925148010254,0.10029493272304535,2014,JEDI JEDI Natural Gas Model Deflators sheet,1.1512656891351583,2.0201369292087284e-06,JEDI jedi-ngas-model_rel-ng4-17-17.xlsm Household Exp sheet; 2014 IMPLAN state PCE,JEDI IMPLAN state I-O (jedi-ngas-model_rel-ng4-17-17.xlsm)
IA,mining,4.757555837216585,1.5867198999377266,1.2912213214929553,1.6049201144246423,0.16391342878341675,0.07915106415748596,0.05339111015200615,1.0,0.2687833309173584,0.16458545625209808,0.3636942207813263,0.13198380172252655,0.09340298175811768,2014,JEDI JEDI Natural Gas Model Deflators sheet,1.1512656891351583,1.2867504950935838e-06,JEDI jedi-ngas-model_rel-ng4-17-17.xlsm Household Exp sheet; 2014 IMPLAN state PCE,JEDI IMPLAN state I-O (jedi-ngas-model_rel-ng4-17-17.xlsm)
ID,mining,3.974133422409279,1.9186764316282412,1.65921804179316,1.9002955092666058,0.1952044665813446,0.08398692309856415,0.0619315579533577,1.0,0.3093874454498291,0.1988421082496643,0.3703823685646057,0.1393314152956009,0.10548043251037598,2014,JEDI JEDI Natural Gas Model Deflators sheet,1.1512656891351583,3.6726986121286635e-06,JEDI jedi-ngas-model_rel-ng4-17-17.xlsm Household Exp sheet; 2014 IMPLAN state PCE,JEDI IMPLAN state I-O (jedi-ngas-model_rel-ng4-17-17.xlsm)
IL,mining,2.9996732076009116,1.8142766261446304,1.5999781705331113,2.138208918233598,0.14429479837417603,0.11576959490776062,0.08504635095596313,1.0,0.35704004764556885,0.23681208491325378,0.3863607943058014,0.18906167149543762,0.14187967777252197,2014,JEDI JEDI Natural Gas Model Deflators sheet,1.1512656891351583,2.302590235007934e-06,JEDI jedi-ngas-model_rel-ng4-17-17.xlsm Household Exp sheet; 2014 IMPLAN state PCE,JEDI IMPLAN state I-O (jedi-ngas-model_rel-ng4-17-17.xlsm)
IN,mining,2.516793209573497,1.6917733731477158,1.7354963896931082,2.361760572860739,0.2131534218788147,0.08644192665815353,0.0720527246594429,1.0,0.3027611970901489,0.2216874659061432,0.3580881953239441,0.14626699686050415,0.1256122887134552,2014,JEDI JEDI Natural Gas Model Deflators sheet,1.1512656891351583,2.008952670351302e-06,JEDI jedi-ngas-model_rel-ng4-17-17.xlsm Household Exp sheet; 2014 IMPLAN state PCE,JEDI IMPLAN state I-O (jedi-ngas-model_rel-ng4-17-17.xlsm)
KS,mining,4.857676022294639,2.8907508297242983,2.1900451079658843,2.045931411310989,0.2662663459777832,0.1516808271408081,0.09527990967035294,1.0,0.5202928781509399,0.29396969079971313,0.25686752796173096,0.21764013171195984,0.1657136082649231,2014,JEDI JEDI Natural Gas Model Deflators sheet,1.1512656891351583,1.1185176603211212e-05,JEDI jedi-ngas-model_rel-ng4-17-17.xlsm Household Exp sheet; 2014 IMPLAN state PCE,JEDI IMPLAN state I-O (jedi-ngas-model_rel-ng4-17-17.xlsm)
KY,mining,2.209793768067291,1.58260052446006,1.2247926325037861,2.2704321993899104,0.14395907521247864,0.07839478552341461,0.05126200616359711,1.0,0.2827814817428589,0.15273422002792358,0.38286441564559937,0.13318341970443726,0.08471167832612991,2014,JEDI JEDI Natural Gas Model Deflators sheet,1.1512656891351583,3.426991232403623e-06,JEDI jedi-ngas-model_rel-ng4-17-17.xlsm Household Exp sheet; 2014 IMPLAN state PCE,JEDI IMPLAN state I-O (jedi-ngas-model_rel-ng4-17-17.xlsm)
LA,mining,2.3092231612274614,0.9860352087711943,1.431481098783189,2.0468959207343818,0.23087531328201294,0.06394337117671967,0.061023060232400894,1.0,0.24060678482055664,0.18811434507369995,0.6989776492118835,0.14091426134109497,0.10700459778308868,2014,JEDI JEDI Natural Gas Model Deflators sheet,1.1512656891351583,2.1146912621011047e-05,JEDI jedi-ngas-model_rel-ng4-17-17.xlsm Household Exp sheet; 2014 IMPLAN state PCE,JEDI IMPLAN state I-O (jedi-ngas-model_rel-ng4-17-17.xlsm)
MA,mining,3.9605628856714223,2.13432945030323,2.1135309744572295,2.072539572627019,0.2504967451095581,0.15937015414237976,0.1349848210811615,1.0,0.41548383235931396,0.32496050000190735,0.18429121375083923,0.2310350239276886,0.20378664135932922,2014,JEDI JEDI Natural Gas Model Deflators sheet,1.1512656891351583,1.2748979158907943e-06,JEDI jedi-ngas-model_rel-ng4-17-17.xlsm Household Exp sheet; 2014 IMPLAN state PCE,JEDI IMPLAN state I-O (jedi-ngas-model_rel-ng4-17-17.xlsm)
MD,mining,3.0838668795599453,2.0980579403863437,1.3134437920390696,2.1062415680252125,0.12728747725486755,0.13044579327106476,0.06935370713472366,1.0,0.39102184772491455,0.19139815866947174,0.14967849850654602,0.20893244445323944,0.11847352981567383,2014,JEDI JEDI Natural Gas Model Deflators sheet,1.1512656891351583,1.9918351578770608e-06,JEDI jedi-ngas-model_rel-ng4-17-17.xlsm Household Exp sheet; 2014 IMPLAN state PCE,JEDI IMPLAN state I-O (jedi-ngas-model_rel-ng4-17-17.xlsm)
ME,mining,7.269813786382261,2.762200092923814,1.4599095358364824,1.580772734051195,0.09461136907339096,0.12410250306129456,0.06022363156080246,1.0,0.42488527297973633,0.18056108057498932,0.0667261928319931,0.2032976746559143,0.1032421737909317,2014,JEDI JEDI Natural Gas Model Deflators sheet,1.1512656891351583,1.2332214245915419e-06,JEDI jedi-ngas-model_rel-ng4-17-17.xlsm Household Exp sheet; 2014 IMPLAN state PCE,JEDI IMPLAN state I-O (jedi-ngas-model_rel-ng4-17-17.xlsm)
MI,mining,4.14346766817397,2.2772228130395864,2.1388470884682476,2.0657908436037107,0.20748674869537354,0.12461639195680618,0.09694875776767731,1.0,0.4090193510055542,0.28443676233291626,0.24203479290008545,0.194703608751297,0.1618594527244568,2014,JEDI JEDI Natural Gas Model Deflators sheet,1.1512656891351583,2.4440630223929237e-06,JEDI jedi-ngas-model_rel-ng4-17-17.xlsm Household Exp sheet; 2014 IMPLAN state PCE,JEDI IMPLAN state I-O (jedi-ngas-model_rel-ng4-17-17.xlsm)
MN,mining,2.3585410048996196,1.5445205025050952,1.8233520811882573,2.4279474372915093,0.18858632445335388,0.095216765999794,0.09522897005081177,1.0,0.2960178852081299,0.2638514041900635,0.4818286895751953,0.15170380473136902,0.15239980816841125,2014,JEDI JEDI Natural Gas Model Deflators sheet,1.1512656891351583,1.4453697351436066e-06,JEDI jedi-ngas-model_rel-ng4-17-17.xlsm Household Exp sheet; 2014 IMPLAN state PCE,JEDI IMPLAN state I-O (jedi-ngas-model_rel-ng4-17-17.xlsm)
MO,mining,3.018330228501472,1.8243297632189766,1.5815147593401482,2.128386977143334,0.1536700427532196,0.09777931869029999,0.0726780816912651,1.0,0.32036685943603516,0.21596157550811768,0.35874274373054504,0.1604294329881668,0.12287691235542297,2014,JEDI JEDI Natural Gas Model Deflators sheet,1.1512656891351583,1.6836757825805849e-06,JEDI jedi-ngas-model_rel-ng4-17-17.xlsm Household Exp sheet; 2014 IMPLAN state PCE,JEDI IMPLAN state I-O (jedi-ngas-model_rel-ng4-17-17.xlsm)
MS,mining,3.5617445102636367,1.6091708722321885,1.9010893158290698,1.9855451950430414,0.2901008129119873,0.07733804732561111,0.06831860542297363,1.0,0.2849130630493164,0.22770310938358307,0.4304784834384918,0.12800323963165283,0.12186983227729797,2014,JEDI JEDI Natural Gas Model Deflators sheet,1.1512656891351583,6.81532492162653e-06,JEDI jedi-ngas-model_rel-ng4-17-17.xlsm Household Exp sheet; 2014 IMPLAN state PCE,JEDI IMPLAN state I-O (jedi-ngas-model_rel-ng4-17-17.xlsm)
MT,mining,2.715247624162315,1.8873560670493306,1.966055711110433,2.4191750851263834,0.2437688410282135,0.0975697785615921,0.07347377389669418,1.0,0.36254918575286865,0.23064503073692322,0.44427981972694397,0.16646042466163635,0.1227530986070633,2014,JEDI JEDI Natural Gas Model Deflators sheet,1.1512656891351583,1.1670530787507312e-05,JEDI jedi-ngas-model_rel-ng4-17-17.xlsm Household Exp sheet; 2014 IMPLAN state PCE,JEDI IMPLAN state I-O (jedi-ngas-model_rel-ng4-17-17.xlsm)
NC,mining,3.413,1.592,1.118,1.794022853794316,0.09,0.083,0.051,1.0,0.279,0.149,0.442,0.145,0.087,2014,JEDI JEDI Natural Gas Model Deflators sheet,1.1512656891351583,1.421748407977423e-06,JEDI jedi-ngas-model_rel-ng4-17-17.xlsm Household Exp sheet; 2014 IMPLAN state PCE,JEDI IMPLAN state I-O (jedi-ngas-model_rel-ng4-17-17.xlsm)
ND,mining,2.54,0.986,1.393,1.9366141732283462,0.284,0.071,0.065,1.0,0.229,0.19,0.691,0.136,0.112,2014,JEDI JEDI Natural Gas Model Deflators sheet,1.1512656891351583,1.7772514413667098e-05,JEDI jedi-ngas-model_rel-ng4-17-17.xlsm Household Exp sheet; 2014 IMPLAN state PCE,JEDI IMPLAN state I-O (jedi-ngas-model_rel-ng4-17-17.xlsm)
NE,mining,4.363,1.635,1.612,1.744212697685079,0.214,0.087,0.07,1.0,0.283,0.211,0.376,0.147,0.12,2014,JEDI JEDI Natural Gas Model Deflators sheet,1.1512656891351583,2.0100264979982797e-06,JEDI jedi-ngas-model_rel-ng4-17-17.xlsm Household Exp sheet; 2014 IMPLAN state PCE,JEDI IMPLAN state I-O (jedi-ngas-model_rel-ng4-17-17.xlsm)
NH,mining,5.067,1.802,1.489,1.6494967436352872,0.148,0.105,0.078,1.0,0.304,0.204,0.333,0.161,0.125,2014,JEDI JEDI Natural Gas Model Deflators sheet,1.1512656891351583,1.717982414294884e-06,JEDI jedi-ngas-model_rel-ng4-17-17.xlsm Household Exp sheet; 2014 IMPLAN state PCE,JEDI IMPLAN state I-O (jedi-ngas-model_rel-ng4-17-17.xlsm)
NJ,mining,3.733,1.842,2.555,2.1778730243771767,0.361,0.132,0.154,1.0,0.36,0.397,0.295,0.203,0.25,2014,JEDI JEDI Natural Gas Model Deflators sheet,1.1512656891351583,1.2543190654021425e-06,JEDI jedi-ngas-model_rel-ng4-17-17.xlsm Household Exp sheet; 2014 IMPLAN state PCE,JEDI IMPLAN state I-O (jedi-ngas-model_rel-ng4-17-17.xlsm)
NM,mining,2.587,1.413,1.471,2.114804793196753,0.217,0.081,0.056,1.0,0.332,0.194,0.602,0.18,0.105,2014,JEDI JEDI Natural Gas Model Deflators sheet,1.1512656891351583,2.3480613968216137e-05,JEDI jedi-ngas-model_rel-ng4-17-17.xlsm Household Exp sheet; 2014 IMPLAN state PCE,JEDI IMPLAN state I-O (jedi-ngas-model_rel-ng4-17-17.xlsm)
NV,mining,2.315,1.026,1.022,1.8846652267818578,0.205,0.061,0.047,1.0,0.196,0.13,0.535,0.109,0.079,2014,JEDI JEDI Natural Gas Model Deflators sheet,1.1512656891351583,1.1249469601524793e-05,JEDI jedi-ngas-model_rel-ng4-17-17.xlsm Household Exp sheet; 2014 IMPLAN state PCE,JEDI IMPLAN state I-O (jedi-ngas-model_rel-ng4-17-17.xlsm)
NY,mining,5.274,1.902,2.142,1.7667804323094425,0.358,0.142,0.14,1.0,0.379,0.35,0.25,0.216,0.228,2014,JEDI JEDI Natural Gas Model Deflators sheet,1.1512656891351583,1.6327890029108609e-06,JEDI jedi-ngas-model_rel-ng4-17-17.xlsm Household Exp sheet; 2014 IMPLAN state PCE,JEDI IMPLAN state I-O (jedi-ngas-model_rel-ng4-17-17.xlsm)
OH,mining,3.12,1.965,2.075,2.2948717948717947,0.208,0.111,0.098,1.0,0.377,0.289,0.389,0.187,0.169,2014,JEDI JEDI Natural Gas Model Deflators sheet,1.1512656891351583,4.497899189093916e-06,JEDI jedi-ngas-model_rel-ng4-17-17.xlsm Household Exp sheet; 2014 IMPLAN state PCE,JEDI IMPLAN state I-O (jedi-ngas-model_rel-ng4-17-17.xlsm)
OK,mining,3.084,1.876,2.498,2.4182879377431905,0.342,0.132,0.107,1.0,0.408,0.328,0.551,0.212,0.183,2014,JEDI JEDI Natural Gas Model Deflators sheet,1.1512656891351583,2.06275835213656e-05,JEDI jedi-ngas-model_rel-ng4-17-17.xlsm Household Exp sheet; 2014 IMPLAN state PCE,JEDI IMPLAN state I-O (jedi-ngas-model_rel-ng4-17-17.xlsm)
OR,mining,5.289,2.259,1.7,1.7485346946492721,0.155,0.114,0.076,1.0,0.38,0.22,0.243,0.192,0.127,2014,JEDI JEDI Natural Gas Model Deflators sheet,1.1512656891351583,2.1103497251827175e-06,JEDI jedi-ngas-model_rel-ng4-17-17.xlsm Household Exp sheet; 2014 IMPLAN state PCE,JEDI IMPLAN state I-O (jedi-ngas-model_rel-ng4-17-17.xlsm)
PA,mining,2.283,1.355,1.828,2.394218134034166,0.215,0.09,0.098,1.0,0.284,0.262,0.575,0.153,0.156,2014,JEDI JEDI Natural Gas Model Deflators sheet,1.1512656891351583,7.603598691311655e-06,JEDI jedi-ngas-model_rel-ng4-17-17.xlsm Household Exp sheet; 2014 IMPLAN state PCE,JEDI IMPLAN state I-O (jedi-ngas-model_rel-ng4-17-17.xlsm)
RI,mining,5.234,1.925,1.802,1.7120748949178448,0.197,0.111,0.094,1.0,0.327,0.254,0.256,0.182,0.156,2014,JEDI JEDI Natural Gas Model Deflators sheet,1.1512656891351583,9.475994393960937e-07,JEDI jedi-ngas-model_rel-ng4-17-17.xlsm Household Exp sheet; 2014 IMPLAN state PCE,JEDI IMPLAN state I-O (jedi-ngas-model_rel-ng4-17-17.xlsm)
SC,mining,4.848,1.754,1.176,1.6043729372937294,0.12,0.082,0.047,1.0,0.286,0.146,0.319,0.138,0.081,2014,JEDI JEDI Natural Gas Model Deflators sheet,1.1512656891351583,1.2506144101517982e-06,JEDI jedi-ngas-model_rel-ng4-17-17.xlsm Household Exp sheet; 2014 IMPLAN state PCE,JEDI IMPLAN state I-O (jedi-ngas-model_rel-ng4-17-17.xlsm)
SD,mining,4.918,1.96,1.279,1.6586010573403822,0.16,0.092,0.054,1.0,0.324,0.164,0.281,0.154,0.095,2014,JEDI JEDI Natural Gas Model Deflators sheet,1.1512656891351583,3.3045540792100384e-06,JEDI jedi-ngas-model_rel-ng4-17-17.xlsm Household Exp sheet; 2014 IMPLAN state PCE,JEDI IMPLAN state I-O (jedi-ngas-model_rel-ng4-17-17.xlsm)
TN,mining,3.489,1.684,1.442,1.8959587274290628,0.137,0.094,0.07,1.0,0.29,0.191,0.405,0.145,0.111,2014,JEDI JEDI Natural Gas Model Deflators sheet,1.1512656891351583,1.6208048456688673e-06,JEDI jedi-ngas-model_rel-ng4-17-17.xlsm Household Exp sheet; 2014 IMPLAN state PCE,JEDI IMPLAN state I-O (jedi-ngas-model_rel-ng4-17-17.xlsm)
TX,mining,1.876,1.091,2.152,2.728678038379531,0.296,0.091,0.109,1.0,0.301,0.324,0.727,0.18,0.185,2014,JEDI JEDI Natural Gas Model Deflators sheet,1.1512656891351583,2.145813723175278e-05,JEDI jedi-ngas-model_rel-ng4-17-17.xlsm Household Exp sheet; 2014 IMPLAN state PCE,JEDI IMPLAN state I-O (jedi-ngas-model_rel-ng4-17-17.xlsm)
UT,mining,2.686,1.717,2.067,2.4087862993298588,0.216,0.094,0.088,1.0,0.34,0.282,0.557,0.175,0.157,2014,JEDI JEDI Natural Gas Model Deflators sheet,1.1512656891351583,1.005186848248153e-05,JEDI jedi-ngas-model_rel-ng4-17-17.xlsm Household Exp sheet; 2014 IMPLAN state PCE,JEDI IMPLAN state I-O (jedi-ngas-model_rel-ng4-17-17.xlsm)
VA,mining,2.472,1.589,1.694,2.328074433656958,0.222,0.1,0.089,1.0,0.302,0.244,0.383,0.162,0.149,2014,JEDI JEDI Natural Gas Model Deflators sheet,1.1512656891351583,3.091334566840535e-06,JEDI jedi-ngas-model_rel-ng4-17-17.xlsm Household Exp sheet; 2014 IMPLAN state PCE,JEDI IMPLAN state I-O (jedi-ngas-model_rel-ng4-17-17.xlsm)
VT,mining,4.407,1.507,1.196,1.6133424098025866,0.131,0.072,0.05,1.0,0.239,0.147,0.464,0.116,0.084,2014,JEDI JEDI Natural Gas Model Deflators sheet,1.1512656891351583,2.1244916594583427e-06,JEDI jedi-ngas-model_rel-ng4-17-17.xlsm Household Exp sheet; 2014 IMPLAN state PCE,JEDI IMPLAN state I-O (jedi-ngas-model_rel-ng4-17-17.xlsm)
WA,mining,4.319,1.71,1.015,1.630933086362584,0.115,0.107,0.057,1.0,0.357,0.173,0.327,0.189,0.106,2014,JEDI JEDI Natural Gas Model Deflators sheet,1.1512656891351583,1.6061511540393748e-06,JEDI jedi-ngas-model_rel-ng4-17-17.xlsm Household Exp sheet; 2014 IMPLAN state PCE,JEDI IMPLAN state I-O (jedi-ngas-model_rel-ng4-17-17.xlsm)
WI,mining,3.808,1.401,1.551,1.7752100840336136,0.179,0.074,0.069,1.0,0.244,0.209,0.495,0.123,0.12,2014,JEDI JEDI Natural Gas Model Deflators sheet,1.1512656891351583,1.1620933271415177e-06,JEDI jedi-ngas-model_rel-ng4-17-17.xlsm Household Exp sheet; 2014 IMPLAN state PCE,JEDI IMPLAN state I-O (jedi-ngas-model_rel-ng4-17-17.xlsm)
WV,mining,2.09,1.549,1.252,2.3401913875598086,0.167,0.086,0.051,1.0,0.33,0.152,0.424,0.157,0.088,2014,JEDI JEDI Natural Gas Model Deflators sheet,1.1512656891351583,1.3350154124952537e-05,JEDI jedi-ngas-model_rel-ng4-17-17.xlsm Household Exp sheet; 2014 IMPLAN state PCE,JEDI IMPLAN state I-O (jedi-ngas-model_rel-ng4-17-17.xlsm)
WY,mining,1.692,0.888,0.793,1.9934988179669033,0.186,0.058,0.031,1.0,0.254,0.103,0.678,0.151,0.059,2014,JEDI JEDI Natural Gas Model Deflators sheet,1.1512656891351583,2.707344933607524e-05,JEDI jedi-ngas-model_rel-ng4-17-17.xlsm Household Exp sheet; 2014 IMPLAN state PCE,JEDI IMPLAN state I-O (jedi-ngas-model_rel-ng4-17-17.xlsm)
AK,construction,4.605736504984849,1.9416188101673797,1.8046295557321455,1.813387470569563,0.3873128592967987,0.093869648873806,0.0948505774140358,1.0,0.28123247623443604,0.27299535274505615,0.5187490582466125,0.1644601672887802,0.16704371571540833,2014,JEDI JEDI Natural Gas Model Deflators sheet,1.1512656891351583,0.0,JEDI jedi-ngas-model_rel-ng4-17-17.xlsm Household Exp sheet; 2014 IMPLAN state PCE,JEDI IMPLAN state I-O (jedi-ngas-model_rel-ng4-17-17.xlsm)
AL,construction,5.658464877060176,2.8524229298181676,2.2048804339577495,1.8937589034578246,0.2988773584365845,0.12155184149742126,0.09278479963541031,1.0,0.38916492462158203,0.28961315751075745,0.3755316734313965,0.209515780210495,0.1625765711069107,2014,JEDI JEDI Natural Gas Model Deflators sheet,1.1512656891351583,0.0,JEDI jedi-ngas-model_rel-ng4-17-17.xlsm Household Exp sheet; 2014 IMPLAN state PCE,JEDI IMPLAN state I-O (jedi-ngas-model_rel-ng4-17-17.xlsm)
AR,construction,5.864647720579456,3.0196375131301587,1.9048106057150558,1.8396835331754002,0.25795885920524597,0.1222056895494461,0.07926825433969498,1.0,0.397127628326416,0.2597237527370453,0.3444233536720276,0.21740399301052094,0.14967960119247437,2014,JEDI JEDI Natural Gas Model Deflators sheet,1.1512656891351583,0.0,JEDI jedi-ngas-model_rel-ng4-17-17.xlsm Household Exp sheet; 2014 IMPLAN state PCE,JEDI IMPLAN state I-O (jedi-ngas-model_rel-ng4-17-17.xlsm)
AZ,construction,5.424763932127283,2.870700918963748,2.835806679336174,2.0519365763557116,0.2783263027667999,0.1371481567621231,0.13427571952342987,1.0,0.3971598148345947,0.3950732946395874,0.43433481454849243,0.23003126680850983,0.22802995145320892,2014,JEDI JEDI Natural Gas Model Deflators sheet,1.1512656891351583,0.0,JEDI jedi-ngas-model_rel-ng4-17-17.xlsm Household Exp sheet; 2014 IMPLAN state PCE,JEDI IMPLAN state I-O (jedi-ngas-model_rel-ng4-17-17.xlsm)
CA,construction,5.290770033778936,2.9360729408600177,2.6419363354048158,2.0542906307875826,0.314388632774353,0.1757407784461975,0.15672792494297028,1.0,0.5296444892883301,0.44126397371292114,0.43802809715270996,0.3027336299419403,0.2709805369377136,2014,JEDI JEDI Natural Gas Model Deflators sheet,1.1512656891351583,0.0,JEDI jedi-ngas-model_rel-ng4-17-17.xlsm Household Exp sheet; 2014 IMPLAN state PCE,JEDI IMPLAN state I-O (jedi-ngas-model_rel-ng4-17-17.xlsm)
CO,construction,5.648863013397036,3.169258980854897,2.8614471728491675,2.067596459570968,0.3060415983200073,0.16414204239845276,0.14918476343154907,1.0,0.4730795621871948,0.43198758363723755,0.39802560210227966,0.2657584547996521,0.25204044580459595,2014,JEDI JEDI Natural Gas Model Deflators sheet,1.1512656891351583,0.0,JEDI jedi-ngas-model_rel-ng4-17-17.xlsm Household Exp sheet; 2014 IMPLAN state PCE,JEDI IMPLAN state I-O (jedi-ngas-model_rel-ng4-17-17.xlsm)
CT,construction,5.165300016293229,2.5532904285257403,2.3583991367186132,1.9509011189574863,0.3574656844139099,0.15497986972332,0.15283538401126862,1.0,0.3889995813369751,0.386125773191452,0.414131760597229,0.2439885288476944,0.24717892706394196,2014,JEDI JEDI Natural Gas Model Deflators sheet,1.1512656891351583,0.0,JEDI jedi-ngas-model_rel-ng4-17-17.xlsm Household Exp sheet; 2014 IMPLAN state PCE,JEDI IMPLAN state I-O (jedi-ngas-model_rel-ng4-17-17.xlsm)
DC,construction,5.172071493412729,1.2707790245542459,0.6188673921440138,1.365355819057211,0.3712247908115387,0.08731483668088913,0.050399500876665115,1.0,0.18371069431304932,0.10533727705478668,0.4872872829437256,0.1274152547121048,0.07261889427900314,2014,JEDI JEDI Natural Gas Model Deflators sheet,1.1512656891351583,0.0,JEDI jedi-ngas-model_rel-ng4-17-17.xlsm Household Exp sheet; 2014 IMPLAN state PCE,JEDI IMPLAN state I-O (jedi-ngas-model_rel-ng4-17-17.xlsm)
DE,construction,5.752076230852516,2.694446186466449,2.067108369499808,1.827797540377963,0.3182210922241211,0.13608837127685547,0.11497493088245392,1.0,0.36489951610565186,0.3115060031414032,0.39379024505615234,0.21843089163303375,0.1986618936061859,2014,JEDI JEDI Natural Gas Model Deflators sheet,1.1512656891351583,0.0,JEDI jedi-ngas-model_rel-ng4-17-17.xlsm Household Exp sheet; 2014 IMPLAN state PCE,JEDI IMPLAN state I-O (jedi-ngas-model_rel-ng4-17-17.xlsm)
FL,construction,5.679083343196725,3.4065510809688826,2.8695018221597346,2.105117238796475,0.2458796352148056,0.1538388431072235,0.1276099532842636,1.0,0.4605940580368042,0.38461726903915405,0.4063924551010132,0.2604314088821411,0.2213599681854248,2014,JEDI JEDI Natural Gas Model Deflators sheet,1.1512656891351583,0.0,JEDI jedi-ngas-model_rel-ng4-17-17.xlsm Household Exp sheet; 2014 IMPLAN state PCE,JEDI IMPLAN state I-O (jedi-ngas-model_rel-ng4-17-17.xlsm)
GA,construction,5.6240884963707005,3.2325781999223895,2.5988470178472163,2.036865835509648,0.2664552927017212,0.15120598673820496,0.12497276067733765,1.0,0.45488548278808594,0.3807808458805084,0.37469714879989624,0.2564360201358795,0.21921439468860626,2014,JEDI JEDI Natural Gas Model Deflators sheet,1.1512656891351583,0.0,JEDI jedi-ngas-model_rel-ng4-17-17.xlsm Household Exp sheet; 2014 IMPLAN state PCE,JEDI IMPLAN state I-O (jedi-ngas-model_rel-ng4-17-17.xlsm)
HI,construction,4.746385538295475,2.2205186831806043,2.2064078792328257,1.9326942631809954,0.3389080762863159,0.09711305052042007,0.10240647941827774,1.0,0.31091737747192383,0.3061724901199341,0.5101606249809265,0.17278382182121277,0.1822294443845749,2014,JEDI JEDI Natural Gas Model Deflators sheet,1.1512656891351583,0.0,JEDI jedi-ngas-model_rel-ng4-17-17.xlsm Household Exp sheet; 2014 IMPLAN state PCE,JEDI IMPLAN state I-O (jedi-ngas-model_rel-ng4-17-17.xlsm)
IA,construction,5.598390967932976,2.913186711580764,2.2481988001373776,1.9219408828861797,0.3196384310722351,0.11916922777891159,0.09611231088638306,1.0,0.36245036125183105,0.29622548818588257,0.39774155616760254,0.19501769542694092,0.1681116223335266,2014,JEDI JEDI Natural Gas Model Deflators sheet,1.1512656891351583,0.0,JEDI jedi-ngas-model_rel-ng4-17-17.xlsm Household Exp sheet; 2014 IMPLAN state PCE,JEDI IMPLAN state I-O (jedi-ngas-model_rel-ng4-17-17.xlsm)
ID,construction,6.161492007959355,3.400061824472954,2.2220004550697405,1.912451443948993,0.2508664131164551,0.1358499526977539,0.08576099574565887,1.0,0.42445194721221924,0.2753266394138336,0.32925111055374146,0.22170333564281464,0.1460578292608261,2014,JEDI JEDI Natural Gas Model Deflators sheet,1.1512656891351583,0.0,JEDI jedi-ngas-model_rel-ng4-17-17.xlsm Household Exp sheet; 2014 IMPLAN state PCE,JEDI IMPLAN state I-O (jedi-ngas-model_rel-ng4-17-17.xlsm)
IL,construction,5.076730913416381,2.773124388133311,2.7923303877673495,2.096267434855119,0.31914177536964417,0.14951097965240479,0.15348105132579803,1.0,0.4286923408508301,0.42739376425743103,0.45214009284973145,0.2434602677822113,0.2560582160949707,2014,JEDI JEDI Natural Gas Model Deflators sheet,1.1512656891351583,0.0,JEDI jedi-ngas-model_rel-ng4-17-17.xlsm Household Exp sheet; 2014 IMPLAN state PCE,JEDI IMPLAN state I-O (jedi-ngas-model_rel-ng4-17-17.xlsm)
IN,construction,5.737118537803249,2.961146493587335,2.426059826988963,1.9390090661503165,0.30834564566612244,0.12412342429161072,0.10415621101856232,1.0,0.40114152431488037,0.32054296135902405,0.38561004400253296,0.21517151594161987,0.18161551654338837,2014,JEDI JEDI Natural Gas Model Deflators sheet,1.1512656891351583,0.0,JEDI jedi-ngas-model_rel-ng4-17-17.xlsm Household Exp sheet; 2014 IMPLAN state PCE,JEDI IMPLAN state I-O (jedi-ngas-model_rel-ng4-17-17.xlsm)
KS,construction,5.830203625118786,3.055180496622705,2.2255427556340317,1.905752799011226,0.30468523502349854,0.13089054822921753,0.1001310721039772,1.0,0.4144350290298462,0.3090541958808899,0.37633466720581055,0.2213694453239441,0.17418672144412994,2014,JEDI JEDI Natural Gas Model Deflators sheet,1.1512656891351583,0.0,JEDI jedi-ngas-model_rel-ng4-17-17.xlsm Household Exp sheet; 2014 IMPLAN state PCE,JEDI IMPLAN state I-O (jedi-ngas-model_rel-ng4-17-17.xlsm)
KY,construction,5.636659357350732,2.884599262136133,2.0898346283128824,1.882514548969841,0.273131400346756,0.11853006482124329,0.09044133126735687,1.0,0.36311328411102295,0.26944345235824585,0.38281214237213135,0.19285719096660614,0.14944685995578766,2014,JEDI JEDI Natural Gas Model Deflators sheet,1.1512656891351583,0.0,JEDI jedi-ngas-model_rel-ng4-17-17.xlsm Household Exp sheet; 2014 IMPLAN state PCE,JEDI IMPLAN state I-O (jedi-ngas-model_rel-ng4-17-17.xlsm)
LA,construction,5.459092594353836,2.3965543652100108,2.066493710251209,1.8175439412911234,0.33333873748779297,0.10615894198417664,0.09109111875295639,1.0,0.347975492477417,0.280818372964859,0.4300548732280731,0.18896618485450745,0.15973417460918427,2014,JEDI JEDI Natural Gas Model Deflators sheet,1.1512656891351583,0.0,JEDI jedi-ngas-model_rel-ng4-17-17.xlsm Household Exp sheet; 2014 IMPLAN state PCE,JEDI IMPLAN state I-O (jedi-ngas-model_rel-ng4-17-17.xlsm)
MA,construction,5.231740931758966,2.630187595371708,2.529597302761542,1.986246254437235,0.3473448157310486,0.16212105751037598,0.16709764301776886,1.0,0.3944898843765259,0.40234270691871643,0.42516887187957764,0.2376623898744583,0.25230973958969116,2014,JEDI JEDI Natural Gas Model Deflators sheet,1.1512656891351583,0.0,JEDI jedi-ngas-model_rel-ng4-17-17.xlsm Household Exp sheet; 2014 IMPLAN state PCE,JEDI IMPLAN state I-O (jedi-ngas-model_rel-ng4-17-17.xlsm)
MD,construction,5.354560075013932,2.3654046615372093,2.3806282145941893,1.8863534650172076,0.3610210418701172,0.12162084877490997,0.12998422980308533,1.0,0.3310588598251343,0.35874131321907043,0.4364549517631531,0.20135469734668732,0.22205621004104614,2014,JEDI JEDI Natural Gas Model Deflators sheet,1.1512656891351583,0.0,JEDI jedi-ngas-model_rel-ng4-17-17.xlsm Household Exp sheet; 2014 IMPLAN state PCE,JEDI IMPLAN state I-O (jedi-ngas-model_rel-ng4-17-17.xlsm)
ME,construction,6.0965794466917975,3.5977053354368387,2.593488234461003,2.015519214345248,0.2547515034675598,0.14712733030319214,0.11062056571245193,1.0,0.4450608491897583,0.33159610629081726,0.3046811819076538,0.24593695998191833,0.18960605561733246,2014,JEDI JEDI Natural Gas Model Deflators sheet,1.1512656891351583,0.0,JEDI jedi-ngas-model_rel-ng4-17-17.xlsm Household Exp sheet; 2014 IMPLAN state PCE,JEDI IMPLAN state I-O (jedi-ngas-model_rel-ng4-17-17.xlsm)
MI,construction,5.650198221435767,3.1454679186263195,2.7353245485752993,2.0408117090283704,0.28968995809555054,0.14914636313915253,0.1282079815864563,1.0,0.458640456199646,0.3762068450450897,0.37805160880088806,0.2484009563922882,0.2140694260597229,2014,JEDI JEDI Natural Gas Model Deflators sheet,1.1512656891351583,0.0,JEDI jedi-ngas-model_rel-ng4-17-17.xlsm Household Exp sheet; 2014 IMPLAN state PCE,JEDI IMPLAN state I-O (jedi-ngas-model_rel-ng4-17-17.xlsm)
MN,construction,5.140882706046487,2.977011291893685,2.811133961697407,2.125904943675008,0.2982232868671417,0.1541558802127838,0.15181812644004822,1.0,0.44953835010528564,0.42065536975860596,0.4466434121131897,0.24422764778137207,0.24296630918979645,2014,JEDI JEDI Natural Gas Model Deflators sheet,1.1512656891351583,0.0,JEDI jedi-ngas-model_rel-ng4-17-17.xlsm Household Exp sheet; 2014 IMPLAN state PCE,JEDI IMPLAN state I-O (jedi-ngas-model_rel-ng4-17-17.xlsm)
MO,construction,5.812212401212292,3.261789625077428,2.7539172523453934,2.035011534707177,0.30688920617103577,0.14591744542121887,0.13086193799972534,1.0,0.431740403175354,0.38885143399238586,0.363197922706604,0.23871999979019165,0.22124725580215454,2014,JEDI JEDI Natural Gas Model Deflators sheet,1.1512656891351583,0.0,JEDI jedi-ngas-model_rel-ng4-17-17.xlsm Household Exp sheet; 2014 IMPLAN state PCE,JEDI IMPLAN state I-O (jedi-ngas-model_rel-ng4-17-17.xlsm)
MS,construction,5.682670408223853,2.789715415999188,1.8571133888699471,1.8177192184407411,0.26657211780548096,0.10449788719415665,0.06901265680789948,1.0,0.3477904796600342,0.2300856113433838,0.36894333362579346,0.18091046810150146,0.12313041090965271,2014,JEDI JEDI Natural Gas Model Deflators sheet,1.1512656891351583,0.0,JEDI jedi-ngas-model_rel-ng4-17-17.xlsm Household Exp sheet; 2014 IMPLAN state PCE,JEDI IMPLAN state I-O (jedi-ngas-model_rel-ng4-17-17.xlsm)
MT,construction,5.7962149001328624,3.21511596926201,2.1852724630812816,1.9317094906573429,0.2647545635700226,0.12755966186523438,0.08444522321224213,1.0,0.3910161256790161,0.26508522033691406,0.3636753559112549,0.1975191831588745,0.1410827934741974,2014,JEDI JEDI Natural Gas Model Deflators sheet,1.1512656891351583,0.0,JEDI jedi-ngas-model_rel-ng4-17-17.xlsm Household Exp sheet; 2014 IMPLAN state PCE,JEDI IMPLAN state I-O (jedi-ngas-model_rel-ng4-17-17.xlsm)
NC,construction,5.834,3.372,2.597,2.0231402125471374,0.262,0.153,0.123,1.0,0.46,0.357,0.359,0.256,0.209,2014,JEDI JEDI Natural Gas Model Deflators sheet,1.1512656891351583,0.0,JEDI jedi-ngas-model_rel-ng4-17-17.xlsm Household Exp sheet; 2014 IMPLAN state PCE,JEDI IMPLAN state I-O (jedi-ngas-model_rel-ng4-17-17.xlsm)
ND,construction,5.409,2.46,1.88,1.8023664263264927,0.376,0.117,0.09,1.0,0.341,0.266,0.452,0.196,0.156,2014,JEDI JEDI Natural Gas Model Deflators sheet,1.1512656891351583,0.0,JEDI jedi-ngas-model_rel-ng4-17-17.xlsm Household Exp sheet; 2014 IMPLAN state PCE,JEDI IMPLAN state I-O (jedi-ngas-model_rel-ng4-17-17.xlsm)
NE,construction,5.474,2.917,2.327,1.9579831932773109,0.325,0.122,0.105,1.0,0.372,0.314,0.416,0.207,0.18,2014,JEDI JEDI Natural Gas Model Deflators sheet,1.1512656891351583,0.0,JEDI jedi-ngas-model_rel-ng4-17-17.xlsm Household Exp sheet; 2014 IMPLAN state PCE,JEDI IMPLAN state I-O (jedi-ngas-model_rel-ng4-17-17.xlsm)
NH,construction,5.792,3.318,2.884,2.0707872928176796,0.336,0.173,0.157,1.0,0.427,0.409,0.33,0.254,0.251,2014,JEDI JEDI Natural Gas Model Deflators sheet,1.1512656891351583,0.0,JEDI jedi-ngas-model_rel-ng4-17-17.xlsm Household Exp sheet; 2014 IMPLAN state PCE,JEDI IMPLAN state I-O (jedi-ngas-model_rel-ng4-17-17.xlsm)
NJ,construction,4.964,2.458,2.569,2.012691377921031,0.36,0.149,0.16,1.0,0.386,0.413,0.46,0.236,0.26,2014,JEDI JEDI Natural Gas Model Deflators sheet,1.1512656891351583,0.0,JEDI jedi-ngas-model_rel-ng4-17-17.xlsm Household Exp sheet; 2014 IMPLAN state PCE,JEDI IMPLAN state I-O (jedi-ngas-model_rel-ng4-17-17.xlsm)
NM,construction,5.827,2.697,1.809,1.7732967221554832,0.272,0.107,0.071,1.0,0.351,0.247,0.395,0.189,0.134,2014,JEDI JEDI Natural Gas Model Deflators sheet,1.1512656891351583,0.0,JEDI jedi-ngas-model_rel-ng4-17-17.xlsm Household Exp sheet; 2014 IMPLAN state PCE,JEDI IMPLAN state I-O (jedi-ngas-model_rel-ng4-17-17.xlsm)
NV,construction,5.32,1.029,1.386,1.4539473684210527,0.319,0.054,0.066,1.0,0.162,0.182,0.469,0.093,0.111,2014,JEDI JEDI Natural Gas Model Deflators sheet,1.1512656891351583,0.0,JEDI jedi-ngas-model_rel-ng4-17-17.xlsm Household Exp sheet; 2014 IMPLAN state PCE,JEDI IMPLAN state I-O (jedi-ngas-model_rel-ng4-17-17.xlsm)
NY,construction,4.978,2.234,1.92,1.8344716753716352,0.333,0.139,0.13,1.0,0.355,0.325,0.473,0.222,0.211,2014,JEDI JEDI Natural Gas Model Deflators sheet,1.1512656891351583,0.0,JEDI jedi-ngas-model_rel-ng4-17-17.xlsm Household Exp sheet; 2014 IMPLAN state PCE,JEDI IMPLAN state I-O (jedi-ngas-model_rel-ng4-17-17.xlsm)
OH,construction,5.69,3.287,2.897,2.086818980667838,0.304,0.155,0.142,1.0,0.485,0.417,0.378,0.264,0.243,2014,JEDI JEDI Natural Gas Model Deflators sheet,1.1512656891351583,0.0,JEDI jedi-ngas-model_rel-ng4-17-17.xlsm Household Exp sheet; 2014 IMPLAN state PCE,JEDI IMPLAN state I-O (jedi-ngas-model_rel-ng4-17-17.xlsm)
OK,construction,5.765,3.071,2.335,1.9377276669557675,0.314,0.141,0.103,1.0,0.426,0.317,0.369,0.229,0.177,2014,JEDI JEDI Natural Gas Model Deflators sheet,1.1512656891351583,0.0,JEDI jedi-ngas-model_rel-ng4-17-17.xlsm Household Exp sheet; 2014 IMPLAN state PCE,JEDI IMPLAN state I-O (jedi-ngas-model_rel-ng4-17-17.xlsm)
OR,construction,5.626,3.126,2.744,2.0433700675435476,0.31,0.14,0.127,1.0,0.4,0.366,0.408,0.221,0.212,2014,JEDI JEDI Natural Gas Model Deflators sheet,1.1512656891351583,0.0,JEDI jedi-ngas-model_rel-ng4-17-17.xlsm Household Exp sheet; 2014 IMPLAN state PCE,JEDI IMPLAN state I-O (jedi-ngas-model_rel-ng4-17-17.xlsm)
PA,construction,5.575,3.112,2.904,2.079103139013453,0.339,0.161,0.162,1.0,0.453,0.431,0.397,0.252,0.257,2014,JEDI JEDI Natural Gas Model Deflators sheet,1.1512656891351583,0.0,JEDI jedi-ngas-model_rel-ng4-17-17.xlsm Household Exp sheet; 2014 IMPLAN state PCE,JEDI IMPLAN state I-O (jedi-ngas-model_rel-ng4-17-17.xlsm)
RI,construction,5.035,2.486,2.365,1.9634558093346575,0.294,0.126,0.127,1.0,0.332,0.345,0.446,0.202,0.212,2014,JEDI JEDI Natural Gas Model Deflators sheet,1.1512656891351583,0.0,JEDI jedi-ngas-model_rel-ng4-17-17.xlsm Household Exp sheet; 2014 IMPLAN state PCE,JEDI IMPLAN state I-O (jedi-ngas-model_rel-ng4-17-17.xlsm)
SC,construction,5.725,2.983,2.146,1.8958951965065503,0.259,0.122,0.088,1.0,0.376,0.275,0.378,0.207,0.154,2014,JEDI JEDI Natural Gas Model Deflators sheet,1.1512656891351583,0.0,JEDI jedi-ngas-model_rel-ng4-17-17.xlsm Household Exp sheet; 2014 IMPLAN state PCE,JEDI IMPLAN state I-O (jedi-ngas-model_rel-ng4-17-17.xlsm)
SD,construction,6.014,3.095,2.043,1.8543398736282009,0.289,0.127,0.089,1.0,0.381,0.271,0.353,0.215,0.156,2014,JEDI JEDI Natural Gas Model Deflators sheet,1.1512656891351583,0.0,JEDI jedi-ngas-model_rel-ng4-17-17.xlsm Household Exp sheet; 2014 IMPLAN state PCE,JEDI IMPLAN state I-O (jedi-ngas-model_rel-ng4-17-17.xlsm)
TN,construction,5.783,3.281,2.957,2.0786788863911463,0.332,0.158,0.149,1.0,0.447,0.404,0.35,0.251,0.236,2014,JEDI JEDI Natural Gas Model Deflators sheet,1.1512656891351583,0.0,JEDI jedi-ngas-model_rel-ng4-17-17.xlsm Household Exp sheet; 2014 IMPLAN state PCE,JEDI IMPLAN state I-O (jedi-ngas-model_rel-ng4-17-17.xlsm)
TX,construction,5.177,2.882,2.693,2.0768785010623914,0.339,0.159,0.14,1.0,0.517,0.419,0.443,0.278,0.239,2014,JEDI JEDI Natural Gas Model Deflators sheet,1.1512656891351583,0.0,JEDI jedi-ngas-model_rel-ng4-17-17.xlsm Household Exp sheet; 2014 IMPLAN state PCE,JEDI IMPLAN state I-O (jedi-ngas-model_rel-ng4-17-17.xlsm)
UT,construction,5.594,3.204,2.914,2.093671791204862,0.305,0.147,0.128,1.0,0.466,0.411,0.427,0.246,0.229,2014,JEDI JEDI Natural Gas Model Deflators sheet,1.1512656891351583,0.0,JEDI jedi-ngas-model_rel-ng4-17-17.xlsm Household Exp sheet; 2014 IMPLAN state PCE,JEDI IMPLAN state I-O (jedi-ngas-model_rel-ng4-17-17.xlsm)
VA,construction,5.649,2.726,2.214,1.8744910603646663,0.3,0.134,0.12,1.0,0.375,0.329,0.398,0.223,0.201,2014,JEDI JEDI Natural Gas Model Deflators sheet,1.1512656891351583,0.0,JEDI jedi-ngas-model_rel-ng4-17-17.xlsm Household Exp sheet; 2014 IMPLAN state PCE,JEDI IMPLAN state I-O (jedi-ngas-model_rel-ng4-17-17.xlsm)
VT,construction,6.153,3.23,2.419,1.9180887372013653,0.285,0.139,0.105,1.0,0.396,0.308,0.301,0.22,0.175,2014,JEDI JEDI Natural Gas Model Deflators sheet,1.1512656891351583,0.0,JEDI jedi-ngas-model_rel-ng4-17-17.xlsm Household Exp sheet; 2014 IMPLAN state PCE,JEDI IMPLAN state I-O (jedi-ngas-model_rel-ng4-17-17.xlsm)
WA,construction,5.287,2.313,2.059,1.8269339890296954,0.333,0.133,0.12,1.0,0.412,0.364,0.453,0.239,0.221,2014,JEDI JEDI Natural Gas Model Deflators sheet,1.1512656891351583,0.0,JEDI jedi-ngas-model_rel-ng4-17-17.xlsm Household Exp sheet; 2014 IMPLAN state PCE,JEDI IMPLAN state I-O (jedi-ngas-model_rel-ng4-17-17.xlsm)
WI,construction,5.666,3.168,2.646,2.026120720084716,0.307,0.14,0.122,1.0,0.432,0.369,0.386,0.233,0.212,2014,JEDI JEDI Natural Gas Model Deflators sheet,1.1512656891351583,0.0,JEDI jedi-ngas-model_rel-ng4-17-17.xlsm Household Exp sheet; 2014 IMPLAN state PCE,JEDI IMPLAN state I-O (jedi-ngas-model_rel-ng4-17-17.xlsm)
WV,construction,5.382,2.288,1.924,1.7826086956521738,0.311,0.092,0.082,1.0,0.275,0.241,0.448,0.154,0.139,2014,JEDI JEDI Natural Gas Model Deflators sheet,1.1512656891351583,0.0,JEDI jedi-ngas-model_rel-ng4-17-17.xlsm Household Exp sheet; 2014 IMPLAN state PCE,JEDI IMPLAN state I-O (jedi-ngas-model_rel-ng4-17-17.xlsm)
WY,construction,5.148,1.91,1.209,1.605866355866356,0.306,0.079,0.049,1.0,0.263,0.163,0.48,0.146,0.093,2014,JEDI JEDI Natural Gas Model Deflators sheet,1.1512656891351583,0.0,JEDI jedi-ngas-model_rel-ng4-17-17.xlsm Household Exp sheet; 2014 IMPLAN state PCE,JEDI IMPLAN state I-O (jedi-ngas-model_rel-ng4-17-17.xlsm)
AK,manufacturing,2.026583535391288,1.5137740180773516,0.7615042489575387,2.122716249935182,0.10937891900539398,0.09419683367013931,0.03990050032734871,1.0,0.3944960832595825,0.11487080901861191,0.17091809213161469,0.23617777228355408,0.07028418779373169,2014,JEDI JEDI Natural Gas Model Deflators sheet,1.1512656891351583,0.047516154386840946,JEDI jedi-ngas-model_rel-ng4-17-17.xlsm Household Exp sheet; 2014 IMPLAN state PCE,JEDI IMPLAN state I-O (jedi-ngas-model_rel-ng4-17-17.xlsm)
AL,manufacturing,1.722263429314655,1.7196063792779104,1.1088404815041355,2.642284689228742,0.12141793966293335,0.08865008503198624,0.04651658982038498,1.0,0.3344123363494873,0.14524440467357635,0.23354128003120422,0.15711915493011475,0.08152260631322861,2014,JEDI JEDI Natural Gas Model Deflators sheet,1.1512656891351583,0.04538769937511271,JEDI jedi-ngas-model_rel-ng4-17-17.xlsm Household Exp sheet; 2014 IMPLAN state PCE,JEDI IMPLAN state I-O (jedi-ngas-model_rel-ng4-17-17.xlsm)
AR,manufacturing,2.108720255723294,1.9438472919298528,1.1091717009364783,2.447806547397697,0.12119415402412415,0.09888717532157898,0.04601067304611206,1.0,0.3826558589935303,0.15080870687961578,0.22446076571941376,0.18802979588508606,0.08690087497234344,2014,JEDI JEDI Natural Gas Model Deflators sheet,1.1512656891351583,0.038716140993729095,JEDI jedi-ngas-model_rel-ng4-17-17.xlsm Household Exp sheet; 2014 IMPLAN state PCE,JEDI IMPLAN state I-O (jedi-ngas-model_rel-ng4-17-17.xlsm)
AZ,manufacturing,2.356520261784001,1.907002834359583,1.9623782555183102,2.64198931476557,0.18053582310676575,0.10553905367851257,0.09262186288833618,1.0,0.3561077117919922,0.2725696265697479,0.2828947901725769,0.188335120677948,0.1573125272989273,2014,JEDI JEDI Natural Gas Model Deflators sheet,1.1512656891351583,0.026016019839074693,JEDI jedi-ngas-model_rel-ng4-17-17.xlsm Household Exp sheet; 2014 IMPLAN state PCE,JEDI IMPLAN state I-O (jedi-ngas-model_rel-ng4-17-17.xlsm)
CA,manufacturing,1.775246228889162,2.1425552439571613,1.7716435052012987,3.2048765323150246,0.17018918693065643,0.15556126832962036,0.10477171093225479,1.0,0.5344880819320679,0.29503726959228516,0.31304657459259033,0.2833353281021118,0.18117055296897888,2014,JEDI JEDI Natural Gas Model Deflators sheet,1.1512656891351583,0.08424695211290217,JEDI jedi-ngas-model_rel-ng4-17-17.xlsm Household Exp sheet; 2014 IMPLAN state PCE,JEDI IMPLAN state I-O (jedi-ngas-model_rel-ng4-17-17.xlsm)
CO,manufacturing,2.0857658144441165,2.206959301080658,1.9077254534927746,2.9727453226430645,0.16759763658046722,0.14359860122203827,0.09914478659629822,1.0,0.4748932123184204,0.28713375329971313,0.29479125142097473,0.2511482834815979,0.16751626133918762,2014,JEDI JEDI Natural Gas Model Deflators sheet,1.1512656891351583,0.04678531295939246,JEDI jedi-ngas-model_rel-ng4-17-17.xlsm Household Exp sheet; 2014 IMPLAN state PCE,JEDI IMPLAN state I-O (jedi-ngas-model_rel-ng4-17-17.xlsm)
CT,manufacturing,2.169984452928626,1.2877870797942794,1.528411842591294,2.2977968199656047,0.23083196580410004,0.09507960081100464,0.09876995533704758,1.0,0.26870274543762207,0.2495947927236557,0.3433590531349182,0.15777528285980225,0.15976837277412415,2014,JEDI JEDI Natural Gas Model Deflators sheet,1.1512656891351583,0.02691443384820632,JEDI jedi-ngas-model_rel-ng4-17-17.xlsm Household Exp sheet; 2014 IMPLAN state PCE,JEDI IMPLAN state I-O (jedi-ngas-model_rel-ng4-17-17.xlsm)
DC,manufacturing,3.08948629795841,0.6678359405842833,0.378119351709433,1.3385531416614158,0.23142236471176147,0.06156931817531586,0.030698131769895554,1.0,0.12852728366851807,0.06416779011487961,0.3613860607147217,0.08565015345811844,0.044238001108169556,2014,JEDI JEDI Natural Gas Model Deflators sheet,1.1512656891351583,0.0014062697706346782,JEDI jedi-ngas-model_rel-ng4-17-17.xlsm Household Exp sheet; 2014 IMPLAN state PCE,JEDI IMPLAN state I-O (jedi-ngas-model_rel-ng4-17-17.xlsm)
DE,manufacturing,1.5283380989668185,1.3818146461340681,0.9562937588428925,2.529837152235857,0.11795216798782349,0.0937425047159195,0.053028371185064316,1.0,0.3025895357131958,0.14370977878570557,0.21175193786621094,0.16222496330738068,0.09165436029434204,2014,JEDI JEDI Natural Gas Model Deflators sheet,1.1512656891351583,0.027050818178525653,JEDI jedi-ngas-model_rel-ng4-17-17.xlsm Household Exp sheet; 2014 IMPLAN state PCE,JEDI IMPLAN state I-O (jedi-ngas-model_rel-ng4-17-17.xlsm)
FL,manufacturing,2.4512487914785415,2.2369546058194216,2.0152550557562448,2.734711578995139,0.16458460688591003,0.114292211830616,0.08933417499065399,1.0,0.3938964605331421,0.26929089426994324,0.2702983617782593,0.2035176157951355,0.15497776865959167,2014,JEDI JEDI Natural Gas Model Deflators sheet,1.1512656891351583,0.035882941443291544,JEDI jedi-ngas-model_rel-ng4-17-17.xlsm Household Exp sheet; 2014 IMPLAN state PCE,JEDI IMPLAN state I-O (jedi-ngas-model_rel-ng4-17-17.xlsm)
GA,manufacturing,1.9932190474384643,1.8277816656722212,1.5830523350164534,2.7112188472571654,0.1431550234556198,0.10924142599105835,0.07588813453912735,1.0,0.36730241775512695,0.23127566277980804,0.28081220388412476,0.18845073878765106,0.13313961029052734,2014,JEDI JEDI Natural Gas Model Deflators sheet,1.1512656891351583,0.04107786659675227,JEDI jedi-ngas-model_rel-ng4-17-17.xlsm Household Exp sheet; 2014 IMPLAN state PCE,JEDI IMPLAN state I-O (jedi-ngas-model_rel-ng4-17-17.xlsm)
HI,manufacturing,1.9979140202041468,2.2081797751623955,1.0273935547043185,2.6194757617928444,0.09947200864553452,0.10245998203754425,0.04753407463431358,1.0,0.36630380153656006,0.14213776588439941,0.16664054989814758,0.17803499102592468,0.08459474891424179,2014,JEDI JEDI Natural Gas Model Deflators sheet,1.1512656891351583,0.047717123505710834,JEDI jedi-ngas-model_rel-ng4-17-17.xlsm Household Exp sheet; 2014 IMPLAN state PCE,JEDI IMPLAN state I-O (jedi-ngas-model_rel-ng4-17-17.xlsm)
IA,manufacturing,1.754338828561423,1.722338654650287,1.23059667644676,2.6832183629649733,0.1415296196937561,0.09735876321792603,0.05244692414999008,1.0,0.3450453281402588,0.1616678237915039,0.22692137956619263,0.17275282740592957,0.09174755215644836,2014,JEDI JEDI Natural Gas Model Deflators sheet,1.1512656891351583,0.034478828789508933,JEDI jedi-ngas-model_rel-ng4-17-17.xlsm Household Exp sheet; 2014 IMPLAN state PCE,JEDI IMPLAN state I-O (jedi-ngas-model_rel-ng4-17-17.xlsm)
ID,manufacturing,1.9073630041483662,2.1859821463507876,1.2956194049669387,2.825348160651912,0.11277534067630768,0.11180654168128967,0.04984576255083084,1.0,0.3969869613647461,0.16006304323673248,0.19283029437065125,0.1869751363992691,0.08490468561649323,2014,JEDI JEDI Natural Gas Model Deflators sheet,1.1512656891351583,0.03484069857649076,JEDI jedi-ngas-model_rel-ng4-17-17.xlsm Household Exp sheet; 2014 IMPLAN state PCE,JEDI IMPLAN state I-O (jedi-ngas-model_rel-ng4-17-17.xlsm)
IL,manufacturing,1.715457132128903,1.8437573613825995,1.6813500789311666,3.054908498902019,0.15231293439865112,0.12775731086730957,0.09212988615036011,1.0,0.4058384895324707,0.2565923035144806,0.27503806352615356,0.20701080560684204,0.1537228226661682,2014,JEDI JEDI Natural Gas Model Deflators sheet,1.1512656891351583,0.053619903155567465,JEDI jedi-ngas-model_rel-ng4-17-17.xlsm Household Exp sheet; 2014 IMPLAN state PCE,JEDI IMPLAN state I-O (jedi-ngas-model_rel-ng4-17-17.xlsm)
IN,manufacturing,1.6580469796191133,1.579410516949618,1.2081934317177583,2.681257517388165,0.12832170724868774,0.08602409064769745,0.05170821771025658,1.0,0.3164334297180176,0.1591709703207016,0.28206318616867065,0.15080952644348145,0.09017953276634216,2014,JEDI JEDI Natural Gas Model Deflators sheet,1.1512656891351583,0.05450634659458658,JEDI jedi-ngas-model_rel-ng4-17-17.xlsm Household Exp sheet; 2014 IMPLAN state PCE,JEDI IMPLAN state I-O (jedi-ngas-model_rel-ng4-17-17.xlsm)
KS,manufacturing,1.6337242350759036,2.181515129147626,1.3086447858093888,3.1363213203450213,0.1311449408531189,0.12365885078907013,0.05869250372052193,1.0,0.45289885997772217,0.181168794631958,0.19458138942718506,0.20364852249622345,0.10210518538951874,2014,JEDI JEDI Natural Gas Model Deflators sheet,1.1512656891351583,0.043449039277708344,JEDI jedi-ngas-model_rel-ng4-17-17.xlsm Household Exp sheet; 2014 IMPLAN state PCE,JEDI IMPLAN state I-O (jedi-ngas-model_rel-ng4-17-17.xlsm)
KY,manufacturing,1.5472413139888725,1.7093222780525565,1.0525418403171982,2.7850248008499197,0.11370889842510223,0.08386458456516266,0.04540906846523285,1.0,0.31033265590667725,0.1353192776441574,0.23546051979064941,0.14888766407966614,0.0750487893819809,2014,JEDI JEDI Natural Gas Model Deflators sheet,1.1512656891351583,0.04175371942135115,JEDI jedi-ngas-model_rel-ng4-17-17.xlsm Household Exp sheet; 2014 IMPLAN state PCE,JEDI IMPLAN state I-O (jedi-ngas-model_rel-ng4-17-17.xlsm)
LA,manufacturing,0.6666777553600046,1.6226980245167626,0.7506034139577843,4.559892945870032,0.061380598694086075,0.09694401174783707,0.03298156335949898,1.0,0.3872779607772827,0.10169459134340286,0.22349625825881958,0.19976693391799927,0.057841651141643524,2014,JEDI JEDI Natural Gas Model Deflators sheet,1.1512656891351583,0.05444260811861787,JEDI jedi-ngas-model_rel-ng4-17-17.xlsm Household Exp sheet; 2014 IMPLAN state PCE,JEDI IMPLAN state I-O (jedi-ngas-model_rel-ng4-17-17.xlsm)
MA,manufacturing,2.0905524253459324,1.4176902925636234,1.601032443988079,2.4439832744458356,0.21350954473018646,0.10921596735715866,0.10544927418231964,1.0,0.29886627197265625,0.2539498209953308,0.34954386949539185,0.16731113195419312,0.1592496931552887,2014,JEDI JEDI Natural Gas Model Deflators sheet,1.1512656891351583,0.03500828748142488,JEDI jedi-ngas-model_rel-ng4-17-17.xlsm Household Exp sheet; 2014 IMPLAN state PCE,JEDI IMPLAN state I-O (jedi-ngas-model_rel-ng4-17-17.xlsm)
MD,manufacturing,2.140737982212744,1.2603738277121912,1.2946345229590666,2.1935175495089356,0.18075554072856903,0.07977741211652756,0.07046934962272644,1.0,0.24533963203430176,0.19453442096710205,0.3444408178329468,0.1367565393447876,0.12041112780570984,2014,JEDI JEDI Natural Gas Model Deflators sheet,1.1512656891351583,0.02171790025200587,JEDI jedi-ngas-model_rel-ng4-17-17.xlsm Household Exp sheet; 2014 IMPLAN state PCE,JEDI IMPLAN state I-O (jedi-ngas-model_rel-ng4-17-17.xlsm)
ME,manufacturing,2.4137295854432095,2.0997135034925263,1.6493957240880974,2.553243267261942,0.15788930654525757,0.09677305817604065,0.07013428211212158,1.0,0.3279132843017578,0.21030201017856598,0.21713751554489136,0.16431517899036407,0.1202458068728447,2014,JEDI JEDI Natural Gas Model Deflators sheet,1.1512656891351583,0.033381058637137924,JEDI jedi-ngas-model_rel-ng4-17-17.xlsm Household Exp sheet; 2014 IMPLAN state PCE,JEDI IMPLAN state I-O (jedi-ngas-model_rel-ng4-17-17.xlsm)
MI,manufacturing,1.7349949754370158,1.8602474388198063,1.583512919230527,2.984882035282499,0.14570987224578857,0.10713927447795868,0.07398808747529984,1.0,0.37695908546447754,0.21715985238552094,0.26227807998657227,0.17979305982589722,0.12355758249759674,2014,JEDI JEDI Natural Gas Model Deflators sheet,1.1512656891351583,0.05973790233816644,JEDI jedi-ngas-model_rel-ng4-17-17.xlsm Household Exp sheet; 2014 IMPLAN state PCE,JEDI IMPLAN state I-O (jedi-ngas-model_rel-ng4-17-17.xlsm)
MN,manufacturing,2.0609765588422073,2.0701627121006787,1.8974720122905797,2.925123654303061,0.17007237672805786,0.1340128630399704,0.1021595373749733,1.0,0.44561517238616943,0.2830956280231476,0.27622225880622864,0.22092628479003906,0.16350483894348145,2014,JEDI JEDI Natural Gas Model Deflators sheet,1.1512656891351583,0.05856184383305929,JEDI jedi-ngas-model_rel-ng4-17-17.xlsm Household Exp sheet; 2014 IMPLAN state PCE,JEDI IMPLAN state I-O (jedi-ngas-model_rel-ng4-17-17.xlsm)
MO,manufacturing,1.8184218102751089,1.920575080596521,1.45923280029967,2.858649000907474,0.1353948712348938,0.10335975140333176,0.06912313401699066,1.0,0.351969838142395,0.2054433822631836,0.24424803256988525,0.17814874649047852,0.11688853800296783,2014,JEDI JEDI Natural Gas Model Deflators sheet,1.1512656891351583,0.032299161689997004,JEDI jedi-ngas-model_rel-ng4-17-17.xlsm Household Exp sheet; 2014 IMPLAN state PCE,JEDI IMPLAN state I-O (jedi-ngas-model_rel-ng4-17-17.xlsm)
MS,manufacturing,1.7664804256879791,1.8425147756112974,0.978871959466129,2.597179733241935,0.10618958622217178,0.08867628872394562,0.03626222163438797,1.0,0.3366830348968506,0.12093354761600494,0.18817761540412903,0.15257513523101807,0.06471000611782074,2014,JEDI JEDI Natural Gas Model Deflators sheet,1.1512656891351583,0.03964616780246109,JEDI jedi-ngas-model_rel-ng4-17-17.xlsm Household Exp sheet; 2014 IMPLAN state PCE,JEDI IMPLAN state I-O (jedi-ngas-model_rel-ng4-17-17.xlsm)
MT,manufacturing,1.1422024619457718,2.17314596862523,0.9264163641188428,3.713671556497862,0.06170250102877617,0.10407392680644989,0.035684484988451004,1.0,0.41470348834991455,0.11205016076564789,0.16402070224285126,0.1864510029554367,0.05963221564888954,2014,JEDI JEDI Natural Gas Model Deflators sheet,1.1512656891351583,0.04131668069993628,JEDI jedi-ngas-model_rel-ng4-17-17.xlsm Household Exp sheet; 2014 IMPLAN state PCE,JEDI IMPLAN state I-O (jedi-ngas-model_rel-ng4-17-17.xlsm)
NC,manufacturing,1.823,1.687,1.396,2.691168403730115,0.128,0.094,0.066,1.0,0.337,0.191,0.342,0.176,0.112,2014,JEDI JEDI Natural Gas Model Deflators sheet,1.1512656891351583,0.05098974520625962,JEDI jedi-ngas-model_rel-ng4-17-17.xlsm Household Exp sheet; 2014 IMPLAN state PCE,JEDI IMPLAN state I-O (jedi-ngas-model_rel-ng4-17-17.xlsm)
ND,manufacturing,1.713,1.827,0.853,2.5645067133683592,0.105,0.119,0.041,1.0,0.41,0.12,0.208,0.225,0.071,2014,JEDI JEDI Natural Gas Model Deflators sheet,1.1512656891351583,0.0309329764649334,JEDI jedi-ngas-model_rel-ng4-17-17.xlsm Household Exp sheet; 2014 IMPLAN state PCE,JEDI IMPLAN state I-O (jedi-ngas-model_rel-ng4-17-17.xlsm)
NE,manufacturing,1.716,1.758,1.191,2.7185314685314688,0.121,0.106,0.053,1.0,0.367,0.161,0.216,0.186,0.092,2014,JEDI JEDI Natural Gas Model Deflators sheet,1.1512656891351583,0.027513412540971484,JEDI jedi-ngas-model_rel-ng4-17-17.xlsm Household Exp sheet; 2014 IMPLAN state PCE,JEDI IMPLAN state I-O (jedi-ngas-model_rel-ng4-17-17.xlsm)
NH,manufacturing,2.702,1.504,1.789,2.2187268689859363,0.219,0.093,0.097,1.0,0.261,0.253,0.307,0.147,0.155,2014,JEDI JEDI Natural Gas Model Deflators sheet,1.1512656891351583,0.017462985321525442,JEDI jedi-ngas-model_rel-ng4-17-17.xlsm Household Exp sheet; 2014 IMPLAN state PCE,JEDI IMPLAN state I-O (jedi-ngas-model_rel-ng4-17-17.xlsm)
NJ,manufacturing,1.618,1.539,1.443,2.8430160692212603,0.17,0.114,0.089,1.0,0.332,0.231,0.274,0.185,0.146,2014,JEDI JEDI Natural Gas Model Deflators sheet,1.1512656891351583,0.03947687807580198,JEDI jedi-ngas-model_rel-ng4-17-17.xlsm Household Exp sheet; 2014 IMPLAN state PCE,JEDI IMPLAN state I-O (jedi-ngas-model_rel-ng4-17-17.xlsm)
NM,manufacturing,1.639,2.085,0.955,2.854789505796217,0.089,0.11,0.037,1.0,0.429,0.13,0.179,0.217,0.07,2014,JEDI JEDI Natural Gas Model Deflators sheet,1.1512656891351583,0.034499424464728104,JEDI jedi-ngas-model_rel-ng4-17-17.xlsm Household Exp sheet; 2014 IMPLAN state PCE,JEDI IMPLAN state I-O (jedi-ngas-model_rel-ng4-17-17.xlsm)
NV,manufacturing,2.669,1.097,0.915,1.7538403896590484,0.181,0.064,0.043,1.0,0.196,0.12,0.309,0.112,0.073,2014,JEDI JEDI Natural Gas Model Deflators sheet,1.1512656891351583,0.01636506977312617,JEDI jedi-ngas-model_rel-ng4-17-17.xlsm Household Exp sheet; 2014 IMPLAN state PCE,JEDI IMPLAN state I-O (jedi-ngas-model_rel-ng4-17-17.xlsm)
NY,manufacturing,2.23,1.537,1.157,2.2080717488789237,0.175,0.111,0.078,1.0,0.319,0.195,0.308,0.182,0.127,2014,JEDI JEDI Natural Gas Model Deflators sheet,1.1512656891351583,0.030294557471942197,JEDI jedi-ngas-model_rel-ng4-17-17.xlsm Household Exp sheet; 2014 IMPLAN state PCE,JEDI IMPLAN state I-O (jedi-ngas-model_rel-ng4-17-17.xlsm)
OH,manufacturing,1.811,1.971,1.606,2.975151849806737,0.139,0.114,0.078,1.0,0.412,0.231,0.261,0.2,0.135,2014,JEDI JEDI Natural Gas Model Deflators sheet,1.1512656891351583,0.06105505725126632,JEDI jedi-ngas-model_rel-ng4-17-17.xlsm Household Exp sheet; 2014 IMPLAN state PCE,JEDI IMPLAN state I-O (jedi-ngas-model_rel-ng4-17-17.xlsm)
OK,manufacturing,1.82,2.327,1.402,3.048901098901099,0.138,0.133,0.062,1.0,0.464,0.19,0.214,0.233,0.106,2014,JEDI JEDI Natural Gas Model Deflators sheet,1.1512656891351583,0.04402185149547368,JEDI jedi-ngas-model_rel-ng4-17-17.xlsm Household Exp sheet; 2014 IMPLAN state PCE,JEDI IMPLAN state I-O (jedi-ngas-model_rel-ng4-17-17.xlsm)
OR,manufacturing,2.551,2.21,1.684,2.526460211681693,0.164,0.111,0.078,1.0,0.369,0.224,0.267,0.195,0.13,2014,JEDI JEDI Natural Gas Model Deflators sheet,1.1512656891351583,0.03783917751074308,JEDI jedi-ngas-model_rel-ng4-17-17.xlsm Household Exp sheet; 2014 IMPLAN state PCE,JEDI IMPLAN state I-O (jedi-ngas-model_rel-ng4-17-17.xlsm)
PA,manufacturing,1.988,1.936,1.634,2.795774647887324,0.154,0.125,0.091,1.0,0.409,0.242,0.263,0.212,0.144,2014,JEDI JEDI Natural Gas Model Deflators sheet,1.1512656891351583,0.05278222273574908,JEDI jedi-ngas-model_rel-ng4-17-17.xlsm Household Exp sheet; 2014 IMPLAN state PCE,JEDI IMPLAN state I-O (jedi-ngas-model_rel-ng4-17-17.xlsm)
RI,manufacturing,2.675,1.475,1.6,2.149532710280374,0.193,0.089,0.086,1.0,0.261,0.233,0.274,0.149,0.143,2014,JEDI JEDI Natural Gas Model Deflators sheet,1.1512656891351583,0.014264693232087473,JEDI jedi-ngas-model_rel-ng4-17-17.xlsm Household Exp sheet; 2014 IMPLAN state PCE,JEDI IMPLAN state I-O (jedi-ngas-model_rel-ng4-17-17.xlsm)
SC,manufacturing,1.88,1.604,1.205,2.494148936170213,0.135,0.078,0.05,1.0,0.284,0.154,0.244,0.139,0.086,2014,JEDI JEDI Natural Gas Model Deflators sheet,1.1512656891351583,0.03476185020998087,JEDI jedi-ngas-model_rel-ng4-17-17.xlsm Household Exp sheet; 2014 IMPLAN state PCE,JEDI IMPLAN state I-O (jedi-ngas-model_rel-ng4-17-17.xlsm)
SD,manufacturing,2.255,1.828,1.218,2.350776053215078,0.143,0.103,0.053,1.0,0.348,0.161,0.209,0.175,0.093,2014,JEDI JEDI Natural Gas Model Deflators sheet,1.1512656891351583,0.01765264397039688,JEDI jedi-ngas-model_rel-ng4-17-17.xlsm Household Exp sheet; 2014 IMPLAN state PCE,JEDI IMPLAN state I-O (jedi-ngas-model_rel-ng4-17-17.xlsm)
TN,manufacturing,1.861,1.838,1.443,2.76303062869425,0.137,0.1,0.073,1.0,0.33,0.197,0.264,0.166,0.115,2014,JEDI JEDI Natural Gas Model Deflators sheet,1.1512656891351583,0.040810666863776164,JEDI jedi-ngas-model_rel-ng4-17-17.xlsm Household Exp sheet; 2014 IMPLAN state PCE,JEDI IMPLAN state I-O (jedi-ngas-model_rel-ng4-17-17.xlsm)
TX,manufacturing,1.046,2.348,1.448,4.629063097514341,0.098,0.167,0.075,1.0,0.632,0.225,0.246,0.325,0.128,2014,JEDI JEDI Natural Gas Model Deflators sheet,1.1512656891351583,0.08837585580821267,JEDI jedi-ngas-model_rel-ng4-17-17.xlsm Household Exp sheet; 2014 IMPLAN state PCE,JEDI IMPLAN state I-O (jedi-ngas-model_rel-ng4-17-17.xlsm)
UT,manufacturing,1.884,2.287,1.63,3.0790870488322715,0.13,0.121,0.072,1.0,0.463,0.229,0.251,0.224,0.128,2014,JEDI JEDI Natural Gas Model Deflators sheet,1.1512656891351583,0.05772375249562356,JEDI jedi-ngas-model_rel-ng4-17-17.xlsm Household Exp sheet; 2014 IMPLAN state PCE,JEDI IMPLAN state I-O (jedi-ngas-model_rel-ng4-17-17.xlsm)
VA,manufacturing,2.07,1.44,1.193,2.271980676328502,0.147,0.085,0.064,1.0,0.271,0.177,0.35,0.149,0.108,2014,JEDI JEDI Natural Gas Model Deflators sheet,1.1512656891351583,0.030945632266465534,JEDI jedi-ngas-model_rel-ng4-17-17.xlsm Household Exp sheet; 2014 IMPLAN state PCE,JEDI IMPLAN state I-O (jedi-ngas-model_rel-ng4-17-17.xlsm)
VT,manufacturing,2.516,2.196,1.443,2.446343402225755,0.155,0.097,0.062,1.0,0.338,0.183,0.199,0.17,0.104,2014,JEDI JEDI Natural Gas Model Deflators sheet,1.1512656891351583,0.022156788222306382,JEDI jedi-ngas-model_rel-ng4-17-17.xlsm Household Exp sheet; 2014 IMPLAN state PCE,JEDI IMPLAN state I-O (jedi-ngas-model_rel-ng4-17-17.xlsm)
WA,manufacturing,1.575,1.656,1.166,2.791746031746032,0.152,0.11,0.068,1.0,0.383,0.206,0.305,0.2,0.125,2014,JEDI JEDI Natural Gas Model Deflators sheet,1.1512656891351583,0.06532834545071352,JEDI jedi-ngas-model_rel-ng4-17-17.xlsm Household Exp sheet; 2014 IMPLAN state PCE,JEDI IMPLAN state I-O (jedi-ngas-model_rel-ng4-17-17.xlsm)
WI,manufacturing,2.3,2.063,1.664,2.6204347826086956,0.168,0.111,0.077,1.0,0.386,0.231,0.266,0.192,0.133,2014,JEDI JEDI Natural Gas Model Deflators sheet,1.1512656891351583,0.048796928866811834,JEDI jedi-ngas-model_rel-ng4-17-17.xlsm Household Exp sheet; 2014 IMPLAN state PCE,JEDI IMPLAN state I-O (jedi-ngas-model_rel-ng4-17-17.xlsm)
WV,manufacturing,1.388,1.633,0.895,2.8213256484149856,0.112,0.075,0.038,1.0,0.282,0.112,0.201,0.139,0.065,2014,JEDI JEDI Natural Gas Model Deflators sheet,1.1512656891351583,0.019035011726301475,JEDI jedi-ngas-model_rel-ng4-17-17.xlsm Household Exp sheet; 2014 IMPLAN state PCE,JEDI IMPLAN state I-O (jedi-ngas-model_rel-ng4-17-17.xlsm)
WY,manufacturing,0.7,1.575,0.449,3.8914285714285715,0.052,0.09,0.018,1.0,0.392,0.06,0.13,0.211,0.034,2014,JEDI JEDI Natural Gas Model Deflators sheet,1.1512656891351583,0.0371615450137666,JEDI jedi-ngas-model_rel-ng4-17-17.xlsm Household Exp sheet; 2014 IMPLAN state PCE,JEDI IMPLAN state I-O (jedi-ngas-model_rel-ng4-17-17.xlsm)
AK,fabricated_metals,4.038309567585224,1.3472167675088091,1.3288223521738518,1.6626631948087238,0.26860252022743225,0.07927661389112473,0.06855081766843796,1.0,0.2995305061340332,0.1973036676645279,0.2592674493789673,0.15444029867649078,0.12072815001010895,2014,JEDI JEDI Natural Gas Model Deflators sheet,1.1512656891351583,4.390845948109315e-07,JEDI jedi-ngas-model_rel-ng4-17-17.xlsm Household Exp sheet; 2014 IMPLAN state PCE,JEDI IMPLAN state I-O (jedi-ngas-model_rel-ng4-17-17.xlsm)
AL,fabricated_metals,3.7209835041586947,1.535072798772556,1.6437198425211559,1.8542882917220642,0.22857089340686798,0.07790318876504898,0.06789656728506088,1.0,0.29140353202819824,0.21201802790164948,0.3334154486656189,0.13513416051864624,0.1189974844455719,2014,JEDI JEDI Natural Gas Model Deflators sheet,1.1512656891351583,1.1245767725101089e-06,JEDI jedi-ngas-model_rel-ng4-17-17.xlsm Household Exp sheet; 2014 IMPLAN state PCE,JEDI IMPLAN state I-O (jedi-ngas-model_rel-ng4-17-17.xlsm)
AR,fabricated_metals,3.585653410815611,1.4335709457717292,1.500710110293656,1.8183392871197606,0.22339411079883575,0.0696583241224289,0.061295654624700546,1.0,0.2694864273071289,0.20092999935150146,0.3608798682689667,0.13234859704971313,0.11577810347080231,2014,JEDI JEDI Natural Gas Model Deflators sheet,1.1512656891351583,6.010669205433714e-07,JEDI jedi-ngas-model_rel-ng4-17-17.xlsm Household Exp sheet; 2014 IMPLAN state PCE,JEDI IMPLAN state I-O (jedi-ngas-model_rel-ng4-17-17.xlsm)
AZ,fabricated_metals,4.430362292179248,1.931791671165606,2.4894425200253,1.9979396490881896,0.25054216384887695,0.10682260990142822,0.11569300293922424,1.0,0.3471120595932007,0.340465784072876,0.28524085879325867,0.17968370020389557,0.19649821519851685,2014,JEDI JEDI Natural Gas Model Deflators sheet,1.1512656891351583,9.565433436046666e-07,JEDI jedi-ngas-model_rel-ng4-17-17.xlsm Household Exp sheet; 2014 IMPLAN state PCE,JEDI IMPLAN state I-O (jedi-ngas-model_rel-ng4-17-17.xlsm)
CA,fabricated_metals,4.163223420701376,2.231475737036728,2.3662379285911235,2.104363902923393,0.2694062888622284,0.1584904044866562,0.13778650760650635,1.0,0.5498412847518921,0.3880231976509094,0.3315372169017792,0.27560609579086304,0.23826588690280914,2014,JEDI JEDI Natural Gas Model Deflators sheet,1.1512656891351583,1.8595744133201937e-06,JEDI jedi-ngas-model_rel-ng4-17-17.xlsm Household Exp sheet; 2014 IMPLAN state PCE,JEDI IMPLAN state I-O (jedi-ngas-model_rel-ng4-17-17.xlsm)
CO,fabricated_metals,3.7081430896026335,1.9140012736727552,2.2368130414951137,2.1193781401819294,0.23841705918312073,0.12005691230297089,0.11446092277765274,1.0,0.3910384178161621,0.33152100443840027,0.34243497252464294,0.19985449314117432,0.19340534508228302,2014,JEDI JEDI Natural Gas Model Deflators sheet,1.1512656891351583,1.2238997911134965e-06,JEDI jedi-ngas-model_rel-ng4-17-17.xlsm Household Exp sheet; 2014 IMPLAN state PCE,JEDI IMPLAN state I-O (jedi-ngas-model_rel-ng4-17-17.xlsm)
CT,fabricated_metals,3.917571748902158,1.3534657708028468,1.92182653433666,1.836051645016421,0.3006651699542999,0.10252566635608673,0.1222875714302063,1.0,0.28394925594329834,0.3090288043022156,0.37593764066696167,0.16647052764892578,0.1978120505809784,2014,JEDI JEDI Natural Gas Model Deflators sheet,1.1512656891351583,6.605104667239932e-07,JEDI jedi-ngas-model_rel-ng4-17-17.xlsm Household Exp sheet; 2014 IMPLAN state PCE,JEDI IMPLAN state I-O (jedi-ngas-model_rel-ng4-17-17.xlsm)
DC,fabricated_metals,0.0,0.0,0.0,,0.0,0.0,0.0,1.0,0.0,0.0,0.0,0.0,0.0,2014,JEDI JEDI Natural Gas Model Deflators sheet,1.1512656891351583,4.762379371627289e-10,JEDI jedi-ngas-model_rel-ng4-17-17.xlsm Household Exp sheet; 2014 IMPLAN state PCE,JEDI IMPLAN state I-O (jedi-ngas-model_rel-ng4-17-17.xlsm)
DE,fabricated_metals,4.144720425693,1.2335007430576697,1.6197452654198903,1.6884049381932669,0.27229538559913635,0.0823582112789154,0.08844269067049026,1.0,0.25335240364074707,0.23970939218997955,0.33703377842903137,0.14137738943099976,0.15288297832012177,2014,JEDI JEDI Natural Gas Model Deflators sheet,1.1512656891351583,1.6059720563640184e-07,JEDI jedi-ngas-model_rel-ng4-17-17.xlsm Household Exp sheet; 2014 IMPLAN state PCE,JEDI IMPLAN state I-O (jedi-ngas-model_rel-ng4-17-17.xlsm)
FL,fabricated_metals,4.178092585104268,2.166902548656231,2.626277217414321,2.147217221360578,0.24520599842071533,0.11235198378562927,0.11463059484958649,1.0,0.38344454765319824,0.3455590605735779,0.30748486518859863,0.19509020447731018,0.19886726140975952,2014,JEDI JEDI Natural Gas Model Deflators sheet,1.1512656891351583,9.658091648960706e-07,JEDI jedi-ngas-model_rel-ng4-17-17.xlsm Household Exp sheet; 2014 IMPLAN state PCE,JEDI IMPLAN state I-O (jedi-ngas-model_rel-ng4-17-17.xlsm)
GA,fabricated_metals,4.096107754765487,1.7705566439686753,2.1214620710873024,1.9501748850547036,0.23155659437179565,0.1009477898478508,0.10013797879219055,1.0,0.35021018981933594,0.30520522594451904,0.3289770483970642,0.17801186442375183,0.17569643259048462,2014,JEDI JEDI Natural Gas Model Deflators sheet,1.1512656891351583,7.556860274621703e-07,JEDI jedi-ngas-model_rel-ng4-17-17.xlsm Household Exp sheet; 2014 IMPLAN state PCE,JEDI IMPLAN state I-O (jedi-ngas-model_rel-ng4-17-17.xlsm)
HI,fabricated_metals,4.5605125100147434,1.722141222255986,1.7352446357651454,1.758113446773541,0.24878846108913422,0.0867934450507164,0.07905106246471405,1.0,0.3252067565917969,0.23639655113220215,0.27156558632850647,0.15269026160240173,0.14069116115570068,2014,JEDI JEDI Natural Gas Model Deflators sheet,1.1512656891351583,2.8106899498931216e-07,JEDI jedi-ngas-model_rel-ng4-17-17.xlsm Household Exp sheet; 2014 IMPLAN state PCE,JEDI IMPLAN state I-O (jedi-ngas-model_rel-ng4-17-17.xlsm)
IA,fabricated_metals,3.867207217870689,1.5209898530710035,1.709404988623247,1.8353301645607003,0.24674992263317108,0.07900533080101013,0.07174507528543472,1.0,0.27789509296417236,0.22120319306850433,0.3019363284111023,0.1354619264602661,0.12553201615810394,2014,JEDI JEDI Natural Gas Model Deflators sheet,1.1512656891351583,6.078364364240869e-07,JEDI jedi-ngas-model_rel-ng4-17-17.xlsm Household Exp sheet; 2014 IMPLAN state PCE,JEDI IMPLAN state I-O (jedi-ngas-model_rel-ng4-17-17.xlsm)
ID,fabricated_metals,4.631162455896052,1.8684941203129002,1.8352835570893637,1.7997511883192283,0.2286091297864914,0.08455810695886612,0.06952172517776489,1.0,0.3168916702270508,0.22328154742717743,0.2584232985973358,0.14351001381874084,0.11843212693929672,2014,JEDI JEDI Natural Gas Model Deflators sheet,1.1512656891351583,5.338386940833573e-07,JEDI jedi-ngas-model_rel-ng4-17-17.xlsm Household Exp sheet; 2014 IMPLAN state PCE,JEDI IMPLAN state I-O (jedi-ngas-model_rel-ng4-17-17.xlsm)
IL,fabricated_metals,3.9622681431654025,1.8004963892262158,2.469865535454052,2.077756923656543,0.28470349311828613,0.11974798142910004,0.13326191902160645,1.0,0.3877178430557251,0.37117499113082886,0.3527240753173828,0.19831377267837524,0.22236503660678864,2014,JEDI JEDI Natural Gas Model Deflators sheet,1.1512656891351583,1.0248114403984423e-06,JEDI jedi-ngas-model_rel-ng4-17-17.xlsm Household Exp sheet; 2014 IMPLAN state PCE,JEDI IMPLAN state I-O (jedi-ngas-model_rel-ng4-17-17.xlsm)
IN,fabricated_metals,3.9737127648621073,1.603295329140454,1.8387563702900236,1.8662054615187873,0.23789939284324646,0.08331381529569626,0.0774863064289093,1.0,0.3140714168548584,0.23853029310703278,0.33492976427078247,0.14921486377716064,0.13514021039009094,2014,JEDI JEDI Natural Gas Model Deflators sheet,1.1512656891351583,1.0661306510652467e-06,JEDI jedi-ngas-model_rel-ng4-17-17.xlsm Household Exp sheet; 2014 IMPLAN state PCE,JEDI IMPLAN state I-O (jedi-ngas-model_rel-ng4-17-17.xlsm)
KS,fabricated_metals,3.953798002586132,1.5880798210458058,1.681272203602442,1.8268889868702964,0.23504690825939178,0.08585808426141739,0.0742509663105011,1.0,0.3091243505477905,0.229241743683815,0.32146477699279785,0.14443939924240112,0.12918630242347717,2014,JEDI JEDI Natural Gas Model Deflators sheet,1.1512656891351583,6.578107746640864e-07,JEDI jedi-ngas-model_rel-ng4-17-17.xlsm Household Exp sheet; 2014 IMPLAN state PCE,JEDI IMPLAN state I-O (jedi-ngas-model_rel-ng4-17-17.xlsm)
KY,fabricated_metals,3.997935524074043,1.4774118988979155,1.8325310970951871,1.827913050638733,0.2639053165912628,0.07479380071163177,0.07784439623355865,1.0,0.2735806703567505,0.23197324573993683,0.32885268330574036,0.1301218718290329,0.1286541223526001,2014,JEDI JEDI Natural Gas Model Deflators sheet,1.1512656891351583,4.918720960668238e-07,JEDI jedi-ngas-model_rel-ng4-17-17.xlsm Household Exp sheet; 2014 IMPLAN state PCE,JEDI IMPLAN state I-O (jedi-ngas-model_rel-ng4-17-17.xlsm)
LA,fabricated_metals,3.4716445222133543,1.2971914032610452,1.5936080081070343,1.8326887712354385,0.2600204050540924,0.06947898119688034,0.06894752383232117,1.0,0.279610276222229,0.21262802183628082,0.36938807368278503,0.1299937665462494,0.12093009054660797,2014,JEDI JEDI Natural Gas Model Deflators sheet,1.1512656891351583,1.193632829058009e-06,JEDI jedi-ngas-model_rel-ng4-17-17.xlsm Household Exp sheet; 2014 IMPLAN state PCE,JEDI IMPLAN state I-O (jedi-ngas-model_rel-ng4-17-17.xlsm)
MA,fabricated_metals,3.7849325330519097,1.4765990561828382,2.124156884303907,1.9513395309013193,0.3058469295501709,0.1158885657787323,0.13775575160980225,1.0,0.31354010105133057,0.33175531029701233,0.39276406168937683,0.1768333613872528,0.20804065465927124,2014,JEDI JEDI Natural Gas Model Deflators sheet,1.1512656891351583,8.710747452641359e-07,JEDI jedi-ngas-model_rel-ng4-17-17.xlsm Household Exp sheet; 2014 IMPLAN state PCE,JEDI IMPLAN state I-O (jedi-ngas-model_rel-ng4-17-17.xlsm)
MD,fabricated_metals,4.112196993537066,1.3936610861522396,1.8493391842376896,1.7886296000621542,0.2778027355670929,0.08879531919956207,0.09911538660526276,1.0,0.265153169631958,0.2736077904701233,0.32458120584487915,0.15175212919712067,0.1693556308746338,2014,JEDI JEDI Natural Gas Model Deflators sheet,1.1512656891351583,2.364265728714214e-07,JEDI jedi-ngas-model_rel-ng4-17-17.xlsm Household Exp sheet; 2014 IMPLAN state PCE,JEDI IMPLAN state I-O (jedi-ngas-model_rel-ng4-17-17.xlsm)
ME,fabricated_metals,3.916482247957369,1.732763509197933,2.1079528150035114,1.9806545979378714,0.23564253747463226,0.08486051857471466,0.08825674653053284,1.0,0.2907860279083252,0.26465922594070435,0.31709447503089905,0.143960639834404,0.15132486820220947,2014,JEDI JEDI Natural Gas Model Deflators sheet,1.1512656891351583,3.587796832800312e-07,JEDI jedi-ngas-model_rel-ng4-17-17.xlsm Household Exp sheet; 2014 IMPLAN state PCE,JEDI IMPLAN state I-O (jedi-ngas-model_rel-ng4-17-17.xlsm)
MI,fabricated_metals,4.069965751432791,1.830308339217814,2.4403520059294816,2.0493111259336403,0.2780953049659729,0.10559935867786407,0.11227146536111832,1.0,0.36986827850341797,0.3295343816280365,0.3367219567298889,0.17473462224006653,0.18749329447746277,2014,JEDI JEDI Natural Gas Model Deflators sheet,1.1512656891351583,1.320824718223053e-06,JEDI jedi-ngas-model_rel-ng4-17-17.xlsm Household Exp sheet; 2014 IMPLAN state PCE,JEDI IMPLAN state I-O (jedi-ngas-model_rel-ng4-17-17.xlsm)
MN,fabricated_metals,4.1142319942392955,1.915584360680929,2.6784836671701293,2.116628336536108,0.2986805737018585,0.1238543689250946,0.1420014649629593,1.0,0.40151429176330566,0.39352908730506897,0.3666840195655823,0.19580461084842682,0.2272801399230957,2014,JEDI JEDI Natural Gas Model Deflators sheet,1.1512656891351583,1.4389886701171384e-06,JEDI jedi-ngas-model_rel-ng4-17-17.xlsm Household Exp sheet; 2014 IMPLAN state PCE,JEDI IMPLAN state I-O (jedi-ngas-model_rel-ng4-17-17.xlsm)
MO,fabricated_metals,4.067109805054781,1.682244095860458,2.215696725903488,1.9584056021598963,0.2632962763309479,0.09353576600551605,0.10334532707929611,1.0,0.313923716545105,0.3071816563606262,0.3292711079120636,0.15841972827911377,0.1747710406780243,2014,JEDI JEDI Natural Gas Model Deflators sheet,1.1512656891351583,4.881579696674408e-07,JEDI jedi-ngas-model_rel-ng4-17-17.xlsm Household Exp sheet; 2014 IMPLAN state PCE,JEDI IMPLAN state I-O (jedi-ngas-model_rel-ng4-17-17.xlsm)
MS,fabricated_metals,4.104337121655301,1.5029968815605816,1.5088254569507227,1.7338145598762658,0.23041102290153503,0.06537078320980072,0.05503685027360916,1.0,0.2642066478729248,0.18357641994953156,0.28141385316848755,0.11650402098894119,0.0982230007648468,2014,JEDI JEDI Natural Gas Model Deflators sheet,1.1512656891351583,4.43898491279308e-07,JEDI jedi-ngas-model_rel-ng4-17-17.xlsm Household Exp sheet; 2014 IMPLAN state PCE,JEDI IMPLAN state I-O (jedi-ngas-model_rel-ng4-17-17.xlsm)
MT,fabricated_metals,4.133525838212269,1.6965238277505084,1.8013796119428263,1.8462275492164726,0.24119752645492554,0.07631128281354904,0.0683196485042572,1.0,0.30038559436798096,0.21455872058868408,0.27791374921798706,0.13425734639167786,0.11418352276086807,2014,JEDI JEDI Natural Gas Model Deflators sheet,1.1512656891351583,2.968145928470561e-07,JEDI jedi-ngas-model_rel-ng4-17-17.xlsm Household Exp sheet; 2014 IMPLAN state PCE,JEDI IMPLAN state I-O (jedi-ngas-model_rel-ng4-17-17.xlsm)
NC,fabricated_metals,3.916,1.873,2.113,2.017875383043922,0.227,0.104,0.098,1.0,0.369,0.285,0.313,0.189,0.167,2014,JEDI JEDI Natural Gas Model Deflators sheet,1.1512656891351583,1.1742439933612347e-06,JEDI jedi-ngas-model_rel-ng4-17-17.xlsm Household Exp sheet; 2014 IMPLAN state PCE,JEDI IMPLAN state I-O (jedi-ngas-model_rel-ng4-17-17.xlsm)
ND,fabricated_metals,3.869,1.391,1.296,1.6944947014732488,0.253,0.081,0.061,1.0,0.272,0.18,0.325,0.143,0.106,2014,JEDI JEDI Natural Gas Model Deflators sheet,1.1512656891351583,2.1986944900010398e-07,JEDI jedi-ngas-model_rel-ng4-17-17.xlsm Household Exp sheet; 2014 IMPLAN state PCE,JEDI IMPLAN state I-O (jedi-ngas-model_rel-ng4-17-17.xlsm)
NE,fabricated_metals,3.686,1.484,1.707,1.8657080846446013,0.239,0.08,0.075,1.0,0.269,0.227,0.35,0.138,0.13,2014,JEDI JEDI Natural Gas Model Deflators sheet,1.1512656891351583,7.86811745816974e-07,JEDI jedi-ngas-model_rel-ng4-17-17.xlsm Household Exp sheet; 2014 IMPLAN state PCE,JEDI IMPLAN state I-O (jedi-ngas-model_rel-ng4-17-17.xlsm)
NH,fabricated_metals,3.824,1.479,2.131,1.9440376569037656,0.271,0.094,0.114,1.0,0.264,0.297,0.349,0.149,0.182,2014,JEDI JEDI Natural Gas Model Deflators sheet,1.1512656891351583,6.236808163446564e-07,JEDI jedi-ngas-model_rel-ng4-17-17.xlsm Household Exp sheet; 2014 IMPLAN state PCE,JEDI IMPLAN state I-O (jedi-ngas-model_rel-ng4-17-17.xlsm)
NJ,fabricated_metals,3.995,1.503,2.201,1.9271589486858571,0.314,0.111,0.134,1.0,0.326,0.347,0.362,0.18,0.219,2014,JEDI JEDI Natural Gas Model Deflators sheet,1.1512656891351583,5.276479165405276e-07,JEDI jedi-ngas-model_rel-ng4-17-17.xlsm Household Exp sheet; 2014 IMPLAN state PCE,JEDI IMPLAN state I-O (jedi-ngas-model_rel-ng4-17-17.xlsm)
NM,fabricated_metals,4.472,1.578,1.311,1.6460196779964222,0.196,0.073,0.051,1.0,0.299,0.176,0.216,0.139,0.095,2014,JEDI JEDI Natural Gas Model Deflators sheet,1.1512656891351583,2.4858468717158503e-07,JEDI jedi-ngas-model_rel-ng4-17-17.xlsm Household Exp sheet; 2014 IMPLAN state PCE,JEDI IMPLAN state I-O (jedi-ngas-model_rel-ng4-17-17.xlsm)
NV,fabricated_metals,4.061,1.157,1.174,1.5739965525732578,0.246,0.063,0.055,1.0,0.18,0.151,0.32,0.103,0.092,2014,JEDI JEDI Natural Gas Model Deflators sheet,1.1512656891351583,2.892156946843883e-07,JEDI jedi-ngas-model_rel-ng4-17-17.xlsm Household Exp sheet; 2014 IMPLAN state PCE,JEDI IMPLAN state I-O (jedi-ngas-model_rel-ng4-17-17.xlsm)
NY,fabricated_metals,3.913,1.469,1.62,1.7894198824431382,0.283,0.112,0.108,1.0,0.318,0.269,0.344,0.183,0.175,2014,JEDI JEDI Natural Gas Model Deflators sheet,1.1512656891351583,7.205077774564836e-07,JEDI jedi-ngas-model_rel-ng4-17-17.xlsm Household Exp sheet; 2014 IMPLAN state PCE,JEDI IMPLAN state I-O (jedi-ngas-model_rel-ng4-17-17.xlsm)
OH,fabricated_metals,3.865,1.865,2.427,2.1104786545924967,0.268,0.108,0.117,1.0,0.387,0.343,0.349,0.187,0.2,2014,JEDI JEDI Natural Gas Model Deflators sheet,1.1512656891351583,1.2126919895068288e-06,JEDI jedi-ngas-model_rel-ng4-17-17.xlsm Household Exp sheet; 2014 IMPLAN state PCE,JEDI IMPLAN state I-O (jedi-ngas-model_rel-ng4-17-17.xlsm)
OK,fabricated_metals,3.362,1.538,1.85,2.007733491969066,0.267,0.083,0.08,1.0,0.298,0.247,0.384,0.142,0.138,2014,JEDI JEDI Natural Gas Model Deflators sheet,1.1512656891351583,1.3499608269439515e-06,JEDI jedi-ngas-model_rel-ng4-17-17.xlsm Household Exp sheet; 2014 IMPLAN state PCE,JEDI IMPLAN state I-O (jedi-ngas-model_rel-ng4-17-17.xlsm)
OR,fabricated_metals,3.91,1.832,2.236,2.040409207161125,0.261,0.099,0.102,1.0,0.337,0.293,0.321,0.172,0.169,2014,JEDI JEDI Natural Gas Model Deflators sheet,1.1512656891351583,1.245413611573794e-06,JEDI jedi-ngas-model_rel-ng4-17-17.xlsm Household Exp sheet; 2014 IMPLAN state PCE,JEDI IMPLAN state I-O (jedi-ngas-model_rel-ng4-17-17.xlsm)
PA,fabricated_metals,3.981,1.817,2.339,2.0439588043205226,0.274,0.119,0.128,1.0,0.379,0.341,0.333,0.191,0.203,2014,JEDI JEDI Natural Gas Model Deflators sheet,1.1512656891351583,1.3866436745242893e-06,JEDI jedi-ngas-model_rel-ng4-17-17.xlsm Household Exp sheet; 2014 IMPLAN state PCE,JEDI IMPLAN state I-O (jedi-ngas-model_rel-ng4-17-17.xlsm)
RI,fabricated_metals,4.538,1.68,2.125,1.8384750991626266,0.268,0.101,0.112,1.0,0.293,0.304,0.26,0.169,0.187,2014,JEDI JEDI Natural Gas Model Deflators sheet,1.1512656891351583,1.424880067564686e-07,JEDI jedi-ngas-model_rel-ng4-17-17.xlsm Household Exp sheet; 2014 IMPLAN state PCE,JEDI IMPLAN state I-O (jedi-ngas-model_rel-ng4-17-17.xlsm)
SC,fabricated_metals,3.647,1.476,1.897,1.924869755963806,0.257,0.073,0.077,1.0,0.263,0.239,0.352,0.127,0.133,2014,JEDI JEDI Natural Gas Model Deflators sheet,1.1512656891351583,1.0136273402747228e-06,JEDI jedi-ngas-model_rel-ng4-17-17.xlsm Household Exp sheet; 2014 IMPLAN state PCE,JEDI IMPLAN state I-O (jedi-ngas-model_rel-ng4-17-17.xlsm)
SD,fabricated_metals,3.73,1.475,1.434,1.779892761394102,0.21,0.074,0.062,1.0,0.249,0.187,0.309,0.129,0.108,2014,JEDI JEDI Natural Gas Model Deflators sheet,1.1512656891351583,3.3690069088377106e-07,JEDI jedi-ngas-model_rel-ng4-17-17.xlsm Household Exp sheet; 2014 IMPLAN state PCE,JEDI IMPLAN state I-O (jedi-ngas-model_rel-ng4-17-17.xlsm)
TN,fabricated_metals,3.714,1.662,2.358,2.0823909531502425,0.285,0.096,0.117,1.0,0.312,0.316,0.352,0.156,0.185,2014,JEDI JEDI Natural Gas Model Deflators sheet,1.1512656891351583,8.387632050348398e-07,JEDI jedi-ngas-model_rel-ng4-17-17.xlsm Household Exp sheet; 2014 IMPLAN state PCE,JEDI IMPLAN state I-O (jedi-ngas-model_rel-ng4-17-17.xlsm)
TX,fabricated_metals,3.678,1.994,2.217,2.1449157150625338,0.267,0.132,0.113,1.0,0.512,0.339,0.363,0.238,0.193,2014,JEDI JEDI Natural Gas Model Deflators sheet,1.1512656891351583,2.4244779903836693e-06,JEDI jedi-ngas-model_rel-ng4-17-17.xlsm Household Exp sheet; 2014 IMPLAN state PCE,JEDI IMPLAN state I-O (jedi-ngas-model_rel-ng4-17-17.xlsm)
UT,fabricated_metals,3.816,2.205,2.333,2.189203354297694,0.239,0.115,0.101,1.0,0.434,0.323,0.308,0.201,0.18,2014,JEDI JEDI Natural Gas Model Deflators sheet,1.1512656891351583,1.8117249178098802e-06,JEDI jedi-ngas-model_rel-ng4-17-17.xlsm Household Exp sheet; 2014 IMPLAN state PCE,JEDI IMPLAN state I-O (jedi-ngas-model_rel-ng4-17-17.xlsm)
VA,fabricated_metals,3.616,1.332,1.952,1.9081858407079646,0.289,0.085,0.104,1.0,0.262,0.285,0.389,0.144,0.174,2014,JEDI JEDI Natural Gas Model Deflators sheet,1.1512656891351583,9.5525298117679e-07,JEDI jedi-ngas-model_rel-ng4-17-17.xlsm Household Exp sheet; 2014 IMPLAN state PCE,JEDI IMPLAN state I-O (jedi-ngas-model_rel-ng4-17-17.xlsm)
VT,fabricated_metals,4.485,1.592,2.038,1.8093645484949832,0.272,0.078,0.087,1.0,0.258,0.254,0.304,0.128,0.145,2014,JEDI JEDI Natural Gas Model Deflators sheet,1.1512656891351583,2.1507208657988585e-07,JEDI jedi-ngas-model_rel-ng4-17-17.xlsm Household Exp sheet; 2014 IMPLAN state PCE,JEDI IMPLAN state I-O (jedi-ngas-model_rel-ng4-17-17.xlsm)
WA,fabricated_metals,4.025,1.54,1.65,1.7925465838509316,0.26,0.105,0.095,1.0,0.378,0.286,0.369,0.191,0.174,2014,JEDI JEDI Natural Gas Model Deflators sheet,1.1512656891351583,1.4135164149488903e-06,JEDI jedi-ngas-model_rel-ng4-17-17.xlsm Household Exp sheet; 2014 IMPLAN state PCE,JEDI IMPLAN state I-O (jedi-ngas-model_rel-ng4-17-17.xlsm)
WI,fabricated_metals,3.979,1.781,2.297,2.0248806232721788,0.281,0.099,0.104,1.0,0.34,0.314,0.343,0.165,0.181,2014,JEDI JEDI Natural Gas Model Deflators sheet,1.1512656891351583,1.3015800948452283e-06,JEDI jedi-ngas-model_rel-ng4-17-17.xlsm Household Exp sheet; 2014 IMPLAN state PCE,JEDI IMPLAN state I-O (jedi-ngas-model_rel-ng4-17-17.xlsm)
WV,fabricated_metals,4.147,1.297,1.376,1.6445623342175066,0.218,0.065,0.057,1.0,0.218,0.169,0.263,0.111,0.098,2014,JEDI JEDI Natural Gas Model Deflators sheet,1.1512656891351583,2.1434324297738794e-07,JEDI jedi-ngas-model_rel-ng4-17-17.xlsm Household Exp sheet; 2014 IMPLAN state PCE,JEDI IMPLAN state I-O (jedi-ngas-model_rel-ng4-17-17.xlsm)
WY,fabricated_metals,3.624,1.108,0.874,1.5469094922737305,0.217,0.055,0.035,1.0,0.227,0.115,0.306,0.11,0.066,2014,JEDI JEDI Natural Gas Model Deflators sheet,1.1512656891351583,1.0115736886280189e-07,JEDI jedi-ngas-model_rel-ng4-17-17.xlsm Household Exp sheet; 2014 IMPLAN state PCE,JEDI IMPLAN state I-O (jedi-ngas-model_rel-ng4-17-17.xlsm)
AK,machinery,2.392635299824178,1.3724407239351422,0.8607948243734427,1.9333790020036457,0.1463325172662735,0.07980134338140488,0.044291868805885315,1.0,0.2971383333206177,0.12751619517803192,0.19998127222061157,0.15769201517105103,0.07802098989486694,2014,JEDI JEDI Natural Gas Model Deflators sheet,1.1512656891351583,2.9005145223010577e-08,JEDI jedi-ngas-model_rel-ng4-17-17.xlsm Household Exp sheet; 2014 IMPLAN state PCE,JEDI IMPLAN state I-O (jedi-ngas-model_rel-ng4-17-17.xlsm)
AL,machinery,1.8864531527506188,1.782071680878289,1.1510360953398049,2.5548267243961815,0.1224844679236412,0.09156352281570435,0.04741852357983589,1.0,0.34155237674713135,0.14806976914405823,0.19938060641288757,0.160177543759346,0.08310632407665253,2014,JEDI JEDI Natural Gas Model Deflators sheet,1.1512656891351583,1.3079282465618454e-05,JEDI jedi-ngas-model_rel-ng4-17-17.xlsm Household Exp sheet; 2014 IMPLAN state PCE,JEDI IMPLAN state I-O (jedi-ngas-model_rel-ng4-17-17.xlsm)
AR,machinery,2.3739389120601118,1.7626156406477094,1.1323204406071454,2.2194652804871966,0.13356387615203857,0.08696512132883072,0.046125687658786774,1.0,0.33336055278778076,0.15119948983192444,0.21752795577049255,0.1651492416858673,0.087123341858387,2014,JEDI JEDI Natural Gas Model Deflators sheet,1.1512656891351583,1.3919981657112904e-05,JEDI jedi-ngas-model_rel-ng4-17-17.xlsm Household Exp sheet; 2014 IMPLAN state PCE,JEDI IMPLAN state I-O (jedi-ngas-model_rel-ng4-17-17.xlsm)
AZ,machinery,2.13351616053842,1.8208202242385596,1.7713277924340218,2.683675091435003,0.1503881961107254,0.10321354120969772,0.0821002647280693,1.0,0.33325469493865967,0.24160581827163696,0.29544246196746826,0.17651599645614624,0.1394420564174652,2014,JEDI JEDI Natural Gas Model Deflators sheet,1.1512656891351583,5.103683398848223e-06,JEDI jedi-ngas-model_rel-ng4-17-17.xlsm Household Exp sheet; 2014 IMPLAN state PCE,JEDI IMPLAN state I-O (jedi-ngas-model_rel-ng4-17-17.xlsm)
CA,machinery,2.113626381382346,2.173264845274389,1.9580052189994603,2.9545886163532513,0.19695518910884857,0.15607982873916626,0.11371129751205444,1.0,0.5400711297988892,0.3202269971370697,0.30251145362854004,0.27557191252708435,0.19663506746292114,2014,JEDI JEDI Natural Gas Model Deflators sheet,1.1512656891351583,1.210247519158228e-05,JEDI jedi-ngas-model_rel-ng4-17-17.xlsm Household Exp sheet; 2014 IMPLAN state PCE,JEDI IMPLAN state I-O (jedi-ngas-model_rel-ng4-17-17.xlsm)
CO,machinery,1.6717336979927495,2.2188616353087127,1.737020285334438,3.3663349763140973,0.13693612813949585,0.14072944223880768,0.08864881098270416,1.0,0.4522608518600464,0.2567580044269562,0.20516471564769745,0.23408955335617065,0.14978982508182526,2014,JEDI JEDI Natural Gas Model Deflators sheet,1.1512656891351583,8.706528041015025e-06,JEDI jedi-ngas-model_rel-ng4-17-17.xlsm Household Exp sheet; 2014 IMPLAN state PCE,JEDI IMPLAN state I-O (jedi-ngas-model_rel-ng4-17-17.xlsm)
CT,machinery,2.025134587427601,1.4587514041922987,1.588572934968397,2.504751515321022,0.22152166068553925,0.11067423969507217,0.1008140817284584,1.0,0.30527234077453613,0.254766047000885,0.29549726843833923,0.1829649806022644,0.16307759284973145,2014,JEDI JEDI Natural Gas Model Deflators sheet,1.1512656891351583,1.570700561935739e-06,JEDI jedi-ngas-model_rel-ng4-17-17.xlsm Household Exp sheet; 2014 IMPLAN state PCE,JEDI IMPLAN state I-O (jedi-ngas-model_rel-ng4-17-17.xlsm)
DC,machinery,2.482101584551856,1.0605147699825466,0.4038831907673739,1.5899830892756623,0.23828785121440887,0.0965305045247078,0.03220513463020325,1.0,0.20273840427398682,0.06733253598213196,0.0568656325340271,0.1388026475906372,0.046421945095062256,2014,JEDI JEDI Natural Gas Model Deflators sheet,1.1512656891351583,1.6062957557616704e-08,JEDI jedi-ngas-model_rel-ng4-17-17.xlsm Household Exp sheet; 2014 IMPLAN state PCE,JEDI IMPLAN state I-O (jedi-ngas-model_rel-ng4-17-17.xlsm)
DE,machinery,2.981434556422755,1.2291525106411427,1.4268733921926469,1.8908550070676702,0.23028689622879028,0.08131083101034164,0.07770363241434097,1.0,0.2457669973373413,0.21060322225093842,0.321285218000412,0.139011949300766,0.13431957364082336,2014,JEDI JEDI Natural Gas Model Deflators sheet,1.1512656891351583,9.758902934593753e-07,JEDI jedi-ngas-model_rel-ng4-17-17.xlsm Household Exp sheet; 2014 IMPLAN state PCE,JEDI IMPLAN state I-O (jedi-ngas-model_rel-ng4-17-17.xlsm)
FL,machinery,2.2962201391346753,2.388286071829498,2.079525239765644,2.9457242950925537,0.15605390071868896,0.12643055617809296,0.09052440524101257,1.0,0.4259885549545288,0.27288421988487244,0.1928226202726364,0.2223079800605774,0.15704450011253357,2014,JEDI JEDI Natural Gas Model Deflators sheet,1.1512656891351583,3.301582381498859e-06,JEDI jedi-ngas-model_rel-ng4-17-17.xlsm Household Exp sheet; 2014 IMPLAN state PCE,JEDI IMPLAN state I-O (jedi-ngas-model_rel-ng4-17-17.xlsm)
GA,machinery,1.9004839163972065,1.8684619824634865,1.5946922866860405,2.822248659549149,0.14117145538330078,0.10826064646244049,0.0750717967748642,1.0,0.3716624975204468,0.22879977524280548,0.2719358801841736,0.19227908551692963,0.13171309232711792,2014,JEDI JEDI Natural Gas Model Deflators sheet,1.1512656891351583,1.0356491925259218e-05,JEDI jedi-ngas-model_rel-ng4-17-17.xlsm Household Exp sheet; 2014 IMPLAN state PCE,JEDI IMPLAN state I-O (jedi-ngas-model_rel-ng4-17-17.xlsm)
HI,machinery,1.895837443182245,2.103107777191326,1.155651927110739,2.7189024913613355,0.11619918048381805,0.10664207488298416,0.05250675976276398,1.0,0.39293575286865234,0.1570197492837906,0.0797961875796318,0.1881902813911438,0.09344977885484695,2014,JEDI JEDI Natural Gas Model Deflators sheet,1.1512656891351583,2.5203049125667166e-06,JEDI jedi-ngas-model_rel-ng4-17-17.xlsm Household Exp sheet; 2014 IMPLAN state PCE,JEDI IMPLAN state I-O (jedi-ngas-model_rel-ng4-17-17.xlsm)
IA,machinery,1.5399549449793994,1.529336059698835,1.1229881477775052,2.72233883603122,0.13246311247348785,0.08098497986793518,0.047006674110889435,1.0,0.2866302728652954,0.14492864906787872,0.3110295534133911,0.139906108379364,0.08224660158157349,2014,JEDI JEDI Natural Gas Model Deflators sheet,1.1512656891351583,2.2031646787867913e-05,JEDI jedi-ngas-model_rel-ng4-17-17.xlsm Household Exp sheet; 2014 IMPLAN state PCE,JEDI IMPLAN state I-O (jedi-ngas-model_rel-ng4-17-17.xlsm)
ID,machinery,2.0214689886197448,2.0572034120559692,1.2284438111819327,2.6253760219598203,0.11316985636949539,0.09589529037475586,0.04641040042042732,1.0,0.3610043525695801,0.14904852211475372,0.19599002599716187,0.16323372721672058,0.07905898988246918,2014,JEDI JEDI Natural Gas Model Deflators sheet,1.1512656891351583,1.8867113762817547e-05,JEDI jedi-ngas-model_rel-ng4-17-17.xlsm Household Exp sheet; 2014 IMPLAN state PCE,JEDI IMPLAN state I-O (jedi-ngas-model_rel-ng4-17-17.xlsm)
IL,machinery,1.7386777088977396,1.7693511871621013,1.7007534668082371,2.9958297252055197,0.15898142755031586,0.11868971586227417,0.09152019768953323,1.0,0.38464975357055664,0.25491419434547424,0.34180209040641785,0.19954471290111542,0.15271472930908203,2014,JEDI JEDI Natural Gas Model Deflators sheet,1.1512656891351583,1.4840238928798885e-05,JEDI jedi-ngas-model_rel-ng4-17-17.xlsm Household Exp sheet; 2014 IMPLAN state PCE,JEDI IMPLAN state I-O (jedi-ngas-model_rel-ng4-17-17.xlsm)
IN,machinery,1.3715894953347743,1.8066850011236966,1.3153618652140722,3.276225413621841,0.1337418556213379,0.09534557908773422,0.055282894521951675,1.0,0.35881149768829346,0.17018818855285645,0.2316608726978302,0.17061801254749298,0.09641975909471512,2014,JEDI JEDI Natural Gas Model Deflators sheet,1.1512656891351583,1.8199481943464676e-05,JEDI jedi-ngas-model_rel-ng4-17-17.xlsm Household Exp sheet; 2014 IMPLAN state PCE,JEDI IMPLAN state I-O (jedi-ngas-model_rel-ng4-17-17.xlsm)
KS,machinery,2.011445986572653,1.8906857343390584,1.2342653373489156,2.553584382851188,0.13206146657466888,0.10293855518102646,0.054363980889320374,1.0,0.372572660446167,0.16784065961837769,0.19322606921195984,0.1739635318517685,0.094585120677948,2014,JEDI JEDI Natural Gas Model Deflators sheet,1.1512656891351583,1.8776869279895314e-05,JEDI jedi-ngas-model_rel-ng4-17-17.xlsm Household Exp sheet; 2014 IMPLAN state PCE,JEDI IMPLAN state I-O (jedi-ngas-model_rel-ng4-17-17.xlsm)
KY,machinery,2.3507561061996967,1.6992855791468173,1.3156063003698364,2.2825200672946964,0.1560935229063034,0.08671723306179047,0.055737897753715515,1.0,0.3136864900588989,0.16610845923423767,0.21472352743148804,0.15235278010368347,0.09212304651737213,2014,JEDI JEDI Natural Gas Model Deflators sheet,1.1512656891351583,7.584942784148927e-06,JEDI jedi-ngas-model_rel-ng4-17-17.xlsm Household Exp sheet; 2014 IMPLAN state PCE,JEDI IMPLAN state I-O (jedi-ngas-model_rel-ng4-17-17.xlsm)
LA,machinery,2.137380696600303,1.5099613817874342,1.1562821659026667,2.2474350273355617,0.157436341047287,0.08127215504646301,0.04989314824342728,1.0,0.3216426372528076,0.15385930240154266,0.2232418954372406,0.1522543728351593,0.08750744163990021,2014,JEDI JEDI Natural Gas Model Deflators sheet,1.1512656891351583,8.161308805495759e-06,JEDI jedi-ngas-model_rel-ng4-17-17.xlsm Household Exp sheet; 2014 IMPLAN state PCE,JEDI IMPLAN state I-O (jedi-ngas-model_rel-ng4-17-17.xlsm)
MA,machinery,2.4849712022114545,1.5923566890414804,1.907682218356058,2.4084826835348205,0.25277942419052124,0.12495527416467667,0.12338709831237793,1.0,0.33630239963531494,0.2971515655517578,0.31367993354797363,0.19260653853416443,0.18634095788002014,2014,JEDI JEDI Natural Gas Model Deflators sheet,1.1512656891351583,1.42379977686293e-06,JEDI jedi-ngas-model_rel-ng4-17-17.xlsm Household Exp sheet; 2014 IMPLAN state PCE,JEDI IMPLAN state I-O (jedi-ngas-model_rel-ng4-17-17.xlsm)
MD,machinery,1.4634235280100256,1.6448956232052296,1.208707935642451,2.9499505811062314,0.13344083726406097,0.10539355874061584,0.06460865586996078,1.0,0.31235218048095703,0.17835727334022522,0.16788119077682495,0.18169468641281128,0.1103978157043457,2014,JEDI JEDI Natural Gas Model Deflators sheet,1.1512656891351583,8.199209748094797e-07,JEDI jedi-ngas-model_rel-ng4-17-17.xlsm Household Exp sheet; 2014 IMPLAN state PCE,JEDI IMPLAN state I-O (jedi-ngas-model_rel-ng4-17-17.xlsm)
ME,machinery,2.443051849724725,1.8850409768056124,1.8823842243291438,2.5420979303240157,0.19218486547470093,0.09324534237384796,0.07860244065523148,1.0,0.3141629695892334,0.23570933938026428,0.23029355704784393,0.15952354669570923,0.1347721517086029,2014,JEDI JEDI Natural Gas Model Deflators sheet,1.1512656891351583,1.7001264500647307e-06,JEDI jedi-ngas-model_rel-ng4-17-17.xlsm Household Exp sheet; 2014 IMPLAN state PCE,JEDI IMPLAN state I-O (jedi-ngas-model_rel-ng4-17-17.xlsm)
MI,machinery,2.2930842658970505,1.8781136891338974,2.0054597626440227,2.693602589985359,0.20460909605026245,0.10982595384120941,0.09201787412166595,1.0,0.37974274158477783,0.2700909376144409,0.2778703570365906,0.18410713970661163,0.15367132425308228,2014,JEDI JEDI Natural Gas Model Deflators sheet,1.1512656891351583,9.153174283124157e-06,JEDI jedi-ngas-model_rel-ng4-17-17.xlsm Household Exp sheet; 2014 IMPLAN state PCE,JEDI IMPLAN state I-O (jedi-ngas-model_rel-ng4-17-17.xlsm)
MN,machinery,2.234651032136753,2.240593150956556,2.036388122010976,2.9139369912616386,0.17483216524124146,0.14555691182613373,0.1076713502407074,1.0,0.47189652919769287,0.29838624596595764,0.24121341109275818,0.2312847375869751,0.17233195900917053,2014,JEDI JEDI Natural Gas Model Deflators sheet,1.1512656891351583,1.6638208653805767e-05,JEDI jedi-ngas-model_rel-ng4-17-17.xlsm Household Exp sheet; 2014 IMPLAN state PCE,JEDI IMPLAN state I-O (jedi-ngas-model_rel-ng4-17-17.xlsm)
MO,machinery,1.6720305950148031,2.1562412017956376,1.4168194005033001,3.136958864839016,0.10728654265403748,0.12028893083333969,0.06590725481510162,1.0,0.3990706205368042,0.19589650630950928,0.1262073814868927,0.20405347645282745,0.11145585030317307,2014,JEDI JEDI Natural Gas Model Deflators sheet,1.1512656891351583,5.427090201406255e-06,JEDI jedi-ngas-model_rel-ng4-17-17.xlsm Household Exp sheet; 2014 IMPLAN state PCE,JEDI IMPLAN state I-O (jedi-ngas-model_rel-ng4-17-17.xlsm)
MS,machinery,1.4996395095949993,1.6511377728311345,0.8553875960642472,2.6714185995088298,0.09405014663934708,0.07317118346691132,0.031118249520659447,1.0,0.29356229305267334,0.10379146039485931,0.19489863514900208,0.13136805593967438,0.05553470551967621,2014,JEDI JEDI Natural Gas Model Deflators sheet,1.1512656891351583,1.1775629233731597e-05,JEDI jedi-ngas-model_rel-ng4-17-17.xlsm Household Exp sheet; 2014 IMPLAN state PCE,JEDI IMPLAN state I-O (jedi-ngas-model_rel-ng4-17-17.xlsm)
MT,machinery,2.0740051371976733,2.0803293455392122,1.0192193887196481,2.4944749550846663,0.0832914412021637,0.09584251046180725,0.03855251893401146,1.0,0.36462676525115967,0.1210637241601944,0.09426580369472504,0.16726472973823547,0.06442847847938538,2014,JEDI JEDI Natural Gas Model Deflators sheet,1.1512656891351583,3.251735407602234e-06,JEDI jedi-ngas-model_rel-ng4-17-17.xlsm Household Exp sheet; 2014 IMPLAN state PCE,JEDI IMPLAN state I-O (jedi-ngas-model_rel-ng4-17-17.xlsm)
NC,machinery,1.795,1.73,1.63,2.8718662952646237,0.157,0.097,0.076,1.0,0.34,0.219,0.343,0.177,0.128,2014,JEDI JEDI Natural Gas Model Deflators sheet,1.1512656891351583,9.547878172662174e-06,JEDI jedi-ngas-model_rel-ng4-17-17.xlsm Household Exp sheet; 2014 IMPLAN state PCE,JEDI IMPLAN state I-O (jedi-ngas-model_rel-ng4-17-17.xlsm)
ND,machinery,1.548,1.602,0.818,2.563307493540052,0.114,0.096,0.038,1.0,0.329,0.113,0.274,0.17,0.067,2014,JEDI JEDI Natural Gas Model Deflators sheet,1.1512656891351583,2.8355100125996123e-05,JEDI jedi-ngas-model_rel-ng4-17-17.xlsm Household Exp sheet; 2014 IMPLAN state PCE,JEDI IMPLAN state I-O (jedi-ngas-model_rel-ng4-17-17.xlsm)
NE,machinery,1.541,1.588,1.057,2.7164179104477615,0.111,0.086,0.047,1.0,0.298,0.14,0.316,0.152,0.08,2014,JEDI JEDI Natural Gas Model Deflators sheet,1.1512656891351583,2.3838292852256752e-05,JEDI jedi-ngas-model_rel-ng4-17-17.xlsm Household Exp sheet; 2014 IMPLAN state PCE,JEDI IMPLAN state I-O (jedi-ngas-model_rel-ng4-17-17.xlsm)
NH,machinery,2.734,1.235,2.694,2.4370885149963426,0.381,0.08,0.144,1.0,0.218,0.374,0.448,0.125,0.229,2014,JEDI JEDI Natural Gas Model Deflators sheet,1.1512656891351583,1.0117866907657682e-06,JEDI jedi-ngas-model_rel-ng4-17-17.xlsm Household Exp sheet; 2014 IMPLAN state PCE,JEDI IMPLAN state I-O (jedi-ngas-model_rel-ng4-17-17.xlsm)
NJ,machinery,2.767,1.517,1.947,2.251897361763643,0.262,0.112,0.119,1.0,0.326,0.306,0.328,0.185,0.193,2014,JEDI JEDI Natural Gas Model Deflators sheet,1.1512656891351583,1.5461091719664462e-06,JEDI jedi-ngas-model_rel-ng4-17-17.xlsm Household Exp sheet; 2014 IMPLAN state PCE,JEDI IMPLAN state I-O (jedi-ngas-model_rel-ng4-17-17.xlsm)
NM,machinery,2.107,1.679,0.95,2.247745609871856,0.116,0.078,0.037,1.0,0.316,0.127,0.152,0.15,0.069,2014,JEDI JEDI Natural Gas Model Deflators sheet,1.1512656891351583,3.6169756782592687e-06,JEDI jedi-ngas-model_rel-ng4-17-17.xlsm Household Exp sheet; 2014 IMPLAN state PCE,JEDI IMPLAN state I-O (jedi-ngas-model_rel-ng4-17-17.xlsm)
NV,machinery,2.193,1.229,0.911,1.9758321933424532,0.169,0.07,0.042,1.0,0.2,0.117,0.208,0.116,0.071,2014,JEDI JEDI Natural Gas Model Deflators sheet,1.1512656891351583,3.121221969163107e-07,JEDI jedi-ngas-model_rel-ng4-17-17.xlsm Household Exp sheet; 2014 IMPLAN state PCE,JEDI IMPLAN state I-O (jedi-ngas-model_rel-ng4-17-17.xlsm)
NY,machinery,1.955,1.51,1.268,2.4209718670076725,0.193,0.115,0.084,1.0,0.327,0.21,0.301,0.191,0.137,2014,JEDI JEDI Natural Gas Model Deflators sheet,1.1512656891351583,5.591949379143049e-06,JEDI jedi-ngas-model_rel-ng4-17-17.xlsm Household Exp sheet; 2014 IMPLAN state PCE,JEDI IMPLAN state I-O (jedi-ngas-model_rel-ng4-17-17.xlsm)
OH,machinery,2.385,1.994,2.007,2.6775681341719078,0.194,0.116,0.096,1.0,0.413,0.283,0.278,0.202,0.165,2014,JEDI JEDI Natural Gas Model Deflators sheet,1.1512656891351583,1.2528763630068732e-05,JEDI jedi-ngas-model_rel-ng4-17-17.xlsm Household Exp sheet; 2014 IMPLAN state PCE,JEDI IMPLAN state I-O (jedi-ngas-model_rel-ng4-17-17.xlsm)
OK,machinery,1.964,1.59,1.485,2.5656822810590634,0.194,0.087,0.064,1.0,0.305,0.198,0.333,0.149,0.11,2014,JEDI JEDI Natural Gas Model Deflators sheet,1.1512656891351583,6.622726909606565e-06,JEDI jedi-ngas-model_rel-ng4-17-17.xlsm Household Exp sheet; 2014 IMPLAN state PCE,JEDI IMPLAN state I-O (jedi-ngas-model_rel-ng4-17-17.xlsm)
OR,machinery,2.48,2.004,1.778,2.5250000000000004,0.176,0.11,0.081,1.0,0.375,0.233,0.248,0.193,0.134,2014,JEDI JEDI Natural Gas Model Deflators sheet,1.1512656891351583,1.6341508129297256e-05,JEDI jedi-ngas-model_rel-ng4-17-17.xlsm Household Exp sheet; 2014 IMPLAN state PCE,JEDI IMPLAN state I-O (jedi-ngas-model_rel-ng4-17-17.xlsm)
PA,machinery,2.249,1.881,1.858,2.6625166740773674,0.188,0.123,0.101,1.0,0.39,0.27,0.274,0.2,0.161,2014,JEDI JEDI Natural Gas Model Deflators sheet,1.1512656891351583,8.659070921300736e-06,JEDI jedi-ngas-model_rel-ng4-17-17.xlsm Household Exp sheet; 2014 IMPLAN state PCE,JEDI IMPLAN state I-O (jedi-ngas-model_rel-ng4-17-17.xlsm)
RI,machinery,3.265,1.437,1.879,2.015620214395099,0.238,0.088,0.099,1.0,0.252,0.268,0.345,0.147,0.165,2014,JEDI JEDI Natural Gas Model Deflators sheet,1.1512656891351583,3.410839480057915e-07,JEDI jedi-ngas-model_rel-ng4-17-17.xlsm Household Exp sheet; 2014 IMPLAN state PCE,JEDI IMPLAN state I-O (jedi-ngas-model_rel-ng4-17-17.xlsm)
SC,machinery,1.841,1.576,1.519,2.6811515480717003,0.185,0.079,0.061,1.0,0.278,0.191,0.277,0.139,0.106,2014,JEDI JEDI Natural Gas Model Deflators sheet,1.1512656891351583,4.936522279073302e-06,JEDI jedi-ngas-model_rel-ng4-17-17.xlsm Household Exp sheet; 2014 IMPLAN state PCE,JEDI IMPLAN state I-O (jedi-ngas-model_rel-ng4-17-17.xlsm)
SD,machinery,1.887,1.776,1.032,2.4880763116057234,0.114,0.091,0.044,1.0,0.314,0.134,0.215,0.159,0.077,2014,JEDI JEDI Natural Gas Model Deflators sheet,1.1512656891351583,2.3631746014167553e-05,JEDI jedi-ngas-model_rel-ng4-17-17.xlsm Household Exp sheet; 2014 IMPLAN state PCE,JEDI IMPLAN state I-O (jedi-ngas-model_rel-ng4-17-17.xlsm)
TN,machinery,1.798,1.849,1.547,2.888765294771969,0.142,0.107,0.076,1.0,0.345,0.207,0.253,0.177,0.121,2014,JEDI JEDI Natural Gas Model Deflators sheet,1.1512656891351583,4.939401124250477e-06,JEDI jedi-ngas-model_rel-ng4-17-17.xlsm Household Exp sheet; 2014 IMPLAN state PCE,JEDI IMPLAN state I-O (jedi-ngas-model_rel-ng4-17-17.xlsm)
TX,machinery,2.051,1.999,1.727,2.816674792784008,0.176,0.134,0.088,1.0,0.512,0.263,0.307,0.244,0.15,2014,JEDI JEDI Natural Gas Model Deflators sheet,1.1512656891351583,1.1308644280200628e-05,JEDI jedi-ngas-model_rel-ng4-17-17.xlsm Household Exp sheet; 2014 IMPLAN state PCE,JEDI IMPLAN state I-O (jedi-ngas-model_rel-ng4-17-17.xlsm)
UT,machinery,1.866,2.258,1.685,3.1130760986066455,0.136,0.118,0.073,1.0,0.436,0.233,0.231,0.208,0.13,2014,JEDI JEDI Natural Gas Model Deflators sheet,1.1512656891351583,2.3724954327781337e-06,JEDI jedi-ngas-model_rel-ng4-17-17.xlsm Household Exp sheet; 2014 IMPLAN state PCE,JEDI IMPLAN state I-O (jedi-ngas-model_rel-ng4-17-17.xlsm)
VA,machinery,2.828,1.51,1.508,2.067185289957567,0.193,0.095,0.08,1.0,0.292,0.22,0.28,0.163,0.134,2014,JEDI JEDI Natural Gas Model Deflators sheet,1.1512656891351583,3.7592506607050125e-06,JEDI jedi-ngas-model_rel-ng4-17-17.xlsm Household Exp sheet; 2014 IMPLAN state PCE,JEDI IMPLAN state I-O (jedi-ngas-model_rel-ng4-17-17.xlsm)
VT,machinery,3.197,1.444,2.024,2.0847669690334687,0.275,0.072,0.086,1.0,0.234,0.252,0.342,0.118,0.144,2014,JEDI JEDI Natural Gas Model Deflators sheet,1.1512656891351583,6.296237228586479e-07,JEDI jedi-ngas-model_rel-ng4-17-17.xlsm Household Exp sheet; 2014 IMPLAN state PCE,JEDI IMPLAN state I-O (jedi-ngas-model_rel-ng4-17-17.xlsm)
WA,machinery,2.504,1.701,1.407,2.241214057507987,0.194,0.116,0.08,1.0,0.413,0.244,0.265,0.213,0.148,2014,JEDI JEDI Natural Gas Model Deflators sheet,1.1512656891351583,8.426869106752937e-06,JEDI jedi-ngas-model_rel-ng4-17-17.xlsm Household Exp sheet; 2014 IMPLAN state PCE,JEDI IMPLAN state I-O (jedi-ngas-model_rel-ng4-17-17.xlsm)
WI,machinery,1.729,2.01,1.541,3.053788316946211,0.142,0.112,0.07,1.0,0.39,0.21,0.246,0.189,0.121,2014,JEDI JEDI Natural Gas Model Deflators sheet,1.1512656891351583,2.04618736921252e-05,JEDI jedi-ngas-model_rel-ng4-17-17.xlsm Household Exp sheet; 2014 IMPLAN state PCE,JEDI IMPLAN state I-O (jedi-ngas-model_rel-ng4-17-17.xlsm)
WV,machinery,3.165,1.246,1.425,1.8439178515007897,0.23,0.062,0.059,1.0,0.207,0.175,0.28,0.108,0.101,2014,JEDI JEDI Natural Gas Model Deflators sheet,1.1512656891351583,4.1333555518881655e-07,JEDI jedi-ngas-model_rel-ng4-17-17.xlsm Household Exp sheet; 2014 IMPLAN state PCE,JEDI IMPLAN state I-O (jedi-ngas-model_rel-ng4-17-17.xlsm)
WY,machinery,2.333,1.379,0.59,1.843977711101586,0.113,0.071,0.023,1.0,0.28,0.078,0.13,0.14,0.044,2014,JEDI JEDI Natural Gas Model Deflators sheet,1.1512656891351583,2.3315833561549723e-06,JEDI jedi-ngas-model_rel-ng4-17-17.xlsm Household Exp sheet; 2014 IMPLAN state PCE,JEDI IMPLAN state I-O (jedi-ngas-model_rel-ng4-17-17.xlsm)
AK,electrical_equipment,0.0,0.0,0.0,,0.0,0.0,0.0,1.0,0.0,0.0,0.0,0.0,0.0,2014,JEDI JEDI Natural Gas Model Deflators sheet,1.1512656891351583,5.4999581007234955e-09,JEDI jedi-ngas-model_rel-ng4-17-17.xlsm Household Exp sheet; 2014 IMPLAN state PCE,JEDI IMPLAN state I-O (jedi-ngas-model_rel-ng4-17-17.xlsm)
AL,electrical_equipment,3.7477549455499135,2.0019834400505148,1.756674490949159,2.002909204472589,0.224203959107399,0.10079137980937958,0.07200930267572403,1.0,0.3395034074783325,0.22486096620559692,0.25491926074028015,0.1697705090045929,0.1262056827545166,2014,JEDI JEDI Natural Gas Model Deflators sheet,1.1512656891351583,2.918616821556281e-07,JEDI jedi-ngas-model_rel-ng4-17-17.xlsm Household Exp sheet; 2014 IMPLAN state PCE,JEDI IMPLAN state I-O (jedi-ngas-model_rel-ng4-17-17.xlsm)
AR,electrical_equipment,3.016914665058095,1.9636231186569377,1.4229424243332238,2.1225261298283846,0.18022027611732483,0.0954965278506279,0.05767630785703659,1.0,0.3378685712814331,0.1890636831521988,0.26802176237106323,0.17750978469848633,0.10894099622964859,2014,JEDI JEDI Natural Gas Model Deflators sheet,1.1512656891351583,6.000474649165294e-07,JEDI jedi-ngas-model_rel-ng4-17-17.xlsm Household Exp sheet; 2014 IMPLAN state PCE,JEDI IMPLAN state I-O (jedi-ngas-model_rel-ng4-17-17.xlsm)
AZ,electrical_equipment,1.1708865742529593,2.4190030661962365,2.229686244841545,4.970230262486104,0.17434805631637573,0.14319026470184326,0.10283124446868896,1.0,0.4757171869277954,0.30262142419815063,0.32142481207847595,0.24081572890281677,0.17465542256832123,2014,JEDI JEDI Natural Gas Model Deflators sheet,1.1512656891351583,2.1866212830137327e-05,JEDI jedi-ngas-model_rel-ng4-17-17.xlsm Household Exp sheet; 2014 IMPLAN state PCE,JEDI IMPLAN state I-O (jedi-ngas-model_rel-ng4-17-17.xlsm)
CA,electrical_equipment,1.3193218951584191,2.4681934695090018,2.2608492964057514,4.584449544322092,0.21880748867988586,0.1866893768310547,0.1306469440460205,1.0,0.6206603050231934,0.3679231107234955,0.4066529870033264,0.3217743933200836,0.22592216730117798,2014,JEDI JEDI Natural Gas Model Deflators sheet,1.1512656891351583,3.252797091115985e-05,JEDI jedi-ngas-model_rel-ng4-17-17.xlsm Household Exp sheet; 2014 IMPLAN state PCE,JEDI IMPLAN state I-O (jedi-ngas-model_rel-ng4-17-17.xlsm)
CO,electrical_equipment,1.513755961131024,2.4386219311785955,1.8897166687955138,3.859337113189718,0.14553667604923248,0.155012309551239,0.09596246480941772,1.0,0.4807978868484497,0.2779407799243927,0.2989724278450012,0.25316494703292847,0.16214773058891296,2014,JEDI JEDI Natural Gas Model Deflators sheet,1.1512656891351583,9.854241955507456e-06,JEDI jedi-ngas-model_rel-ng4-17-17.xlsm Household Exp sheet; 2014 IMPLAN state PCE,JEDI IMPLAN state I-O (jedi-ngas-model_rel-ng4-17-17.xlsm)
CT,electrical_equipment,2.4553771454800843,1.7857004775795886,1.651631001503237,2.3999199615465776,0.21224196255207062,0.13150760531425476,0.10429424792528152,1.0,0.3508265018463135,0.26355940103530884,0.3350600004196167,0.2114054411649704,0.168706476688385,2014,JEDI JEDI Natural Gas Model Deflators sheet,1.1512656891351583,2.4173129341511173e-06,JEDI jedi-ngas-model_rel-ng4-17-17.xlsm Household Exp sheet; 2014 IMPLAN state PCE,JEDI IMPLAN state I-O (jedi-ngas-model_rel-ng4-17-17.xlsm)
DC,electrical_equipment,0.6757981732327452,0.6618369721597241,0.2462602235296721,2.343740234374157,0.1415979564189911,0.060731519013643265,0.0195387601852417,1.0,0.12318634986877441,0.04085003212094307,0.5792486667633057,0.0826491266489029,0.028163693845272064,2014,JEDI JEDI Natural Gas Model Deflators sheet,1.1512656891351583,2.792982138768813e-09,JEDI jedi-ngas-model_rel-ng4-17-17.xlsm Household Exp sheet; 2014 IMPLAN state PCE,JEDI IMPLAN state I-O (jedi-ngas-model_rel-ng4-17-17.xlsm)
DE,electrical_equipment,3.5709360056026007,1.4769086504495272,1.658727256200647,1.8780991599206862,0.26271429657936096,0.09782421588897705,0.08988139033317566,1.0,0.2719402313232422,0.2436113953590393,0.36432507634162903,0.15752430260181427,0.15537196397781372,2014,JEDI JEDI Natural Gas Model Deflators sheet,1.1512656891351583,4.735816086163088e-08,JEDI jedi-ngas-model_rel-ng4-17-17.xlsm Household Exp sheet; 2014 IMPLAN state PCE,JEDI IMPLAN state I-O (jedi-ngas-model_rel-ng4-17-17.xlsm)
FL,electrical_equipment,1.676763706309821,2.7434737015795965,2.298121313894949,4.006741496433006,0.16420318186283112,0.14623446762561798,0.09954284876585007,1.0,0.48749637603759766,0.3000769019126892,0.295296847820282,0.252408504486084,0.17269238829612732,2014,JEDI JEDI Natural Gas Model Deflators sheet,1.1512656891351583,1.2380236243187212e-05,JEDI jedi-ngas-model_rel-ng4-17-17.xlsm Household Exp sheet; 2014 IMPLAN state PCE,JEDI IMPLAN state I-O (jedi-ngas-model_rel-ng4-17-17.xlsm)
GA,electrical_equipment,2.5358411804322274,2.251517411201231,1.7332359475474204,2.5713733925834665,0.1419936716556549,0.12767399847507477,0.08118869364261627,1.0,0.40869343280792236,0.24744506180286407,0.2801625430583954,0.21883107721805573,0.1424463838338852,2014,JEDI JEDI Natural Gas Model Deflators sheet,1.1512656891351583,1.4816713039653665e-06,JEDI jedi-ngas-model_rel-ng4-17-17.xlsm Household Exp sheet; 2014 IMPLAN state PCE,JEDI IMPLAN state I-O (jedi-ngas-model_rel-ng4-17-17.xlsm)
HI,electrical_equipment,1.1498477817863546,1.9519902813819148,0.8944608819100165,3.4755025911949895,0.07111749053001404,0.10051543265581131,0.040437594056129456,1.0,0.33306431770324707,0.12092538177967072,0.28410571813583374,0.17174312472343445,0.071968674659729,2014,JEDI JEDI Natural Gas Model Deflators sheet,1.1512656891351583,1.8950898337229758e-07,JEDI jedi-ngas-model_rel-ng4-17-17.xlsm Household Exp sheet; 2014 IMPLAN state PCE,JEDI IMPLAN state I-O (jedi-ngas-model_rel-ng4-17-17.xlsm)
IA,electrical_equipment,2.5015151654520342,1.8882310698109288,1.500831623231211,2.3548039763451616,0.1880030781030655,0.09579790383577347,0.06251079589128494,1.0,0.30883336067199707,0.19273146986961365,0.2859666645526886,0.1591520756483078,0.10937447845935822,2014,JEDI JEDI Natural Gas Model Deflators sheet,1.1512656891351583,4.195261504428172e-07,JEDI jedi-ngas-model_rel-ng4-17-17.xlsm Household Exp sheet; 2014 IMPLAN state PCE,JEDI IMPLAN state I-O (jedi-ngas-model_rel-ng4-17-17.xlsm)
ID,electrical_equipment,1.1241177346116753,2.2755275182826544,1.7480628926266906,4.579331850234787,0.18280212581157684,0.1131548210978508,0.06571285426616669,1.0,0.4153292179107666,0.2110537886619568,0.32563406229019165,0.18901222944259644,0.11194542795419693,2014,JEDI JEDI Natural Gas Model Deflators sheet,1.1512656891351583,2.4020384171103594e-05,JEDI jedi-ngas-model_rel-ng4-17-17.xlsm Household Exp sheet; 2014 IMPLAN state PCE,JEDI IMPLAN state I-O (jedi-ngas-model_rel-ng4-17-17.xlsm)
IL,electrical_equipment,3.009896796236756,2.0878442025953725,2.2122596181848997,2.428654904765057,0.2226409912109375,0.13667087256908417,0.11845402419567108,1.0,0.401821494102478,0.3299359083175659,0.35180968046188354,0.2205522358417511,0.19765865802764893,2014,JEDI JEDI Natural Gas Model Deflators sheet,1.1512656891351583,1.9246911008255605e-06,JEDI jedi-ngas-model_rel-ng4-17-17.xlsm Household Exp sheet; 2014 IMPLAN state PCE,JEDI IMPLAN state I-O (jedi-ngas-model_rel-ng4-17-17.xlsm)
IN,electrical_equipment,3.2620947207173994,1.7846105406361241,1.7919482518267889,2.096399430019112,0.21950729191303253,0.09100013971328735,0.07493922859430313,1.0,0.30553388595581055,0.2307037115097046,0.3660707473754883,0.15597036480903625,0.13070425391197205,2014,JEDI JEDI Natural Gas Model Deflators sheet,1.1512656891351583,5.235843839145433e-07,JEDI jedi-ngas-model_rel-ng4-17-17.xlsm Household Exp sheet; 2014 IMPLAN state PCE,JEDI IMPLAN state I-O (jedi-ngas-model_rel-ng4-17-17.xlsm)
KS,electrical_equipment,2.6689459969920497,1.7679703389444659,1.5840467458130212,2.255932899554832,0.20522738993167877,0.09469711035490036,0.06942420452833176,1.0,0.3095853328704834,0.21434234082698822,0.3591462969779968,0.15739887952804565,0.1207892894744873,2014,JEDI JEDI Natural Gas Model Deflators sheet,1.1512656891351583,1.6241670574874993e-06,JEDI jedi-ngas-model_rel-ng4-17-17.xlsm Household Exp sheet; 2014 IMPLAN state PCE,JEDI IMPLAN state I-O (jedi-ngas-model_rel-ng4-17-17.xlsm)
KY,electrical_equipment,3.7028671336430374,1.9887523240940546,1.7172549104177823,2.000848018779899,0.21593540906906128,0.0994681864976883,0.07239312678575516,1.0,0.3305165767669678,0.21574610471725464,0.2519567608833313,0.16860276460647583,0.11965151131153107,2014,JEDI JEDI Natural Gas Model Deflators sheet,1.1512656891351583,3.0693426688727953e-07,JEDI jedi-ngas-model_rel-ng4-17-17.xlsm Household Exp sheet; 2014 IMPLAN state PCE,JEDI IMPLAN state I-O (jedi-ngas-model_rel-ng4-17-17.xlsm)
LA,electrical_equipment,2.838088486784248,1.5611928304036458,1.4939852235137776,2.0764914723920933,0.22374297678470612,0.08275716751813889,0.06414466351270676,1.0,0.28489696979522705,0.19781693816184998,0.35354095697402954,0.1449589729309082,0.11250635236501694,2014,JEDI JEDI Natural Gas Model Deflators sheet,1.1512656891351583,6.250753926939336e-08,JEDI jedi-ngas-model_rel-ng4-17-17.xlsm Household Exp sheet; 2014 IMPLAN state PCE,JEDI IMPLAN state I-O (jedi-ngas-model_rel-ng4-17-17.xlsm)
MA,electrical_equipment,1.3693274182658042,2.112093899839668,1.773177400712044,3.837357412642949,0.1813105344772339,0.1679256111383438,0.1141161099076271,1.0,0.47055280208587646,0.27482175827026367,0.36091846227645874,0.258023202419281,0.17233827710151672,2014,JEDI JEDI Natural Gas Model Deflators sheet,1.1512656891351583,2.2661553365234062e-05,JEDI jedi-ngas-model_rel-ng4-17-17.xlsm Household Exp sheet; 2014 IMPLAN state PCE,JEDI IMPLAN state I-O (jedi-ngas-model_rel-ng4-17-17.xlsm)
MD,electrical_equipment,3.0526045009654057,1.7869455532361103,1.597986250795344,2.108866806348791,0.19986888766288757,0.11426862329244614,0.0849924311041832,1.0,0.3218883275985718,0.23462995886802673,0.3091674745082855,0.18787631392478943,0.14522884786128998,2014,JEDI JEDI Natural Gas Model Deflators sheet,1.1512656891351583,9.738756563633844e-07,JEDI jedi-ngas-model_rel-ng4-17-17.xlsm Household Exp sheet; 2014 IMPLAN state PCE,JEDI IMPLAN state I-O (jedi-ngas-model_rel-ng4-17-17.xlsm)
ME,electrical_equipment,1.522556991987331,2.0580461384147726,1.5339036974855649,3.359156244924476,0.1314069777727127,0.09999578446149826,0.06373243778944016,1.0,0.3236374855041504,0.19111433625221252,0.340284526348114,0.1671711951494217,0.10927410423755646,2014,JEDI JEDI Natural Gas Model Deflators sheet,1.1512656891351583,2.9494630100772013e-06,JEDI jedi-ngas-model_rel-ng4-17-17.xlsm Household Exp sheet; 2014 IMPLAN state PCE,JEDI IMPLAN state I-O (jedi-ngas-model_rel-ng4-17-17.xlsm)
MI,electrical_equipment,2.9302084548498994,2.3712453047434487,2.308322442475186,2.5970084788586645,0.22550582885742188,0.13457515835762024,0.1053881123661995,1.0,0.42393946647644043,0.30933618545532227,0.24647538363933563,0.21685802936553955,0.1760002076625824,2014,JEDI JEDI Natural Gas Model Deflators sheet,1.1512656891351583,1.5365958972238658e-06,JEDI jedi-ngas-model_rel-ng4-17-17.xlsm Household Exp sheet; 2014 IMPLAN state PCE,JEDI IMPLAN state I-O (jedi-ngas-model_rel-ng4-17-17.xlsm)
MN,electrical_equipment,2.3110433188817834,2.717101753398936,2.20581284646065,3.1301697634303007,0.17253698408603668,0.17274360358715057,0.11605006456375122,1.0,0.5301671028137207,0.32160621881484985,0.24076443910598755,0.2687802016735077,0.18574249744415283,2014,JEDI JEDI Natural Gas Model Deflators sheet,1.1512656891351583,8.83490094894133e-06,JEDI jedi-ngas-model_rel-ng4-17-17.xlsm Household Exp sheet; 2014 IMPLAN state PCE,JEDI IMPLAN state I-O (jedi-ngas-model_rel-ng4-17-17.xlsm)
MO,electrical_equipment,1.9274731156646565,1.676510468606026,1.8449779300279514,2.8269974143943646,0.20079287886619568,0.09402158111333847,0.0853983610868454,1.0,0.29522383213043213,0.25383901596069336,0.4623968005180359,0.15598148107528687,0.1444215625524521,2014,JEDI JEDI Natural Gas Model Deflators sheet,1.1512656891351583,4.145611169038511e-06,JEDI jedi-ngas-model_rel-ng4-17-17.xlsm Household Exp sheet; 2014 IMPLAN state PCE,JEDI IMPLAN state I-O (jedi-ngas-model_rel-ng4-17-17.xlsm)
MS,electrical_equipment,2.755542793581563,2.0425831246119674,1.137041489283244,2.153901373370595,0.13318224251270294,0.08797366917133331,0.041159048676490784,1.0,0.322487473487854,0.13728156685829163,0.18719156086444855,0.153851717710495,0.07345397025346756,2014,JEDI JEDI Natural Gas Model Deflators sheet,1.1512656891351583,2.7139050084394224e-07,JEDI jedi-ngas-model_rel-ng4-17-17.xlsm Household Exp sheet; 2014 IMPLAN state PCE,JEDI IMPLAN state I-O (jedi-ngas-model_rel-ng4-17-17.xlsm)
MT,electrical_equipment,1.756795569132733,2.424258185971168,1.1143464452476912,3.0142381352690575,0.08455710858106613,0.11030490696430206,0.041941165924072266,1.0,0.3837273120880127,0.13170920312404633,0.1483234167098999,0.18541741371154785,0.07009346038103104,2014,JEDI JEDI Natural Gas Model Deflators sheet,1.1512656891351583,1.167844335979938e-07,JEDI jedi-ngas-model_rel-ng4-17-17.xlsm Household Exp sheet; 2014 IMPLAN state PCE,JEDI IMPLAN state I-O (jedi-ngas-model_rel-ng4-17-17.xlsm)
NC,electrical_equipment,1.326,2.267,1.631,3.9396681749622924,0.129,0.124,0.075,1.0,0.421,0.219,0.325,0.218,0.128,2014,JEDI JEDI Natural Gas Model Deflators sheet,1.1512656891351583,1.0166582105534907e-05,JEDI jedi-ngas-model_rel-ng4-17-17.xlsm Household Exp sheet; 2014 IMPLAN state PCE,JEDI IMPLAN state I-O (jedi-ngas-model_rel-ng4-17-17.xlsm)
ND,electrical_equipment,3.221,2.034,1.155,1.9900651971437442,0.175,0.121,0.054,1.0,0.369,0.159,0.198,0.204,0.094,2014,JEDI JEDI Natural Gas Model Deflators sheet,1.1512656891351583,2.442368363500672e-07,JEDI jedi-ngas-model_rel-ng4-17-17.xlsm Household Exp sheet; 2014 IMPLAN state PCE,JEDI IMPLAN state I-O (jedi-ngas-model_rel-ng4-17-17.xlsm)
NE,electrical_equipment,4.064,1.851,1.799,1.8981299212598426,0.235,0.099,0.079,1.0,0.306,0.237,0.334,0.166,0.136,2014,JEDI JEDI Natural Gas Model Deflators sheet,1.1512656891351583,3.7276659993842147e-07,JEDI jedi-ngas-model_rel-ng4-17-17.xlsm Household Exp sheet; 2014 IMPLAN state PCE,JEDI IMPLAN state I-O (jedi-ngas-model_rel-ng4-17-17.xlsm)
NH,electrical_equipment,2.723,2.056,2.097,2.5251560778553066,0.226,0.132,0.111,1.0,0.357,0.29,0.304,0.2,0.178,2014,JEDI JEDI Natural Gas Model Deflators sheet,1.1512656891351583,5.549750234199152e-06,JEDI jedi-ngas-model_rel-ng4-17-17.xlsm Household Exp sheet; 2014 IMPLAN state PCE,JEDI IMPLAN state I-O (jedi-ngas-model_rel-ng4-17-17.xlsm)
NJ,electrical_equipment,2.342,1.97,1.864,2.637062339880444,0.213,0.145,0.113,1.0,0.395,0.292,0.315,0.23,0.184,2014,JEDI JEDI Natural Gas Model Deflators sheet,1.1512656891351583,3.3117172940362956e-06,JEDI jedi-ngas-model_rel-ng4-17-17.xlsm Household Exp sheet; 2014 IMPLAN state PCE,JEDI IMPLAN state I-O (jedi-ngas-model_rel-ng4-17-17.xlsm)
NM,electrical_equipment,0.984,1.438,1.008,3.485772357723577,0.134,0.071,0.039,1.0,0.292,0.134,0.46,0.142,0.073,2014,JEDI JEDI Natural Gas Model Deflators sheet,1.1512656891351583,2.2616434570045353e-05,JEDI jedi-ngas-model_rel-ng4-17-17.xlsm Household Exp sheet; 2014 IMPLAN state PCE,JEDI IMPLAN state I-O (jedi-ngas-model_rel-ng4-17-17.xlsm)
NV,electrical_equipment,3.33,1.1,1.033,1.6405405405405402,0.212,0.058,0.048,1.0,0.166,0.132,0.482,0.098,0.08,2014,JEDI JEDI Natural Gas Model Deflators sheet,1.1512656891351583,1.693190910001874e-05,JEDI jedi-ngas-model_rel-ng4-17-17.xlsm Household Exp sheet; 2014 IMPLAN state PCE,JEDI IMPLAN state I-O (jedi-ngas-model_rel-ng4-17-17.xlsm)
NY,electrical_equipment,1.835,2.064,1.373,2.873024523160763,0.177,0.155,0.091,1.0,0.43,0.226,0.281,0.248,0.147,2014,JEDI JEDI Natural Gas Model Deflators sheet,1.1512656891351583,8.192972190093161e-06,JEDI jedi-ngas-model_rel-ng4-17-17.xlsm Household Exp sheet; 2014 IMPLAN state PCE,JEDI IMPLAN state I-O (jedi-ngas-model_rel-ng4-17-17.xlsm)
OH,electrical_equipment,2.313,2.34,2.036,2.891915261565067,0.18,0.133,0.097,1.0,0.428,0.286,0.286,0.222,0.167,2014,JEDI JEDI Natural Gas Model Deflators sheet,1.1512656891351583,2.1815303755642776e-06,JEDI jedi-ngas-model_rel-ng4-17-17.xlsm Household Exp sheet; 2014 IMPLAN state PCE,JEDI IMPLAN state I-O (jedi-ngas-model_rel-ng4-17-17.xlsm)
OK,electrical_equipment,3.187,2.025,1.705,2.170379667398808,0.213,0.108,0.073,1.0,0.353,0.226,0.292,0.182,0.126,2014,JEDI JEDI Natural Gas Model Deflators sheet,1.1512656891351583,2.8372043509108007e-07,JEDI jedi-ngas-model_rel-ng4-17-17.xlsm Household Exp sheet; 2014 IMPLAN state PCE,JEDI IMPLAN state I-O (jedi-ngas-model_rel-ng4-17-17.xlsm)
OR,electrical_equipment,0.563,1.102,0.987,4.710479573712257,0.095,0.063,0.045,1.0,0.232,0.128,0.672,0.132,0.074,2014,JEDI JEDI Natural Gas Model Deflators sheet,1.1512656891351583,2.987625035318718e-05,JEDI jedi-ngas-model_rel-ng4-17-17.xlsm Household Exp sheet; 2014 IMPLAN state PCE,JEDI IMPLAN state I-O (jedi-ngas-model_rel-ng4-17-17.xlsm)
PA,electrical_equipment,2.427,2.072,2.001,2.6782035434693037,0.198,0.135,0.109,1.0,0.392,0.289,0.338,0.212,0.172,2014,JEDI JEDI Natural Gas Model Deflators sheet,1.1512656891351583,3.1454178923192786e-06,JEDI jedi-ngas-model_rel-ng4-17-17.xlsm Household Exp sheet; 2014 IMPLAN state PCE,JEDI IMPLAN state I-O (jedi-ngas-model_rel-ng4-17-17.xlsm)
RI,electrical_equipment,1.843,2.174,1.401,2.9397721106890935,0.111,0.13,0.073,1.0,0.366,0.199,0.244,0.212,0.122,2014,JEDI JEDI Natural Gas Model Deflators sheet,1.1512656891351583,1.2538026119603249e-06,JEDI jedi-ngas-model_rel-ng4-17-17.xlsm Household Exp sheet; 2014 IMPLAN state PCE,JEDI IMPLAN state I-O (jedi-ngas-model_rel-ng4-17-17.xlsm)
SC,electrical_equipment,3.683,1.676,1.948,1.9839804507195222,0.255,0.081,0.078,1.0,0.272,0.243,0.385,0.14,0.136,2014,JEDI JEDI Natural Gas Model Deflators sheet,1.1512656891351583,4.721131874895932e-07,JEDI jedi-ngas-model_rel-ng4-17-17.xlsm Household Exp sheet; 2014 IMPLAN state PCE,JEDI IMPLAN state I-O (jedi-ngas-model_rel-ng4-17-17.xlsm)
SD,electrical_equipment,3.063,2.139,1.328,2.1318968331700945,0.155,0.107,0.057,1.0,0.339,0.172,0.216,0.179,0.099,2014,JEDI JEDI Natural Gas Model Deflators sheet,1.1512656891351583,7.020724617239488e-07,JEDI jedi-ngas-model_rel-ng4-17-17.xlsm Household Exp sheet; 2014 IMPLAN state PCE,JEDI IMPLAN state I-O (jedi-ngas-model_rel-ng4-17-17.xlsm)
TN,electrical_equipment,3.015,1.94,2.011,2.31044776119403,0.211,0.111,0.099,1.0,0.329,0.268,0.366,0.176,0.156,2014,JEDI JEDI Natural Gas Model Deflators sheet,1.1512656891351583,3.4594934201047774e-07,JEDI jedi-ngas-model_rel-ng4-17-17.xlsm Household Exp sheet; 2014 IMPLAN state PCE,JEDI IMPLAN state I-O (jedi-ngas-model_rel-ng4-17-17.xlsm)
TX,electrical_equipment,1.241,2.238,1.805,4.257856567284447,0.17,0.152,0.092,1.0,0.543,0.274,0.382,0.269,0.156,2014,JEDI JEDI Natural Gas Model Deflators sheet,1.1512656891351583,2.2066473446276732e-05,JEDI jedi-ngas-model_rel-ng4-17-17.xlsm Household Exp sheet; 2014 IMPLAN state PCE,JEDI IMPLAN state I-O (jedi-ngas-model_rel-ng4-17-17.xlsm)
UT,electrical_equipment,1.457,2.796,1.842,4.183253260123542,0.131,0.146,0.079,1.0,0.507,0.253,0.231,0.247,0.141,2014,JEDI JEDI Natural Gas Model Deflators sheet,1.1512656891351583,6.855421196095022e-06,JEDI jedi-ngas-model_rel-ng4-17-17.xlsm Household Exp sheet; 2014 IMPLAN state PCE,JEDI IMPLAN state I-O (jedi-ngas-model_rel-ng4-17-17.xlsm)
VA,electrical_equipment,1.696,1.962,1.549,3.0701650943396226,0.168,0.126,0.082,1.0,0.366,0.224,0.271,0.205,0.137,2014,JEDI JEDI Natural Gas Model Deflators sheet,1.1512656891351583,4.791699097821144e-06,JEDI jedi-ngas-model_rel-ng4-17-17.xlsm Household Exp sheet; 2014 IMPLAN state PCE,JEDI IMPLAN state I-O (jedi-ngas-model_rel-ng4-17-17.xlsm)
VT,electrical_equipment,1.46,2.563,1.679,3.9054794520547946,0.156,0.13,0.071,1.0,0.435,0.208,0.18,0.202,0.119,2014,JEDI JEDI Natural Gas Model Deflators sheet,1.1512656891351583,1.5639659988224276e-05,JEDI jedi-ngas-model_rel-ng4-17-17.xlsm Household Exp sheet; 2014 IMPLAN state PCE,JEDI IMPLAN state I-O (jedi-ngas-model_rel-ng4-17-17.xlsm)
WA,electrical_equipment,1.836,1.905,1.219,2.701525054466231,0.139,0.128,0.069,1.0,0.422,0.21,0.314,0.228,0.128,2014,JEDI JEDI Natural Gas Model Deflators sheet,1.1512656891351583,4.67960292662543e-06,JEDI jedi-ngas-model_rel-ng4-17-17.xlsm Household Exp sheet; 2014 IMPLAN state PCE,JEDI IMPLAN state I-O (jedi-ngas-model_rel-ng4-17-17.xlsm)
WI,electrical_equipment,3.44,2.307,2.106,2.2828488372093023,0.22,0.125,0.095,1.0,0.396,0.286,0.258,0.206,0.165,2014,JEDI JEDI Natural Gas Model Deflators sheet,1.1512656891351583,1.3442614436633894e-06,JEDI jedi-ngas-model_rel-ng4-17-17.xlsm Household Exp sheet; 2014 IMPLAN state PCE,JEDI IMPLAN state I-O (jedi-ngas-model_rel-ng4-17-17.xlsm)
WV,electrical_equipment,2.477,1.792,1.032,2.140088817117481,0.12,0.09,0.043,1.0,0.282,0.126,0.203,0.15,0.073,2014,JEDI JEDI Natural Gas Model Deflators sheet,1.1512656891351583,8.159716627732585e-08,JEDI jedi-ngas-model_rel-ng4-17-17.xlsm Household Exp sheet; 2014 IMPLAN state PCE,JEDI IMPLAN state I-O (jedi-ngas-model_rel-ng4-17-17.xlsm)
WY,electrical_equipment,5.032,1.588,0.729,1.4604531001589824,0.144,0.081,0.029,1.0,0.291,0.096,0.185,0.154,0.055,2014,JEDI JEDI Natural Gas Model Deflators sheet,1.1512656891351583,3.1135596668867438e-09,JEDI jedi-ngas-model_rel-ng4-17-17.xlsm Household Exp sheet; 2014 IMPLAN state PCE,JEDI IMPLAN state I-O (jedi-ngas-model_rel-ng4-17-17.xlsm)
AK,tcpu,1.6459864953453962,1.2342512621145068,0.8406013811622722,2.260552652858424,0.14063429832458496,0.08243434131145477,0.043729815632104874,1.0,0.33448517322540283,0.1258939504623413,0.5749534368515015,0.21171824634075165,0.07702897489070892,2014,JEDI JEDI Natural Gas Model Deflators sheet,1.1512656891351583,0.048353863978332766,JEDI jedi-ngas-model_rel-ng4-17-17.xlsm Household Exp sheet; 2014 IMPLAN state PCE,JEDI IMPLAN state I-O (jedi-ngas-model_rel-ng4-17-17.xlsm)
AL,tcpu,2.2836088857715215,2.423218054349038,1.67756099863775,2.795744918728205,0.1874801367521286,0.12827518582344055,0.069870226085186,1.0,0.4796586036682129,0.2181449979543686,0.34620967507362366,0.22548338770866394,0.12244455516338348,2014,JEDI JEDI Natural Gas Model Deflators sheet,1.1512656891351583,0.049108267687843446,JEDI jedi-ngas-model_rel-ng4-17-17.xlsm Household Exp sheet; 2014 IMPLAN state PCE,JEDI IMPLAN state I-O (jedi-ngas-model_rel-ng4-17-17.xlsm)
AR,tcpu,3.2843342756979066,2.3862633884949687,1.775493824961176,2.2671539691470017,0.22897033393383026,0.12086257338523865,0.07312434166669846,1.0,0.4429813623428345,0.23967145383358002,0.40221738815307617,0.21986421942710876,0.13810797035694122,2014,JEDI JEDI Natural Gas Model Deflators sheet,1.1512656891351583,0.047941396563282015,JEDI jedi-ngas-model_rel-ng4-17-17.xlsm Household Exp sheet; 2014 IMPLAN state PCE,JEDI IMPLAN state I-O (jedi-ngas-model_rel-ng4-17-17.xlsm)
AZ,tcpu,2.459674263628129,2.4174778826166325,2.2971328782339784,2.9167622439145053,0.19784347712993622,0.13471275568008423,0.10764679312705994,1.0,0.4646165370941162,0.3167717754840851,0.4291648268699646,0.24186450242996216,0.18282629549503326,2014,JEDI JEDI Natural Gas Model Deflators sheet,1.1512656891351583,0.04216965162519137,JEDI jedi-ngas-model_rel-ng4-17-17.xlsm Household Exp sheet; 2014 IMPLAN state PCE,JEDI IMPLAN state I-O (jedi-ngas-model_rel-ng4-17-17.xlsm)
CA,tcpu,3.2027370950922087,2.318381455223656,2.3315642655256252,2.4518661952848824,0.26693859696388245,0.16031894087791443,0.1368924081325531,1.0,0.5013856887817383,0.38544002175331116,0.4362807273864746,0.2811800241470337,0.2366940975189209,2014,JEDI JEDI Natural Gas Model Deflators sheet,1.1512656891351583,0.028760796666206245,JEDI jedi-ngas-model_rel-ng4-17-17.xlsm Household Exp sheet; 2014 IMPLAN state PCE,JEDI IMPLAN state I-O (jedi-ngas-model_rel-ng4-17-17.xlsm)
CO,tcpu,2.710833008456425,2.51795947284556,2.5533948908154116,2.8707734293631946,0.2485426813364029,0.16642020642757416,0.1317516714334488,1.0,0.5193641185760498,0.38151445984840393,0.44417107105255127,0.28144851326942444,0.2225906401872635,2014,JEDI JEDI Natural Gas Model Deflators sheet,1.1512656891351583,0.04008113859621031,JEDI jedi-ngas-model_rel-ng4-17-17.xlsm Household Exp sheet; 2014 IMPLAN state PCE,JEDI IMPLAN state I-O (jedi-ngas-model_rel-ng4-17-17.xlsm)
CT,tcpu,3.011261120592305,1.8577201032248394,1.7296537286825597,2.191319413442888,0.23382778465747833,0.1336013823747635,0.1109660193324089,1.0,0.38134801387786865,0.28039926290512085,0.4594757854938507,0.22144277393817902,0.17948919534683228,2014,JEDI JEDI Natural Gas Model Deflators sheet,1.1512656891351583,0.03439142138647638,JEDI jedi-ngas-model_rel-ng4-17-17.xlsm Household Exp sheet; 2014 IMPLAN state PCE,JEDI IMPLAN state I-O (jedi-ngas-model_rel-ng4-17-17.xlsm)
DC,tcpu,4.166595066284972,1.2280234248983355,0.629210160831165,1.4457437202760024,0.40799301862716675,0.11569172143936157,0.050725556910037994,1.0,0.2434389591217041,0.1060519814491272,0.45344072580337524,0.16121602058410645,0.0731164738535881,2014,JEDI JEDI Natural Gas Model Deflators sheet,1.1512656891351583,0.026165706359966647,JEDI jedi-ngas-model_rel-ng4-17-17.xlsm Household Exp sheet; 2014 IMPLAN state PCE,JEDI IMPLAN state I-O (jedi-ngas-model_rel-ng4-17-17.xlsm)
DE,tcpu,2.707828263547742,1.9645218289394641,1.624755712176336,2.325518899936882,0.22597356140613556,0.12985116243362427,0.08944741636514664,1.0,0.3989156484603882,0.24238617718219757,0.36396294832229614,0.221309095621109,0.15458545088768005,2014,JEDI JEDI Natural Gas Model Deflators sheet,1.1512656891351583,0.03415905228974155,JEDI jedi-ngas-model_rel-ng4-17-17.xlsm Household Exp sheet; 2014 IMPLAN state PCE,JEDI IMPLAN state I-O (jedi-ngas-model_rel-ng4-17-17.xlsm)
FL,tcpu,2.7107788234026735,2.761678793471888,2.35161847535591,2.8862834638826755,0.18348942697048187,0.13988804817199707,0.10349979251623154,1.0,0.4980512857437134,0.31197890639305115,0.4252657890319824,0.25559812784194946,0.17954769730567932,2014,JEDI JEDI Natural Gas Model Deflators sheet,1.1512656891351583,0.040325706402305386,JEDI jedi-ngas-model_rel-ng4-17-17.xlsm Household Exp sheet; 2014 IMPLAN state PCE,JEDI IMPLAN state I-O (jedi-ngas-model_rel-ng4-17-17.xlsm)
GA,tcpu,2.804426208928317,2.462624134690004,2.259518119034416,2.6838176161279486,0.21699698269367218,0.14058580994606018,0.107542023062706,1.0,0.479611873626709,0.3277463912963867,0.40202033519744873,0.24639934301376343,0.18867510557174683,2014,JEDI JEDI Natural Gas Model Deflators sheet,1.1512656891351583,0.04115556621290263,JEDI jedi-ngas-model_rel-ng4-17-17.xlsm Household Exp sheet; 2014 IMPLAN state PCE,JEDI IMPLAN state I-O (jedi-ngas-model_rel-ng4-17-17.xlsm)
HI,tcpu,2.2415998564713027,2.0061166640152415,1.4673861294444113,2.549564157684947,0.176984503865242,0.10918384790420532,0.06740595400333405,1.0,0.3881666660308838,0.20156840980052948,0.4049128293991089,0.20086468756198883,0.11996394395828247,2014,JEDI JEDI Natural Gas Model Deflators sheet,1.1512656891351583,0.03535262520771363,JEDI jedi-ngas-model_rel-ng4-17-17.xlsm Household Exp sheet; 2014 IMPLAN state PCE,JEDI IMPLAN state I-O (jedi-ngas-model_rel-ng4-17-17.xlsm)
IA,tcpu,3.2651392204063465,2.2455372271780356,1.7367337177080515,2.2196328168789363,0.2178308069705963,0.11648903787136078,0.07349282503128052,1.0,0.40597403049468994,0.22655998170375824,0.40584754943847656,0.20311632752418518,0.12857341766357422,2014,JEDI JEDI Natural Gas Model Deflators sheet,1.1512656891351583,0.04636094916030469,JEDI jedi-ngas-model_rel-ng4-17-17.xlsm Household Exp sheet; 2014 IMPLAN state PCE,JEDI IMPLAN state I-O (jedi-ngas-model_rel-ng4-17-17.xlsm)
ID,tcpu,3.4143175613154977,2.599194807499085,1.9551792695233083,2.3339046515836226,0.21687650680541992,0.11965075880289078,0.07468324154615402,1.0,0.43269073963165283,0.23980547487735748,0.3883885145187378,0.2030516266822815,0.12720641493797302,2014,JEDI JEDI Natural Gas Model Deflators sheet,1.1512656891351583,0.04494183350100407,JEDI jedi-ngas-model_rel-ng4-17-17.xlsm Household Exp sheet; 2014 IMPLAN state PCE,JEDI IMPLAN state I-O (jedi-ngas-model_rel-ng4-17-17.xlsm)
IL,tcpu,3.4526498132819,2.564059932899407,2.5697486747502856,2.4869184207157615,0.2605816721916199,0.1644737422466278,0.13980218768119812,1.0,0.5067422389984131,0.38936224579811096,0.4096018075942993,0.26781195402145386,0.23326484858989716,2014,JEDI JEDI Natural Gas Model Deflators sheet,1.1512656891351583,0.04044798460766839,JEDI jedi-ngas-model_rel-ng4-17-17.xlsm Household Exp sheet; 2014 IMPLAN state PCE,JEDI IMPLAN state I-O (jedi-ngas-model_rel-ng4-17-17.xlsm)
IN,tcpu,3.190412520938223,2.4222971380329437,1.9570725320370244,2.3726656478837103,0.2191721796989441,0.12558209896087646,0.08315911889076233,1.0,0.443798303604126,0.25597718358039856,0.37640875577926636,0.21608081459999084,0.1450267732143402,2014,JEDI JEDI Natural Gas Model Deflators sheet,1.1512656891351583,0.04401526211331397,JEDI jedi-ngas-model_rel-ng4-17-17.xlsm Household Exp sheet; 2014 IMPLAN state PCE,JEDI IMPLAN state I-O (jedi-ngas-model_rel-ng4-17-17.xlsm)
KS,tcpu,2.5789943439432075,2.3143201017668136,1.7460002802903436,2.574381266710746,0.2120184302330017,0.125190868973732,0.07774876058101654,1.0,0.43143630027770996,0.24000035226345062,0.4185599088668823,0.20680850744247437,0.13525965809822083,2014,JEDI JEDI Natural Gas Model Deflators sheet,1.1512656891351583,0.036018116717605006,JEDI jedi-ngas-model_rel-ng4-17-17.xlsm Household Exp sheet; 2014 IMPLAN state PCE,JEDI IMPLAN state I-O (jedi-ngas-model_rel-ng4-17-17.xlsm)
KY,tcpu,2.854591236806603,2.314607787666606,1.7295680887459095,2.416726788854255,0.2018236368894577,0.12026705592870712,0.07408313453197479,1.0,0.4235602617263794,0.22076013684272766,0.3686100244522095,0.20326444506645203,0.1224360466003418,2014,JEDI JEDI Natural Gas Model Deflators sheet,1.1512656891351583,0.04388881667829266,JEDI jedi-ngas-model_rel-ng4-17-17.xlsm Household Exp sheet; 2014 IMPLAN state PCE,JEDI IMPLAN state I-O (jedi-ngas-model_rel-ng4-17-17.xlsm)
LA,tcpu,2.4305787265449177,2.2749381291828135,1.5931463100358032,2.5914252836060663,0.20148399472236633,0.1324455887079239,0.06950224190950394,1.0,0.48765528202056885,0.2142951637506485,0.3722277283668518,0.2541702389717102,0.12188777327537537,2014,JEDI JEDI Natural Gas Model Deflators sheet,1.1512656891351583,0.04192266253352035,JEDI jedi-ngas-model_rel-ng4-17-17.xlsm Household Exp sheet; 2014 IMPLAN state PCE,JEDI IMPLAN state I-O (jedi-ngas-model_rel-ng4-17-17.xlsm)
MA,tcpu,3.112142899586865,2.0891658203833385,1.9768004835563722,2.3064844498237744,0.24061532318592072,0.1543920785188675,0.12925657629966736,1.0,0.42316508293151855,0.31126514077186584,0.4188773036003113,0.23942092061042786,0.19519272446632385,2014,JEDI JEDI Natural Gas Model Deflators sheet,1.1512656891351583,0.03318106720868129,JEDI jedi-ngas-model_rel-ng4-17-17.xlsm Household Exp sheet; 2014 IMPLAN state PCE,JEDI IMPLAN state I-O (jedi-ngas-model_rel-ng4-17-17.xlsm)
MD,tcpu,2.8147679774712855,1.9731850088045546,1.6709094388931935,2.2946340433258405,0.20874010026454926,0.12549519538879395,0.0902978926897049,1.0,0.3924950361251831,0.2492542266845703,0.4140922427177429,0.21824470162391663,0.15428227186203003,2014,JEDI JEDI Natural Gas Model Deflators sheet,1.1512656891351583,0.037386290912187516,JEDI jedi-ngas-model_rel-ng4-17-17.xlsm Household Exp sheet; 2014 IMPLAN state PCE,JEDI IMPLAN state I-O (jedi-ngas-model_rel-ng4-17-17.xlsm)
ME,tcpu,3.315745535035949,2.3370009091179464,2.0503178920155527,2.3231771723055137,0.20032788813114166,0.11396555602550507,0.08655638992786407,1.0,0.3898528814315796,0.2595215439796448,0.4401058256626129,0.20167230069637299,0.14838993549346924,2014,JEDI JEDI Natural Gas Model Deflators sheet,1.1512656891351583,0.041428660339457225,JEDI jedi-ngas-model_rel-ng4-17-17.xlsm Household Exp sheet; 2014 IMPLAN state PCE,JEDI IMPLAN state I-O (jedi-ngas-model_rel-ng4-17-17.xlsm)
MI,tcpu,2.6751604160775666,2.470016261768782,2.2596689647137165,2.7680006021535575,0.21784885227680206,0.1404939889907837,0.10482442378997803,1.0,0.4712163209915161,0.3076438307762146,0.39136433601379395,0.23238304257392883,0.17504501342773438,2014,JEDI JEDI Natural Gas Model Deflators sheet,1.1512656891351583,0.040594824415167825,JEDI jedi-ngas-model_rel-ng4-17-17.xlsm Household Exp sheet; 2014 IMPLAN state PCE,JEDI IMPLAN state I-O (jedi-ngas-model_rel-ng4-17-17.xlsm)
MN,tcpu,3.04200953141263,2.743791067400932,2.4447327350560815,2.705623782200182,0.21906717121601105,0.1698901355266571,0.13068179786205292,1.0,0.549340009689331,0.36213159561157227,0.39623647928237915,0.2768605351448059,0.20915353298187256,2014,JEDI JEDI Natural Gas Model Deflators sheet,1.1512656891351583,0.04620491451065217,JEDI jedi-ngas-model_rel-ng4-17-17.xlsm Household Exp sheet; 2014 IMPLAN state PCE,JEDI IMPLAN state I-O (jedi-ngas-model_rel-ng4-17-17.xlsm)
MO,tcpu,3.1442156298565127,2.428410865199477,2.1750195124784595,2.4640949984362286,0.21896794438362122,0.13443396985530853,0.10229189693927765,1.0,0.45268237590789795,0.3040132224559784,0.4237702488899231,0.23177595436573029,0.17297154664993286,2014,JEDI JEDI Natural Gas Model Deflators sheet,1.1512656891351583,0.04488649008374448,JEDI jedi-ngas-model_rel-ng4-17-17.xlsm Household Exp sheet; 2014 IMPLAN state PCE,JEDI IMPLAN state I-O (jedi-ngas-model_rel-ng4-17-17.xlsm)
MS,tcpu,2.789842393550106,2.4216232688263273,1.5040203917285209,2.407120226443839,0.18341492116451263,0.11384116113185883,0.05531754344701767,1.0,0.43946874141693115,0.1844770759344101,0.36346107721328735,0.20085591077804565,0.09871239960193634,2014,JEDI JEDI Natural Gas Model Deflators sheet,1.1512656891351583,0.05042339249386185,JEDI jedi-ngas-model_rel-ng4-17-17.xlsm Household Exp sheet; 2014 IMPLAN state PCE,JEDI IMPLAN state I-O (jedi-ngas-model_rel-ng4-17-17.xlsm)
MT,tcpu,2.605081232957083,2.50057479530329,1.9062874756093466,2.6916410187755693,0.21107512712478638,0.1276169717311859,0.07290314137935638,1.0,0.47140562534332275,0.2289077788591385,0.4072801470756531,0.22302693128585815,0.1218237653374672,2014,JEDI JEDI Natural Gas Model Deflators sheet,1.1512656891351583,0.0523725003785476,JEDI jedi-ngas-model_rel-ng4-17-17.xlsm Household Exp sheet; 2014 IMPLAN state PCE,JEDI IMPLAN state I-O (jedi-ngas-model_rel-ng4-17-17.xlsm)
NC,tcpu,3.051,2.306,2.099,2.443788921665028,0.205,0.126,0.098,1.0,0.42,0.286,0.425,0.224,0.167,2014,JEDI JEDI Natural Gas Model Deflators sheet,1.1512656891351583,0.037083271999482165,JEDI jedi-ngas-model_rel-ng4-17-17.xlsm Household Exp sheet; 2014 IMPLAN state PCE,JEDI IMPLAN state I-O (jedi-ngas-model_rel-ng4-17-17.xlsm)
ND,tcpu,2.75,2.11,1.531,2.324,0.259,0.139,0.073,1.0,0.454,0.214,0.45,0.248,0.126,2014,JEDI JEDI Natural Gas Model Deflators sheet,1.1512656891351583,0.05218752318973015,JEDI jedi-ngas-model_rel-ng4-17-17.xlsm Household Exp sheet; 2014 IMPLAN state PCE,JEDI IMPLAN state I-O (jedi-ngas-model_rel-ng4-17-17.xlsm)
NE,tcpu,2.744,1.578,1.964,2.290816326530612,0.279,0.093,0.087,1.0,0.297,0.263,0.57,0.167,0.15,2014,JEDI JEDI Natural Gas Model Deflators sheet,1.1512656891351583,0.043829991865927134,JEDI jedi-ngas-model_rel-ng4-17-17.xlsm Household Exp sheet; 2014 IMPLAN state PCE,JEDI IMPLAN state I-O (jedi-ngas-model_rel-ng4-17-17.xlsm)
NH,tcpu,2.785,2.071,1.903,2.4269299820466785,0.205,0.126,0.103,1.0,0.38,0.267,0.415,0.21,0.164,2014,JEDI JEDI Natural Gas Model Deflators sheet,1.1512656891351583,0.033889214645636004,JEDI jedi-ngas-model_rel-ng4-17-17.xlsm Household Exp sheet; 2014 IMPLAN state PCE,JEDI IMPLAN state I-O (jedi-ngas-model_rel-ng4-17-17.xlsm)
NJ,tcpu,3.518,1.946,2.044,2.1341671404206934,0.263,0.136,0.126,1.0,0.388,0.325,0.487,0.223,0.205,2014,JEDI JEDI Natural Gas Model Deflators sheet,1.1512656891351583,0.03734646317351013,JEDI jedi-ngas-model_rel-ng4-17-17.xlsm Household Exp sheet; 2014 IMPLAN state PCE,JEDI IMPLAN state I-O (jedi-ngas-model_rel-ng4-17-17.xlsm)
NM,tcpu,2.673,2.184,1.505,2.380097268986158,0.197,0.115,0.059,1.0,0.456,0.203,0.397,0.235,0.11,2014,JEDI JEDI Natural Gas Model Deflators sheet,1.1512656891351583,0.04115653129151053,JEDI jedi-ngas-model_rel-ng4-17-17.xlsm Household Exp sheet; 2014 IMPLAN state PCE,JEDI IMPLAN state I-O (jedi-ngas-model_rel-ng4-17-17.xlsm)
NY,tcpu,3.564,2.214,1.749,2.111952861952862,0.262,0.166,0.117,1.0,0.459,0.293,0.403,0.26,0.19,2014,JEDI JEDI Natural Gas Model Deflators sheet,1.1512656891351583,0.038442847176532895,JEDI jedi-ngas-model_rel-ng4-17-17.xlsm Household Exp sheet; 2014 IMPLAN state PCE,JEDI IMPLAN state I-O (jedi-ngas-model_rel-ng4-17-17.xlsm)
OH,tcpu,3.011,2.294,2.229,2.502158751245433,0.216,0.132,0.108,1.0,0.452,0.318,0.46,0.237,0.185,2014,JEDI JEDI Natural Gas Model Deflators sheet,1.1512656891351583,0.04175786561328683,JEDI jedi-ngas-model_rel-ng4-17-17.xlsm Household Exp sheet; 2014 IMPLAN state PCE,JEDI IMPLAN state I-O (jedi-ngas-model_rel-ng4-17-17.xlsm)
OK,tcpu,2.13,2.324,2.234,3.139906103286385,0.277,0.154,0.097,1.0,0.493,0.301,0.462,0.254,0.167,2014,JEDI JEDI Natural Gas Model Deflators sheet,1.1512656891351583,0.050355851749343115,JEDI jedi-ngas-model_rel-ng4-17-17.xlsm Household Exp sheet; 2014 IMPLAN state PCE,JEDI IMPLAN state I-O (jedi-ngas-model_rel-ng4-17-17.xlsm)
OR,tcpu,2.945,2.254,2.042,2.45874363327674,0.21,0.121,0.094,1.0,0.41,0.27,0.461,0.217,0.156,2014,JEDI JEDI Natural Gas Model Deflators sheet,1.1512656891351583,0.04470574809680479,JEDI jedi-ngas-model_rel-ng4-17-17.xlsm Household Exp sheet; 2014 IMPLAN state PCE,JEDI IMPLAN state I-O (jedi-ngas-model_rel-ng4-17-17.xlsm)
PA,tcpu,3.461,2.345,2.498,2.3993065587980356,0.271,0.154,0.138,1.0,0.466,0.367,0.436,0.25,0.219,2014,JEDI JEDI Natural Gas Model Deflators sheet,1.1512656891351583,0.03895277857446577,JEDI jedi-ngas-model_rel-ng4-17-17.xlsm Household Exp sheet; 2014 IMPLAN state PCE,JEDI IMPLAN state I-O (jedi-ngas-model_rel-ng4-17-17.xlsm)
RI,tcpu,3.39,2.036,1.93,2.1699115044247788,0.217,0.121,0.103,1.0,0.366,0.279,0.433,0.208,0.171,2014,JEDI JEDI Natural Gas Model Deflators sheet,1.1512656891351583,0.03128476432586147,JEDI jedi-ngas-model_rel-ng4-17-17.xlsm Household Exp sheet; 2014 IMPLAN state PCE,JEDI IMPLAN state I-O (jedi-ngas-model_rel-ng4-17-17.xlsm)
SC,tcpu,2.459,2.263,1.643,2.5884505896705976,0.177,0.112,0.067,1.0,0.402,0.209,0.365,0.196,0.116,2014,JEDI JEDI Natural Gas Model Deflators sheet,1.1512656891351583,0.03862322921229163,JEDI jedi-ngas-model_rel-ng4-17-17.xlsm Household Exp sheet; 2014 IMPLAN state PCE,JEDI IMPLAN state I-O (jedi-ngas-model_rel-ng4-17-17.xlsm)
SD,tcpu,3.144,2.397,1.64,2.284033078880407,0.208,0.122,0.071,1.0,0.428,0.215,0.373,0.21,0.124,2014,JEDI JEDI Natural Gas Model Deflators sheet,1.1512656891351583,0.04531526910770476,JEDI jedi-ngas-model_rel-ng4-17-17.xlsm Household Exp sheet; 2014 IMPLAN state PCE,JEDI IMPLAN state I-O (jedi-ngas-model_rel-ng4-17-17.xlsm)
TN,tcpu,3.183,2.59,2.322,2.543198240653471,0.23,0.149,0.116,1.0,0.47,0.314,0.368,0.235,0.183,2014,JEDI JEDI Natural Gas Model Deflators sheet,1.1512656891351583,0.040659080173091375,JEDI jedi-ngas-model_rel-ng4-17-17.xlsm Household Exp sheet; 2014 IMPLAN state PCE,JEDI IMPLAN state I-O (jedi-ngas-model_rel-ng4-17-17.xlsm)
TX,tcpu,2.626,2.447,2.501,2.8842345773038844,0.28,0.177,0.129,1.0,0.579,0.386,0.472,0.318,0.219,2014,JEDI JEDI Natural Gas Model Deflators sheet,1.1512656891351583,0.04501976605496443,JEDI jedi-ngas-model_rel-ng4-17-17.xlsm Household Exp sheet; 2014 IMPLAN state PCE,JEDI IMPLAN state I-O (jedi-ngas-model_rel-ng4-17-17.xlsm)
UT,tcpu,3.567,2.921,2.69,2.5730305578917854,0.255,0.156,0.117,1.0,0.542,0.375,0.399,0.274,0.21,2014,JEDI JEDI Natural Gas Model Deflators sheet,1.1512656891351583,0.03851929390647156,JEDI jedi-ngas-model_rel-ng4-17-17.xlsm Household Exp sheet; 2014 IMPLAN state PCE,JEDI IMPLAN state I-O (jedi-ngas-model_rel-ng4-17-17.xlsm)
VA,tcpu,3.268,2.053,1.905,2.211138310893513,0.238,0.13,0.102,1.0,0.399,0.28,0.439,0.221,0.172,2014,JEDI JEDI Natural Gas Model Deflators sheet,1.1512656891351583,0.041978151362546706,JEDI jedi-ngas-model_rel-ng4-17-17.xlsm Household Exp sheet; 2014 IMPLAN state PCE,JEDI IMPLAN state I-O (jedi-ngas-model_rel-ng4-17-17.xlsm)
VT,tcpu,2.615,2.511,2.002,2.725812619502868,0.214,0.132,0.086,1.0,0.445,0.252,0.361,0.218,0.144,2014,JEDI JEDI Natural Gas Model Deflators sheet,1.1512656891351583,0.04674274773197594,JEDI jedi-ngas-model_rel-ng4-17-17.xlsm Household Exp sheet; 2014 IMPLAN state PCE,JEDI IMPLAN state I-O (jedi-ngas-model_rel-ng4-17-17.xlsm)
WA,tcpu,2.961,1.928,1.593,2.189125295508274,0.229,0.126,0.092,1.0,0.424,0.279,0.452,0.23,0.17,2014,JEDI JEDI Natural Gas Model Deflators sheet,1.1512656891351583,0.03879307875312218,JEDI jedi-ngas-model_rel-ng4-17-17.xlsm Household Exp sheet; 2014 IMPLAN state PCE,JEDI IMPLAN state I-O (jedi-ngas-model_rel-ng4-17-17.xlsm)
WI,tcpu,3.306,2.357,2.153,2.3641863278886874,0.23,0.129,0.099,1.0,0.434,0.297,0.417,0.222,0.171,2014,JEDI JEDI Natural Gas Model Deflators sheet,1.1512656891351583,0.04122486426105476,JEDI jedi-ngas-model_rel-ng4-17-17.xlsm Household Exp sheet; 2014 IMPLAN state PCE,JEDI IMPLAN state I-O (jedi-ngas-model_rel-ng4-17-17.xlsm)
WV,tcpu,2.501,2.199,1.62,2.5269892043182725,0.215,0.12,0.068,1.0,0.428,0.201,0.329,0.204,0.116,2014,JEDI JEDI Natural Gas Model Deflators sheet,1.1512656891351583,0.0449439743972335,JEDI jedi-ngas-model_rel-ng4-17-17.xlsm Household Exp sheet; 2014 IMPLAN state PCE,JEDI IMPLAN state I-O (jedi-ngas-model_rel-ng4-17-17.xlsm)
WY,tcpu,2.111,1.712,0.979,2.274751302700142,0.206,0.102,0.039,1.0,0.411,0.13,0.453,0.224,0.075,2014,JEDI JEDI Natural Gas Model Deflators sheet,1.1512656891351583,0.0549951008513403,JEDI jedi-ngas-model_rel-ng4-17-17.xlsm Household Exp sheet; 2014 IMPLAN state PCE,JEDI IMPLAN state I-O (jedi-ngas-model_rel-ng4-17-17.xlsm)
AK,wholesale_trade,3.5149118446304413,1.5377772588215903,1.2240348267698002,1.7857414944305008,0.2640612721443176,0.10028589516878128,0.07141277194023132,1.0,0.2862030267715454,0.20559020340442657,0.6481821537017822,0.17898157238960266,0.12579163908958435,2014,JEDI JEDI Natural Gas Model Deflators sheet,1.1512656891351583,0.029516921857557124,JEDI jedi-ngas-model_rel-ng4-17-17.xlsm Household Exp sheet; 2014 IMPLAN state PCE,JEDI IMPLAN state I-O (jedi-ngas-model_rel-ng4-17-17.xlsm)
AL,wholesale_trade,3.9408817359787265,2.1567287382251488,2.0576285079567733,2.069394498116112,0.3224702775478363,0.11166476458311081,0.09611330926418304,1.0,0.3410055637359619,0.3001074194908142,0.6055456399917603,0.19202694296836853,0.16844363510608673,2014,JEDI JEDI Natural Gas Model Deflators sheet,1.1512656891351583,0.040789217891998374,JEDI jedi-ngas-model_rel-ng4-17-17.xlsm Household Exp sheet; 2014 IMPLAN state PCE,JEDI IMPLAN state I-O (jedi-ngas-model_rel-ng4-17-17.xlsm)
AR,wholesale_trade,3.4811726079015677,1.8527234791281695,1.7330859661102296,2.0300579284978073,0.2906990647315979,0.09218049794435501,0.08004915714263916,1.0,0.3005603551864624,0.2623884081840515,0.6515592932701111,0.1740064024925232,0.15119434893131256,2014,JEDI JEDI Natural Gas Model Deflators sheet,1.1512656891351583,0.047462217100922924,JEDI jedi-ngas-model_rel-ng4-17-17.xlsm Household Exp sheet; 2014 IMPLAN state PCE,JEDI IMPLAN state I-O (jedi-ngas-model_rel-ng4-17-17.xlsm)
AZ,wholesale_trade,3.685652830500803,2.474467010269622,2.9906137443588166,2.4827985721828956,0.34569883346557617,0.1399729996919632,0.15717005729675293,1.0,0.4121577739715576,0.46250593662261963,0.6310922503471375,0.23678073287010193,0.2669370174407959,2014,JEDI JEDI Natural Gas Model Deflators sheet,1.1512656891351583,0.04754833717993008,JEDI jedi-ngas-model_rel-ng4-17-17.xlsm Household Exp sheet; 2014 IMPLAN state PCE,JEDI IMPLAN state I-O (jedi-ngas-model_rel-ng4-17-17.xlsm)
CA,wholesale_trade,3.3753966756923472,2.075659126864222,2.3488607138216855,2.310814776985691,0.33129799365997314,0.14982107281684875,0.15466809272766113,1.0,0.4119652509689331,0.4355405271053314,0.6621466279029846,0.25772756338119507,0.2674490511417389,2014,JEDI JEDI Natural Gas Model Deflators sheet,1.1512656891351583,0.044468954563178724,JEDI jedi-ngas-model_rel-ng4-17-17.xlsm Household Exp sheet; 2014 IMPLAN state PCE,JEDI IMPLAN state I-O (jedi-ngas-model_rel-ng4-17-17.xlsm)
CO,wholesale_trade,3.6626469629253458,2.3889636502294485,2.9266895171411025,2.451314642436888,0.3800239861011505,0.15098834037780762,0.1693587601184845,1.0,0.42914581298828125,0.49050381779670715,0.6333949565887451,0.2518957555294037,0.28615888953208923,2014,JEDI JEDI Natural Gas Model Deflators sheet,1.1512656891351583,0.04756537448937916,JEDI jedi-ngas-model_rel-ng4-17-17.xlsm Household Exp sheet; 2014 IMPLAN state PCE,JEDI IMPLAN state I-O (jedi-ngas-model_rel-ng4-17-17.xlsm)
CT,wholesale_trade,3.025677557619746,1.6162892295928772,2.072876697243331,2.219285881122911,0.3616425395011902,0.1312483251094818,0.14914938807487488,1.0,0.33092212677001953,0.37689727544784546,0.6971511244773865,0.21281921863555908,0.2412574291229248,2014,JEDI JEDI Natural Gas Model Deflators sheet,1.1512656891351583,0.049473476019660914,JEDI jedi-ngas-model_rel-ng4-17-17.xlsm Household Exp sheet; 2014 IMPLAN state PCE,JEDI IMPLAN state I-O (jedi-ngas-model_rel-ng4-17-17.xlsm)
DC,wholesale_trade,3.1378673473518055,1.2026884672884457,0.6279210326200474,1.583392889904486,0.45635443925857544,0.12332293391227722,0.05677031725645065,1.0,0.26084721088409424,0.11868631839752197,0.6859217286109924,0.18339213728904724,0.0818265900015831,2014,JEDI JEDI Natural Gas Model Deflators sheet,1.1512656891351583,0.02273244423611808,JEDI jedi-ngas-model_rel-ng4-17-17.xlsm Household Exp sheet; 2014 IMPLAN state PCE,JEDI IMPLAN state I-O (jedi-ngas-model_rel-ng4-17-17.xlsm)
DE,wholesale_trade,3.3663703110403644,1.6304765292984285,2.0119316412303263,2.081998661461306,0.37827348709106445,0.11739148199558258,0.1242232471704483,1.0,0.3207123279571533,0.33664458990097046,0.66305011510849,0.2117631435394287,0.21470242738723755,2014,JEDI JEDI Natural Gas Model Deflators sheet,1.1512656891351583,0.03700805424031568,JEDI jedi-ngas-model_rel-ng4-17-17.xlsm Household Exp sheet; 2014 IMPLAN state PCE,JEDI IMPLAN state I-O (jedi-ngas-model_rel-ng4-17-17.xlsm)
FL,wholesale_trade,3.576838970755389,2.6623472385063858,3.0513665627576634,2.5974199140581877,0.32845714688301086,0.14211134612560272,0.1506125032901764,1.0,0.4272472858428955,0.4539965093135834,0.6419837474822998,0.24641311168670654,0.26127925515174866,2014,JEDI JEDI Natural Gas Model Deflators sheet,1.1512656891351583,0.048186230270342925,JEDI jedi-ngas-model_rel-ng4-17-17.xlsm Household Exp sheet; 2014 IMPLAN state PCE,JEDI IMPLAN state I-O (jedi-ngas-model_rel-ng4-17-17.xlsm)
GA,wholesale_trade,3.462482362164709,2.143685242087541,2.6361155050243448,2.380454901183555,0.34146007895469666,0.1264350563287735,0.14070925116539001,1.0,0.3789360523223877,0.4288313686847687,0.6534299850463867,0.2220761924982071,0.24686667323112488,2014,JEDI JEDI Natural Gas Model Deflators sheet,1.1512656891351583,0.047454307156817636,JEDI jedi-ngas-model_rel-ng4-17-17.xlsm Household Exp sheet; 2014 IMPLAN state PCE,JEDI IMPLAN state I-O (jedi-ngas-model_rel-ng4-17-17.xlsm)
HI,wholesale_trade,4.387286956581527,2.3754275835916667,2.0063843884153996,1.9987520796727811,0.3052661418914795,0.13368478417396545,0.1033623069524765,1.0,0.39804303646087646,0.30908921360969543,0.5608636140823364,0.2397223711013794,0.18395550549030304,2014,JEDI JEDI Natural Gas Model Deflators sheet,1.1512656891351583,0.03917455687936367,JEDI jedi-ngas-model_rel-ng4-17-17.xlsm Household Exp sheet; 2014 IMPLAN state PCE,JEDI IMPLAN state I-O (jedi-ngas-model_rel-ng4-17-17.xlsm)
IA,wholesale_trade,3.9997207767235308,2.1390981537139346,2.1345081991778163,2.068476174077477,0.34679678082466125,0.11388175189495087,0.10130161792039871,1.0,0.3493633270263672,0.3122996985912323,0.599656343460083,0.20113497972488403,0.1772303581237793,2014,JEDI JEDI Natural Gas Model Deflators sheet,1.1512656891351583,0.04203630956379457,JEDI jedi-ngas-model_rel-ng4-17-17.xlsm Household Exp sheet; 2014 IMPLAN state PCE,JEDI IMPLAN state I-O (jedi-ngas-model_rel-ng4-17-17.xlsm)
ID,wholesale_trade,4.234213405883241,2.60957299763571,2.2548413707824526,2.1488354275340225,0.31574463844299316,0.11949293315410614,0.09659214317798615,1.0,0.38926589488983154,0.3101882338523865,0.5761852264404297,0.20535020530223846,0.16453522443771362,2014,JEDI JEDI Natural Gas Model Deflators sheet,1.1512656891351583,0.045875268943279916,JEDI jedi-ngas-model_rel-ng4-17-17.xlsm Household Exp sheet; 2014 IMPLAN state PCE,JEDI IMPLAN state I-O (jedi-ngas-model_rel-ng4-17-17.xlsm)
IL,wholesale_trade,3.3890594676583117,2.100241179095057,2.757553377551233,2.433375425543302,0.36682388186454773,0.14436843991279602,0.16824810206890106,1.0,0.39240849018096924,0.4686031937599182,0.6607791781425476,0.24087324738502502,0.2807353436946869,2014,JEDI JEDI Natural Gas Model Deflators sheet,1.1512656891351583,0.046768705259648546,JEDI jedi-ngas-model_rel-ng4-17-17.xlsm Household Exp sheet; 2014 IMPLAN state PCE,JEDI IMPLAN state I-O (jedi-ngas-model_rel-ng4-17-17.xlsm)
IN,wholesale_trade,3.879410329693092,2.169379979550482,2.240631346502704,2.1367736205419834,0.3294171392917633,0.11323650181293488,0.10677599906921387,1.0,0.3467494249343872,0.3286927342414856,0.6116985082626343,0.19975537061691284,0.18622224032878876,2014,JEDI JEDI Natural Gas Model Deflators sheet,1.1512656891351583,0.0396539050060672,JEDI jedi-ngas-model_rel-ng4-17-17.xlsm Household Exp sheet; 2014 IMPLAN state PCE,JEDI IMPLAN state I-O (jedi-ngas-model_rel-ng4-17-17.xlsm)
KS,wholesale_trade,3.713357157336024,2.093627304374101,2.075224698517851,2.1226638931447956,0.3337201476097107,0.1148410364985466,0.10363905131816864,1.0,0.345534086227417,0.31995391845703125,0.6283192038536072,0.19620352983474731,0.18031129240989685,2014,JEDI JEDI Natural Gas Model Deflators sheet,1.1512656891351583,0.04117300303044349,JEDI jedi-ngas-model_rel-ng4-17-17.xlsm Household Exp sheet; 2014 IMPLAN state PCE,JEDI IMPLAN state I-O (jedi-ngas-model_rel-ng4-17-17.xlsm)
KY,wholesale_trade,3.66771679495623,1.9905105567977814,1.9185811376857187,2.0658106699675405,0.29570505023002625,0.1054169237613678,0.09216390550136566,1.0,0.31257331371307373,0.274649053812027,0.6328874826431274,0.17530076205730438,0.1523217409849167,2014,JEDI JEDI Natural Gas Model Deflators sheet,1.1512656891351583,0.04510149009608822,JEDI jedi-ngas-model_rel-ng4-17-17.xlsm Household Exp sheet; 2014 IMPLAN state PCE,JEDI IMPLAN state I-O (jedi-ngas-model_rel-ng4-17-17.xlsm)
LA,wholesale_trade,3.716003034785836,1.9160468358479574,1.8198262799999672,2.005347164917812,0.3241221010684967,0.10283297300338745,0.08903659135103226,1.0,0.3072115182876587,0.27454671263694763,0.6280543804168701,0.17622648179531097,0.15615320205688477,2014,JEDI JEDI Natural Gas Model Deflators sheet,1.1512656891351583,0.034326190355494626,JEDI jedi-ngas-model_rel-ng4-17-17.xlsm Household Exp sheet; 2014 IMPLAN state PCE,JEDI IMPLAN state I-O (jedi-ngas-model_rel-ng4-17-17.xlsm)
MA,wholesale_trade,3.3808728886221697,1.9212755351723312,2.547726942964657,2.3218487134422467,0.4102562665939331,0.16123943030834198,0.18683366477489471,1.0,0.3866901397705078,0.4499310255050659,0.6615985631942749,0.24636274576187134,0.282148540019989,2014,JEDI JEDI Natural Gas Model Deflators sheet,1.1512656891351583,0.04923105076800723,JEDI jedi-ngas-model_rel-ng4-17-17.xlsm Household Exp sheet; 2014 IMPLAN state PCE,JEDI IMPLAN state I-O (jedi-ngas-model_rel-ng4-17-17.xlsm)
MD,wholesale_trade,3.5362717160207784,1.8865818663271603,2.142257688430969,2.1392901559305564,0.3523882329463959,0.127763032913208,0.12983763217926025,1.0,0.35277366638183594,0.35842007398605347,0.6460442543029785,0.22055304050445557,0.22185179591178894,2014,JEDI JEDI Natural Gas Model Deflators sheet,1.1512656891351583,0.04397547696436522,JEDI jedi-ngas-model_rel-ng4-17-17.xlsm Household Exp sheet; 2014 IMPLAN state PCE,JEDI IMPLAN state I-O (jedi-ngas-model_rel-ng4-17-17.xlsm)
ME,wholesale_trade,3.9159248306365786,2.43267631359443,2.561067496373982,2.2752399563187273,0.31389516592025757,0.12648563086986542,0.12125540524721146,1.0,0.3803774118423462,0.3635827898979187,0.6080436706542969,0.21899870038032532,0.20788873732089996,2014,JEDI JEDI Natural Gas Model Deflators sheet,1.1512656891351583,0.0427016849511493,JEDI jedi-ngas-model_rel-ng4-17-17.xlsm Household Exp sheet; 2014 IMPLAN state PCE,JEDI IMPLAN state I-O (jedi-ngas-model_rel-ng4-17-17.xlsm)
MI,wholesale_trade,3.5648932148596484,2.191256579096446,2.6715158876544702,2.3640724065678262,0.3487550616264343,0.12642979621887207,0.13898655772209167,1.0,0.3609408140182495,0.4079192578792572,0.6431794166564941,0.20784488320350647,0.23209723830223083,2014,JEDI JEDI Natural Gas Model Deflators sheet,1.1512656891351583,0.044249769359217685,JEDI jedi-ngas-model_rel-ng4-17-17.xlsm Household Exp sheet; 2014 IMPLAN state PCE,JEDI IMPLAN state I-O (jedi-ngas-model_rel-ng4-17-17.xlsm)
MN,wholesale_trade,3.657934172853025,2.3142219115160185,3.052840179740312,2.46723856626164,0.39022019505500793,0.15456253290176392,0.18301759660243988,1.0,0.4176269769668579,0.5071729421615601,0.6338666677474976,0.24453306198120117,0.29292041063308716,2014,JEDI JEDI Natural Gas Model Deflators sheet,1.1512656891351583,0.04784246410176026,JEDI jedi-ngas-model_rel-ng4-17-17.xlsm Household Exp sheet; 2014 IMPLAN state PCE,JEDI IMPLAN state I-O (jedi-ngas-model_rel-ng4-17-17.xlsm)
MO,wholesale_trade,3.852700561249328,2.3605951925951563,2.640487221757809,2.298071919903178,0.3434925973415375,0.13762500882148743,0.13927119970321655,1.0,0.4047534465789795,0.41393741965293884,0.6143718957901001,0.23327142000198364,0.23551227152347565,2014,JEDI JEDI Natural Gas Model Deflators sheet,1.1512656891351583,0.04626068315752986,JEDI jedi-ngas-model_rel-ng4-17-17.xlsm Household Exp sheet; 2014 IMPLAN state PCE,JEDI IMPLAN state I-O (jedi-ngas-model_rel-ng4-17-17.xlsm)
MS,wholesale_trade,4.049456475880332,2.114577723977095,1.7291853236581038,1.9492046822900064,0.2890285849571228,0.09434480965137482,0.07132651656866074,1.0,0.3122680187225342,0.23788389563560486,0.5946781039237976,0.16729669272899628,0.12728601694107056,2014,JEDI JEDI Natural Gas Model Deflators sheet,1.1512656891351583,0.035137483709684385,JEDI jedi-ngas-model_rel-ng4-17-17.xlsm Household Exp sheet; 2014 IMPLAN state PCE,JEDI IMPLAN state I-O (jedi-ngas-model_rel-ng4-17-17.xlsm)
MT,wholesale_trade,4.083031112990693,2.413913185439424,2.144447846041468,2.116415943287298,0.31589311361312866,0.11149919033050537,0.09197414666414261,1.0,0.3526475429534912,0.2888033092021942,0.5913175344467163,0.19102095067501068,0.15369859337806702,2014,JEDI JEDI Natural Gas Model Deflators sheet,1.1512656891351583,0.043122954208677226,JEDI jedi-ngas-model_rel-ng4-17-17.xlsm Household Exp sheet; 2014 IMPLAN state PCE,JEDI IMPLAN state I-O (jedi-ngas-model_rel-ng4-17-17.xlsm)
NC,wholesale_trade,3.827,2.342,2.708,2.319571465900183,0.341,0.138,0.142,1.0,0.395,0.413,0.617,0.236,0.242,2014,JEDI JEDI Natural Gas Model Deflators sheet,1.1512656891351583,0.04695333779946667,JEDI jedi-ngas-model_rel-ng4-17-17.xlsm Household Exp sheet; 2014 IMPLAN state PCE,JEDI IMPLAN state I-O (jedi-ngas-model_rel-ng4-17-17.xlsm)
ND,wholesale_trade,3.558,1.79,1.561,1.9418212478920742,0.349,0.106,0.083,1.0,0.308,0.245,0.644,0.182,0.144,2014,JEDI JEDI Natural Gas Model Deflators sheet,1.1512656891351583,0.059249341081823476,JEDI jedi-ngas-model_rel-ng4-17-17.xlsm Household Exp sheet; 2014 IMPLAN state PCE,JEDI IMPLAN state I-O (jedi-ngas-model_rel-ng4-17-17.xlsm)
NE,wholesale_trade,3.971,2.299,2.153,2.1211281792999244,0.328,0.127,0.108,1.0,0.379,0.323,0.603,0.219,0.185,2014,JEDI JEDI Natural Gas Model Deflators sheet,1.1512656891351583,0.04386616678769616,JEDI jedi-ngas-model_rel-ng4-17-17.xlsm Household Exp sheet; 2014 IMPLAN state PCE,JEDI IMPLAN state I-O (jedi-ngas-model_rel-ng4-17-17.xlsm)
NH,wholesale_trade,3.677,2.104,2.827,2.3410388903997825,0.409,0.141,0.171,1.0,0.375,0.445,0.632,0.23,0.273,2014,JEDI JEDI Natural Gas Model Deflators sheet,1.1512656891351583,0.05338174907430794,JEDI jedi-ngas-model_rel-ng4-17-17.xlsm Household Exp sheet; 2014 IMPLAN state PCE,JEDI IMPLAN state I-O (jedi-ngas-model_rel-ng4-17-17.xlsm)
NJ,wholesale_trade,3.13,1.773,2.326,2.309584664536741,0.373,0.136,0.161,1.0,0.348,0.415,0.687,0.222,0.262,2014,JEDI JEDI Natural Gas Model Deflators sheet,1.1512656891351583,0.049218551552721125,JEDI jedi-ngas-model_rel-ng4-17-17.xlsm Household Exp sheet; 2014 IMPLAN state PCE,JEDI IMPLAN state I-O (jedi-ngas-model_rel-ng4-17-17.xlsm)
NM,wholesale_trade,4.385,2.159,1.642,1.866818700114025,0.277,0.104,0.072,1.0,0.367,0.249,0.561,0.201,0.135,2014,JEDI JEDI Natural Gas Model Deflators sheet,1.1512656891351583,0.03771081743245544,JEDI jedi-ngas-model_rel-ng4-17-17.xlsm Household Exp sheet; 2014 IMPLAN state PCE,JEDI IMPLAN state I-O (jedi-ngas-model_rel-ng4-17-17.xlsm)
NV,wholesale_trade,3.827,1.749,1.473,1.8419127253723544,0.339,0.099,0.078,1.0,0.261,0.215,0.617,0.16,0.13,2014,JEDI JEDI Natural Gas Model Deflators sheet,1.1512656891351583,0.10377916008490036,JEDI jedi-ngas-model_rel-ng4-17-17.xlsm Household Exp sheet; 2014 IMPLAN state PCE,JEDI IMPLAN state I-O (jedi-ngas-model_rel-ng4-17-17.xlsm)
NY,wholesale_trade,3.206,1.65,1.819,2.08203368683718,0.356,0.144,0.137,1.0,0.352,0.342,0.679,0.234,0.222,2014,JEDI JEDI Natural Gas Model Deflators sheet,1.1512656891351583,0.047389916248578016,JEDI jedi-ngas-model_rel-ng4-17-17.xlsm Household Exp sheet; 2014 IMPLAN state PCE,JEDI IMPLAN state I-O (jedi-ngas-model_rel-ng4-17-17.xlsm)
OH,wholesale_trade,3.767,2.315,2.729,2.3389965489779665,0.339,0.139,0.148,1.0,0.404,0.436,0.623,0.24,0.255,2014,JEDI JEDI Natural Gas Model Deflators sheet,1.1512656891351583,0.04438023986702043,JEDI jedi-ngas-model_rel-ng4-17-17.xlsm Household Exp sheet; 2014 IMPLAN state PCE,JEDI IMPLAN state I-O (jedi-ngas-model_rel-ng4-17-17.xlsm)
OK,wholesale_trade,3.814,2.187,1.966,2.088883062401678,0.307,0.115,0.096,1.0,0.355,0.297,0.618,0.198,0.165,2014,JEDI JEDI Natural Gas Model Deflators sheet,1.1512656891351583,0.04553808239925867,JEDI jedi-ngas-model_rel-ng4-17-17.xlsm Household Exp sheet; 2014 IMPLAN state PCE,JEDI IMPLAN state I-O (jedi-ngas-model_rel-ng4-17-17.xlsm)
OR,wholesale_trade,3.862,2.353,2.617,2.2868979803210774,0.345,0.132,0.135,1.0,0.39,0.388,0.613,0.23,0.224,2014,JEDI JEDI Natural Gas Model Deflators sheet,1.1512656891351583,0.04558880982507728,JEDI jedi-ngas-model_rel-ng4-17-17.xlsm Household Exp sheet; 2014 IMPLAN state PCE,JEDI IMPLAN state I-O (jedi-ngas-model_rel-ng4-17-17.xlsm)
PA,wholesale_trade,3.457,2.04,2.633,2.3517500723170377,0.359,0.142,0.163,1.0,0.373,0.434,0.654,0.226,0.258,2014,JEDI JEDI Natural Gas Model Deflators sheet,1.1512656891351583,0.04674839907506343,JEDI jedi-ngas-model_rel-ng4-17-17.xlsm Household Exp sheet; 2014 IMPLAN state PCE,JEDI IMPLAN state I-O (jedi-ngas-model_rel-ng4-17-17.xlsm)
RI,wholesale_trade,3.713,2.225,2.536,2.2822515486129813,0.352,0.146,0.151,1.0,0.401,0.41,0.628,0.248,0.253,2014,JEDI JEDI Natural Gas Model Deflators sheet,1.1512656891351583,0.048826213243770115,JEDI jedi-ngas-model_rel-ng4-17-17.xlsm Household Exp sheet; 2014 IMPLAN state PCE,JEDI IMPLAN state I-O (jedi-ngas-model_rel-ng4-17-17.xlsm)
SC,wholesale_trade,3.721,2.113,2.112,2.135447460360118,0.308,0.108,0.097,1.0,0.328,0.301,0.628,0.184,0.168,2014,JEDI JEDI Natural Gas Model Deflators sheet,1.1512656891351583,0.04330633857068561,JEDI jedi-ngas-model_rel-ng4-17-17.xlsm Household Exp sheet; 2014 IMPLAN state PCE,JEDI IMPLAN state I-O (jedi-ngas-model_rel-ng4-17-17.xlsm)
SD,wholesale_trade,3.934,2.124,1.944,2.0340620233858666,0.325,0.113,0.094,1.0,0.347,0.286,0.606,0.202,0.165,2014,JEDI JEDI Natural Gas Model Deflators sheet,1.1512656891351583,0.05310626101608809,JEDI jedi-ngas-model_rel-ng4-17-17.xlsm Household Exp sheet; 2014 IMPLAN state PCE,JEDI IMPLAN state I-O (jedi-ngas-model_rel-ng4-17-17.xlsm)
TN,wholesale_trade,3.702,2.247,2.543,2.2938951917882227,0.327,0.138,0.142,1.0,0.371,0.386,0.63,0.218,0.225,2014,JEDI JEDI Natural Gas Model Deflators sheet,1.1512656891351583,0.04711474199144032,JEDI jedi-ngas-model_rel-ng4-17-17.xlsm Household Exp sheet; 2014 IMPLAN state PCE,JEDI IMPLAN state I-O (jedi-ngas-model_rel-ng4-17-17.xlsm)
TX,wholesale_trade,3.261,2.027,2.371,2.348666053357866,0.355,0.128,0.137,1.0,0.367,0.41,0.674,0.213,0.233,2014,JEDI JEDI Natural Gas Model Deflators sheet,1.1512656891351583,0.04387452625530125,JEDI jedi-ngas-model_rel-ng4-17-17.xlsm Household Exp sheet; 2014 IMPLAN state PCE,JEDI IMPLAN state I-O (jedi-ngas-model_rel-ng4-17-17.xlsm)
UT,wholesale_trade,4.038,2.782,2.819,2.3870728083209505,0.338,0.145,0.138,1.0,0.463,0.441,0.596,0.261,0.246,2014,JEDI JEDI Natural Gas Model Deflators sheet,1.1512656891351583,0.04178039592940727,JEDI jedi-ngas-model_rel-ng4-17-17.xlsm Household Exp sheet; 2014 IMPLAN state PCE,JEDI IMPLAN state I-O (jedi-ngas-model_rel-ng4-17-17.xlsm)
VA,wholesale_trade,3.64,1.911,2.257,2.145054945054945,0.359,0.13,0.136,1.0,0.353,0.373,0.636,0.219,0.228,2014,JEDI JEDI Natural Gas Model Deflators sheet,1.1512656891351583,0.042188817394474956,JEDI jedi-ngas-model_rel-ng4-17-17.xlsm Household Exp sheet; 2014 IMPLAN state PCE,JEDI IMPLAN state I-O (jedi-ngas-model_rel-ng4-17-17.xlsm)
VT,wholesale_trade,4.188,2.469,2.287,2.1356255969436484,0.314,0.13,0.11,1.0,0.382,0.323,0.581,0.219,0.184,2014,JEDI JEDI Natural Gas Model Deflators sheet,1.1512656891351583,0.036299055983328526,JEDI jedi-ngas-model_rel-ng4-17-17.xlsm Household Exp sheet; 2014 IMPLAN state PCE,JEDI IMPLAN state I-O (jedi-ngas-model_rel-ng4-17-17.xlsm)
WA,wholesale_trade,3.456,1.737,1.836,2.0338541666666665,0.339,0.121,0.119,1.0,0.361,0.36,0.654,0.221,0.219,2014,JEDI JEDI Natural Gas Model Deflators sheet,1.1512656891351583,0.04500803772907895,JEDI jedi-ngas-model_rel-ng4-17-17.xlsm Household Exp sheet; 2014 IMPLAN state PCE,JEDI IMPLAN state I-O (jedi-ngas-model_rel-ng4-17-17.xlsm)
WI,wholesale_trade,3.973,2.34,2.558,2.2328215454316633,0.345,0.133,0.131,1.0,0.398,0.396,0.602,0.232,0.228,2014,JEDI JEDI Natural Gas Model Deflators sheet,1.1512656891351583,0.04531418813287104,JEDI jedi-ngas-model_rel-ng4-17-17.xlsm Household Exp sheet; 2014 IMPLAN state PCE,JEDI IMPLAN state I-O (jedi-ngas-model_rel-ng4-17-17.xlsm)
WV,wholesale_trade,3.926,1.857,1.712,1.9090677534386142,0.3,0.097,0.081,1.0,0.287,0.238,0.607,0.167,0.138,2014,JEDI JEDI Natural Gas Model Deflators sheet,1.1512656891351583,0.04151277759810886,JEDI jedi-ngas-model_rel-ng4-17-17.xlsm Household Exp sheet; 2014 IMPLAN state PCE,JEDI IMPLAN state I-O (jedi-ngas-model_rel-ng4-17-17.xlsm)
WY,wholesale_trade,3.523,1.51,1.101,1.7411297189894976,0.315,0.074,0.049,1.0,0.244,0.165,0.647,0.141,0.094,2014,JEDI JEDI Natural Gas Model Deflators sheet,1.1512656891351583,0.04229284300378046,JEDI jedi-ngas-model_rel-ng4-17-17.xlsm Household Exp sheet; 2014 IMPLAN state PCE,JEDI IMPLAN state I-O (jedi-ngas-model_rel-ng4-17-17.xlsm)
AK,retail_trade,12.349292427551084,1.6484070434337887,2.060249313541886,1.300313267236406,0.4652656316757202,0.09511110186576843,0.10990859568119049,1.0,0.29237914085388184,0.3164057433605194,0.6511253714561462,0.18272820115089417,0.1935962438583374,2014,JEDI JEDI Natural Gas Model Deflators sheet,1.1512656891351583,0.10908478457025693,JEDI jedi-ngas-model_rel-ng4-17-17.xlsm Household Exp sheet; 2014 IMPLAN state PCE,JEDI IMPLAN state I-O (jedi-ngas-model_rel-ng4-17-17.xlsm)
AL,retail_trade,11.956310142203314,2.026087658512438,2.447915956616311,1.3741960154861186,0.37944304943084717,0.09311914443969727,0.10455426573753357,1.0,0.30420947074890137,0.3264419734477997,0.6596331596374512,0.1669919341802597,0.18322959542274475,2014,JEDI JEDI Natural Gas Model Deflators sheet,1.1512656891351583,0.11512955138468219,JEDI jedi-ngas-model_rel-ng4-17-17.xlsm Household Exp sheet; 2014 IMPLAN state PCE,JEDI IMPLAN state I-O (jedi-ngas-model_rel-ng4-17-17.xlsm)
AR,retail_trade,12.828276082203757,2.0948806938467732,2.4234300153634973,1.3522149570415292,0.39769983291625977,0.09230414032936096,0.10235363245010376,1.0,0.32004356384277344,0.3354552984237671,0.6375612616539001,0.18056252598762512,0.19330579042434692,2014,JEDI JEDI Natural Gas Model Deflators sheet,1.1512656891351583,0.1092664301798124,JEDI jedi-ngas-model_rel-ng4-17-17.xlsm Household Exp sheet; 2014 IMPLAN state PCE,JEDI IMPLAN state I-O (jedi-ngas-model_rel-ng4-17-17.xlsm)
AZ,retail_trade,11.119490757845597,2.3893890380859375,3.5433871682509155,1.5335474740289572,0.40752050280570984,0.1189127117395401,0.1702803075313568,1.0,0.3728834390640259,0.5010592341423035,0.675591230392456,0.2109915316104889,0.2891933023929596,2014,JEDI JEDI Natural Gas Model Deflators sheet,1.1512656891351583,0.10924158443069416,JEDI jedi-ngas-model_rel-ng4-17-17.xlsm Household Exp sheet; 2014 IMPLAN state PCE,JEDI IMPLAN state I-O (jedi-ngas-model_rel-ng4-17-17.xlsm)
CA,retail_trade,10.244031208122585,1.916296427974425,2.87550521804827,1.4677652331069855,0.4180533289909363,0.12177841365337372,0.17313344776630402,1.0,0.35289716720581055,0.4875011146068573,0.7058814764022827,0.21953915059566498,0.29936426877975464,2014,JEDI JEDI Natural Gas Model Deflators sheet,1.1512656891351583,0.09581655680118402,JEDI jedi-ngas-model_rel-ng4-17-17.xlsm Household Exp sheet; 2014 IMPLAN state PCE,JEDI IMPLAN state I-O (jedi-ngas-model_rel-ng4-17-17.xlsm)
CO,retail_trade,12.19017332633397,2.515363177541368,3.3354338780669703,1.4799601202526862,0.41608908772468567,0.13820217549800873,0.17648924887180328,1.0,0.4205232858657837,0.511122465133667,0.6471114158630371,0.24153411388397217,0.2981952130794525,2014,JEDI JEDI Natural Gas Model Deflators sheet,1.1512656891351583,0.09414097932551271,JEDI jedi-ngas-model_rel-ng4-17-17.xlsm Household Exp sheet; 2014 IMPLAN state PCE,JEDI IMPLAN state I-O (jedi-ngas-model_rel-ng4-17-17.xlsm)
CT,retail_trade,11.054522692294677,1.806047562325355,2.7275932514295267,1.4101163786035702,0.4611852169036865,0.1334671974182129,0.17944620549678802,1.0,0.3509265184402466,0.4534376859664917,0.6813910007476807,0.22341424226760864,0.29025518894195557,2014,JEDI JEDI Natural Gas Model Deflators sheet,1.1512656891351583,0.1006055347360858,JEDI jedi-ngas-model_rel-ng4-17-17.xlsm Household Exp sheet; 2014 IMPLAN state PCE,JEDI IMPLAN state I-O (jedi-ngas-model_rel-ng4-17-17.xlsm)
DC,retail_trade,11.228455379366965,1.3182962995763055,0.6973198212836411,1.1795096522860815,0.45631298422813416,0.12007161974906921,0.057645343244075775,1.0,0.2691701650619507,0.12050914764404297,0.683650553226471,0.189168319106102,0.08308236300945282,2014,JEDI JEDI Natural Gas Model Deflators sheet,1.1512656891351583,0.07824600186909884,JEDI jedi-ngas-model_rel-ng4-17-17.xlsm Household Exp sheet; 2014 IMPLAN state PCE,JEDI IMPLAN state I-O (jedi-ngas-model_rel-ng4-17-17.xlsm)
DE,retail_trade,13.111782376855182,1.9619050058624896,2.5431145826370227,1.343585597977262,0.4470197856426239,0.12489917874336243,0.14357545971870422,1.0,0.3723137378692627,0.389072448015213,0.6215479373931885,0.24554291367530823,0.2481377124786377,2014,JEDI JEDI Natural Gas Model Deflators sheet,1.1512656891351583,0.10766098560936324,JEDI jedi-ngas-model_rel-ng4-17-17.xlsm Household Exp sheet; 2014 IMPLAN state PCE,JEDI IMPLAN state I-O (jedi-ngas-model_rel-ng4-17-17.xlsm)
FL,retail_trade,11.930670038035872,2.7943701399071745,3.8255183186498383,1.5548630912976649,0.40913689136505127,0.13023604452610016,0.17265963554382324,1.0,0.4191077947616577,0.5204578042030334,0.6566852927207947,0.2364039272069931,0.29952752590179443,2014,JEDI JEDI Natural Gas Model Deflators sheet,1.1512656891351583,0.10478424076462656,JEDI jedi-ngas-model_rel-ng4-17-17.xlsm Household Exp sheet; 2014 IMPLAN state PCE,JEDI IMPLAN state I-O (jedi-ngas-model_rel-ng4-17-17.xlsm)
GA,retail_trade,12.374458776388291,2.376148964735904,3.249956639777225,1.454654680756487,0.40394529700279236,0.12387368828058243,0.1586230993270874,1.0,0.39616644382476807,0.48341134190559387,0.6439031958580017,0.22877907752990723,0.2782883942127228,2014,JEDI JEDI Natural Gas Model Deflators sheet,1.1512656891351583,0.10328837533902777,JEDI jedi-ngas-model_rel-ng4-17-17.xlsm Household Exp sheet; 2014 IMPLAN state PCE,JEDI IMPLAN state I-O (jedi-ngas-model_rel-ng4-17-17.xlsm)
HI,retail_trade,10.963848250564146,1.8191524049478547,2.374591796341872,1.3825065894243782,0.3839123845100403,0.09136181324720383,0.1118585467338562,1.0,0.2910609245300293,0.3344840407371521,0.6866695284843445,0.17498186230659485,0.19907131791114807,2014,JEDI JEDI Natural Gas Model Deflators sheet,1.1512656891351583,0.11295579737616786,JEDI jedi-ngas-model_rel-ng4-17-17.xlsm Household Exp sheet; 2014 IMPLAN state PCE,JEDI IMPLAN state I-O (jedi-ngas-model_rel-ng4-17-17.xlsm)
IA,retail_trade,13.698202814478414,2.3169770135465506,2.613935183316628,1.3599678194026603,0.4038746654987335,0.11211446672677994,0.11343388259410858,1.0,0.3666703701019287,0.34969639778137207,0.6019799113273621,0.20876212418079376,0.19845327734947205,2014,JEDI JEDI Natural Gas Model Deflators sheet,1.1512656891351583,0.11269379069074566,JEDI jedi-ngas-model_rel-ng4-17-17.xlsm Household Exp sheet; 2014 IMPLAN state PCE,JEDI IMPLAN state I-O (jedi-ngas-model_rel-ng4-17-17.xlsm)
ID,retail_trade,12.60502089785876,2.5091927158678207,2.901553924993441,1.4292532860282996,0.4114006459712982,0.1008361428976059,0.11365650594234467,1.0,0.3530524969100952,0.36496180295944214,0.6284682154655457,0.18207019567489624,0.19359377026557922,2014,JEDI JEDI Natural Gas Model Deflators sheet,1.1512656891351583,0.11859991343998641,JEDI jedi-ngas-model_rel-ng4-17-17.xlsm Household Exp sheet; 2014 IMPLAN state PCE,JEDI IMPLAN state I-O (jedi-ngas-model_rel-ng4-17-17.xlsm)
IL,retail_trade,11.981935021719313,2.308811226966085,3.262442645096906,1.464971130452981,0.4125046133995056,0.14068745076656342,0.18201228976249695,1.0,0.40739941596984863,0.5069332122802734,0.6541765332221985,0.24642518162727356,0.303699254989624,2014,JEDI JEDI Natural Gas Model Deflators sheet,1.1512656891351583,0.0953832574442965,JEDI jedi-ngas-model_rel-ng4-17-17.xlsm Household Exp sheet; 2014 IMPLAN state PCE,JEDI IMPLAN state I-O (jedi-ngas-model_rel-ng4-17-17.xlsm)
IN,retail_trade,12.716494900165218,2.232822304905051,2.7183489774077882,1.3893503139963916,0.38771769404411316,0.10353030264377594,0.11845048516988754,1.0,0.33877623081207275,0.36460772156715393,0.6277351379394531,0.1912805587053299,0.20657289028167725,2014,JEDI JEDI Natural Gas Model Deflators sheet,1.1512656891351583,0.11187054092014342,JEDI jedi-ngas-model_rel-ng4-17-17.xlsm Household Exp sheet; 2014 IMPLAN state PCE,JEDI IMPLAN state I-O (jedi-ngas-model_rel-ng4-17-17.xlsm)
KS,retail_trade,12.329884579230699,2.1737336415147746,2.406581699621196,1.3714807962477902,0.3707221746444702,0.10555128753185272,0.10989685356616974,1.0,0.33840250968933105,0.339253306388855,0.6427843570709229,0.18851840496063232,0.1911926120519638,2014,JEDI JEDI Natural Gas Model Deflators sheet,1.1512656891351583,0.11352842108020005,JEDI jedi-ngas-model_rel-ng4-17-17.xlsm Household Exp sheet; 2014 IMPLAN state PCE,JEDI IMPLAN state I-O (jedi-ngas-model_rel-ng4-17-17.xlsm)
KY,retail_trade,13.613723014750194,2.269804774398397,2.7609558361500888,1.3695359899050215,0.4200717806816101,0.10707594454288483,0.12127362191677094,1.0,0.3369513750076294,0.36137092113494873,0.6117647290229797,0.18463899195194244,0.20042237639427185,2014,JEDI JEDI Natural Gas Model Deflators sheet,1.1512656891351583,0.11045116964885283,JEDI jedi-ngas-model_rel-ng4-17-17.xlsm Household Exp sheet; 2014 IMPLAN state PCE,JEDI IMPLAN state I-O (jedi-ngas-model_rel-ng4-17-17.xlsm)
LA,retail_trade,11.971938694694618,1.8928513603181396,2.2569435261990036,1.3466268072652368,0.3954346179962158,0.08954324573278427,0.10097016394138336,1.0,0.2866872549057007,0.3113254904747009,0.6595199108123779,0.1606820821762085,0.17707586288452148,2014,JEDI JEDI Natural Gas Model Deflators sheet,1.1512656891351583,0.11219743062016159,JEDI jedi-ngas-model_rel-ng4-17-17.xlsm Household Exp sheet; 2014 IMPLAN state PCE,JEDI IMPLAN state I-O (jedi-ngas-model_rel-ng4-17-17.xlsm)
MA,retail_trade,12.584338656655724,2.14053046785051,3.12667860697901,1.4185527121080572,0.4796203374862671,0.1614227443933487,0.20965638756752014,1.0,0.40427279472351074,0.5048824548721313,0.6443608403205872,0.25553134083747864,0.3166087567806244,2014,JEDI JEDI Natural Gas Model Deflators sheet,1.1512656891351583,0.08809832472593634,JEDI jedi-ngas-model_rel-ng4-17-17.xlsm Household Exp sheet; 2014 IMPLAN state PCE,JEDI IMPLAN state I-O (jedi-ngas-model_rel-ng4-17-17.xlsm)
MD,retail_trade,11.814157571669126,1.9474335268809426,2.6146030529527744,1.3861499689807493,0.4206564128398895,0.11576870083808899,0.14489711821079254,1.0,0.3412259817123413,0.3999674618244171,0.6596996784210205,0.2112405151128769,0.24757009744644165,2014,JEDI JEDI Natural Gas Model Deflators sheet,1.1512656891351583,0.0980172420871788,JEDI jedi-ngas-model_rel-ng4-17-17.xlsm Household Exp sheet; 2014 IMPLAN state PCE,JEDI IMPLAN state I-O (jedi-ngas-model_rel-ng4-17-17.xlsm)
ME,retail_trade,12.812100337828195,2.4582375986196574,3.241743835890829,1.4448904772998916,0.39584654569625854,0.11388467252254486,0.14034298062324524,1.0,0.3665999174118042,0.42080795764923096,0.6307204365730286,0.20959071815013885,0.24060943722724915,2014,JEDI JEDI Natural Gas Model Deflators sheet,1.1512656891351583,0.1129882695872482,JEDI jedi-ngas-model_rel-ng4-17-17.xlsm Household Exp sheet; 2014 IMPLAN state PCE,JEDI IMPLAN state I-O (jedi-ngas-model_rel-ng4-17-17.xlsm)
MI,retail_trade,11.82613668565249,2.2323216825428576,3.0659790411307806,1.4480161919743033,0.3856074810028076,0.11310205608606339,0.14585377275943756,1.0,0.34669768810272217,0.4280690848827362,0.6598526239395142,0.19593606889247894,0.24356311559677124,2014,JEDI JEDI Natural Gas Model Deflators sheet,1.1512656891351583,0.10709016485759248,JEDI jedi-ngas-model_rel-ng4-17-17.xlsm Household Exp sheet; 2014 IMPLAN state PCE,JEDI IMPLAN state I-O (jedi-ngas-model_rel-ng4-17-17.xlsm)
MN,retail_trade,12.215539386775415,2.456390937956253,3.352358317066492,1.475521307009277,0.39991405606269836,0.14721772074699402,0.18376505374908447,1.0,0.420261025428772,0.5092298984527588,0.6408926248550415,0.24184471368789673,0.29411202669143677,2014,JEDI JEDI Natural Gas Model Deflators sheet,1.1512656891351583,0.09800682089399516,JEDI jedi-ngas-model_rel-ng4-17-17.xlsm Household Exp sheet; 2014 IMPLAN state PCE,JEDI IMPLAN state I-O (jedi-ngas-model_rel-ng4-17-17.xlsm)
MO,retail_trade,12.997162245106171,2.5019054812324564,3.216612861979035,1.4399820695755865,0.4075210690498352,0.1285540908575058,0.15513399243354797,1.0,0.40307724475860596,0.4610660672187805,0.6216440200805664,0.22908708453178406,0.26232796907424927,2014,JEDI JEDI Natural Gas Model Deflators sheet,1.1512656891351583,0.1038885433439352,JEDI jedi-ngas-model_rel-ng4-17-17.xlsm Household Exp sheet; 2014 IMPLAN state PCE,JEDI IMPLAN state I-O (jedi-ngas-model_rel-ng4-17-17.xlsm)
MS,retail_trade,12.634674936601067,2.0450620520505303,2.290117370020045,1.3431176064144006,0.3824397623538971,0.08188799023628235,0.08637628704309464,1.0,0.2898719310760498,0.2880480885505676,0.6396206617355347,0.1513560712337494,0.15413376688957214,2014,JEDI JEDI Natural Gas Model Deflators sheet,1.1512656891351583,0.11916908786194964,JEDI jedi-ngas-model_rel-ng4-17-17.xlsm Household Exp sheet; 2014 IMPLAN state PCE,JEDI IMPLAN state I-O (jedi-ngas-model_rel-ng4-17-17.xlsm)
MT,retail_trade,14.285715844734698,2.6541591602159835,3.1442221071732837,1.4058866444222593,0.46421024203300476,0.1087879091501236,0.12331060320138931,1.0,0.36958932876586914,0.38718026876449585,0.5881131887435913,0.19680874049663544,0.20605580508708954,2014,JEDI JEDI Natural Gas Model Deflators sheet,1.1512656891351583,0.11263787101829217,JEDI jedi-ngas-model_rel-ng4-17-17.xlsm Household Exp sheet; 2014 IMPLAN state PCE,JEDI IMPLAN state I-O (jedi-ngas-model_rel-ng4-17-17.xlsm)
NC,retail_trade,13.453,2.509,3.466,1.4441388537872595,0.426,0.135,0.166,1.0,0.402,0.484,0.613,0.239,0.283,2014,JEDI JEDI Natural Gas Model Deflators sheet,1.1512656891351583,0.10032191161999769,JEDI jedi-ngas-model_rel-ng4-17-17.xlsm Household Exp sheet; 2014 IMPLAN state PCE,JEDI IMPLAN state I-O (jedi-ngas-model_rel-ng4-17-17.xlsm)
ND,retail_trade,12.232,1.992,1.961,1.323168737737083,0.417,0.105,0.096,1.0,0.325,0.281,0.638,0.189,0.166,2014,JEDI JEDI Natural Gas Model Deflators sheet,1.1512656891351583,0.11537701873687185,JEDI jedi-ngas-model_rel-ng4-17-17.xlsm Household Exp sheet; 2014 IMPLAN state PCE,JEDI IMPLAN state I-O (jedi-ngas-model_rel-ng4-17-17.xlsm)
NE,retail_trade,13.051,2.397,2.581,1.3814267105968892,0.38,0.12,0.118,1.0,0.38,0.354,0.615,0.218,0.203,2014,JEDI JEDI Natural Gas Model Deflators sheet,1.1512656891351583,0.11299123061726606,JEDI jedi-ngas-model_rel-ng4-17-17.xlsm Household Exp sheet; 2014 IMPLAN state PCE,JEDI IMPLAN state I-O (jedi-ngas-model_rel-ng4-17-17.xlsm)
NH,retail_trade,12.737,2.236,3.535,1.4530894245112667,0.497,0.133,0.195,1.0,0.376,0.509,0.634,0.228,0.312,2014,JEDI JEDI Natural Gas Model Deflators sheet,1.1512656891351583,0.11032404572613616,JEDI jedi-ngas-model_rel-ng4-17-17.xlsm Household Exp sheet; 2014 IMPLAN state PCE,JEDI IMPLAN state I-O (jedi-ngas-model_rel-ng4-17-17.xlsm)
NJ,retail_trade,10.862,1.901,2.931,1.4448536181182101,0.46,0.127,0.185,1.0,0.349,0.478,0.689,0.219,0.301,2014,JEDI JEDI Natural Gas Model Deflators sheet,1.1512656891351583,0.10044930151097912,JEDI jedi-ngas-model_rel-ng4-17-17.xlsm Household Exp sheet; 2014 IMPLAN state PCE,JEDI IMPLAN state I-O (jedi-ngas-model_rel-ng4-17-17.xlsm)
NM,retail_trade,12.952,1.95,2.3,1.3281346510191474,0.406,0.082,0.092,1.0,0.31,0.319,0.634,0.169,0.173,2014,JEDI JEDI Natural Gas Model Deflators sheet,1.1512656891351583,0.11783098243661103,JEDI jedi-ngas-model_rel-ng4-17-17.xlsm Household Exp sheet; 2014 IMPLAN state PCE,JEDI IMPLAN state I-O (jedi-ngas-model_rel-ng4-17-17.xlsm)
NV,retail_trade,7.792,1.717,1.172,1.3707648870636553,0.239,0.081,0.057,1.0,0.232,0.156,0.562,0.137,0.095,2014,JEDI JEDI Natural Gas Model Deflators sheet,1.1512656891351583,0.7945738711611511,JEDI jedi-ngas-model_rel-ng4-17-17.xlsm Household Exp sheet; 2014 IMPLAN state PCE,JEDI IMPLAN state I-O (jedi-ngas-model_rel-ng4-17-17.xlsm)
NY,retail_trade,10.887,1.693,2.328,1.369339579314779,0.449,0.136,0.16,1.0,0.345,0.4,0.687,0.23,0.26,2014,JEDI JEDI Natural Gas Model Deflators sheet,1.1512656891351583,0.09394311761378352,JEDI jedi-ngas-model_rel-ng4-17-17.xlsm Household Exp sheet; 2014 IMPLAN state PCE,JEDI IMPLAN state I-O (jedi-ngas-model_rel-ng4-17-17.xlsm)
OH,retail_trade,12.205,2.337,3.246,1.4574354772634166,0.395,0.125,0.161,1.0,0.39,0.475,0.643,0.23,0.277,2014,JEDI JEDI Natural Gas Model Deflators sheet,1.1512656891351583,0.10352447758349723,JEDI jedi-ngas-model_rel-ng4-17-17.xlsm Household Exp sheet; 2014 IMPLAN state PCE,JEDI IMPLAN state I-O (jedi-ngas-model_rel-ng4-17-17.xlsm)
OK,retail_trade,12.485,2.238,2.728,1.3977573087705248,0.431,0.106,0.122,1.0,0.345,0.376,0.641,0.188,0.21,2014,JEDI JEDI Natural Gas Model Deflators sheet,1.1512656891351583,0.10837768764557004,JEDI jedi-ngas-model_rel-ng4-17-17.xlsm Household Exp sheet; 2014 IMPLAN state PCE,JEDI IMPLAN state I-O (jedi-ngas-model_rel-ng4-17-17.xlsm)
OR,retail_trade,13.786,2.619,3.555,1.44784564050486,0.464,0.129,0.167,1.0,0.406,0.482,0.603,0.235,0.279,2014,JEDI JEDI Natural Gas Model Deflators sheet,1.1512656891351583,0.10112243124052911,JEDI jedi-ngas-model_rel-ng4-17-17.xlsm Household Exp sheet; 2014 IMPLAN state PCE,JEDI IMPLAN state I-O (jedi-ngas-model_rel-ng4-17-17.xlsm)
PA,retail_trade,13.023,2.39,3.33,1.4392229133072258,0.434,0.147,0.188,1.0,0.41,0.502,0.624,0.244,0.299,2014,JEDI JEDI Natural Gas Model Deflators sheet,1.1512656891351583,0.09763034215511296,JEDI jedi-ngas-model_rel-ng4-17-17.xlsm Household Exp sheet; 2014 IMPLAN state PCE,JEDI IMPLAN state I-O (jedi-ngas-model_rel-ng4-17-17.xlsm)
RI,retail_trade,12.024,2.191,3.187,1.4472721224218232,0.443,0.13,0.174,1.0,0.375,0.472,0.657,0.231,0.29,2014,JEDI JEDI Natural Gas Model Deflators sheet,1.1512656891351583,0.09537728364799916,JEDI jedi-ngas-model_rel-ng4-17-17.xlsm Household Exp sheet; 2014 IMPLAN state PCE,JEDI IMPLAN state I-O (jedi-ngas-model_rel-ng4-17-17.xlsm)
SC,retail_trade,12.666,2.194,2.722,1.388125690825833,0.391,0.1,0.114,1.0,0.321,0.354,0.641,0.176,0.198,2014,JEDI JEDI Natural Gas Model Deflators sheet,1.1512656891351583,0.1166012205246112,JEDI jedi-ngas-model_rel-ng4-17-17.xlsm Household Exp sheet; 2014 IMPLAN state PCE,JEDI IMPLAN state I-O (jedi-ngas-model_rel-ng4-17-17.xlsm)
SD,retail_trade,12.828,2.171,2.452,1.3603835360149674,0.4,0.105,0.109,1.0,0.343,0.33,0.624,0.2,0.19,2014,JEDI JEDI Natural Gas Model Deflators sheet,1.1512656891351583,0.11909226754882636,JEDI jedi-ngas-model_rel-ng4-17-17.xlsm Household Exp sheet; 2014 IMPLAN state PCE,JEDI IMPLAN state I-O (jedi-ngas-model_rel-ng4-17-17.xlsm)
TN,retail_trade,12.02,2.247,3.292,1.4608153078202994,0.429,0.122,0.168,1.0,0.349,0.457,0.655,0.201,0.266,2014,JEDI JEDI Natural Gas Model Deflators sheet,1.1512656891351583,0.11108085634468691,JEDI jedi-ngas-model_rel-ng4-17-17.xlsm Household Exp sheet; 2014 IMPLAN state PCE,JEDI IMPLAN state I-O (jedi-ngas-model_rel-ng4-17-17.xlsm)
TX,retail_trade,11.103,2.184,2.841,1.4525803836800866,0.407,0.122,0.15,1.0,0.369,0.449,0.681,0.209,0.256,2014,JEDI JEDI Natural Gas Model Deflators sheet,1.1512656891351583,0.1006792258006836,JEDI jedi-ngas-model_rel-ng4-17-17.xlsm Household Exp sheet; 2014 IMPLAN state PCE,JEDI IMPLAN state I-O (jedi-ngas-model_rel-ng4-17-17.xlsm)
UT,retail_trade,11.812,2.691,3.473,1.521842194378598,0.422,0.123,0.155,1.0,0.421,0.497,0.641,0.235,0.277,2014,JEDI JEDI Natural Gas Model Deflators sheet,1.1512656891351583,0.10184767934515704,JEDI jedi-ngas-model_rel-ng4-17-17.xlsm Household Exp sheet; 2014 IMPLAN state PCE,JEDI IMPLAN state I-O (jedi-ngas-model_rel-ng4-17-17.xlsm)
VA,retail_trade,12.34,2.051,2.614,1.3780388978930307,0.397,0.121,0.144,1.0,0.353,0.394,0.641,0.216,0.241,2014,JEDI JEDI Natural Gas Model Deflators sheet,1.1512656891351583,0.10396004082964774,JEDI jedi-ngas-model_rel-ng4-17-17.xlsm Household Exp sheet; 2014 IMPLAN state PCE,JEDI IMPLAN state I-O (jedi-ngas-model_rel-ng4-17-17.xlsm)
VT,retail_trade,12.469,2.248,3.039,1.4240115486406288,0.434,0.106,0.134,1.0,0.335,0.392,0.643,0.189,0.224,2014,JEDI JEDI Natural Gas Model Deflators sheet,1.1512656891351583,0.10874841270823056,JEDI jedi-ngas-model_rel-ng4-17-17.xlsm Household Exp sheet; 2014 IMPLAN state PCE,JEDI IMPLAN state I-O (jedi-ngas-model_rel-ng4-17-17.xlsm)
WA,retail_trade,9.576,1.519,2.169,1.3851294903926483,0.404,0.092,0.129,1.0,0.294,0.389,0.718,0.179,0.237,2014,JEDI JEDI Natural Gas Model Deflators sheet,1.1512656891351583,0.10084032611033246,JEDI jedi-ngas-model_rel-ng4-17-17.xlsm Household Exp sheet; 2014 IMPLAN state PCE,JEDI IMPLAN state I-O (jedi-ngas-model_rel-ng4-17-17.xlsm)
WI,retail_trade,12.845,2.413,2.985,1.420241339042429,0.389,0.122,0.14,1.0,0.39,0.422,0.619,0.224,0.243,2014,JEDI JEDI Natural Gas Model Deflators sheet,1.1512656891351583,0.10400480965367537,JEDI jedi-ngas-model_rel-ng4-17-17.xlsm Household Exp sheet; 2014 IMPLAN state PCE,JEDI IMPLAN state I-O (jedi-ngas-model_rel-ng4-17-17.xlsm)
WV,retail_trade,12.811,1.848,2.251,1.3199594098821326,0.392,0.086,0.097,1.0,0.272,0.287,0.631,0.155,0.165,2014,JEDI JEDI Natural Gas Model Deflators sheet,1.1512656891351583,0.12363643478575886,JEDI jedi-ngas-model_rel-ng4-17-17.xlsm Household Exp sheet; 2014 IMPLAN state PCE,JEDI IMPLAN state I-O (jedi-ngas-model_rel-ng4-17-17.xlsm)
WY,retail_trade,12.39,1.71,1.466,1.2563357546408394,0.4,0.074,0.06,1.0,0.265,0.2,0.641,0.149,0.115,2014,JEDI JEDI Natural Gas Model Deflators sheet,1.1512656891351583,0.11536867431151465,JEDI jedi-ngas-model_rel-ng4-17-17.xlsm Household Exp sheet; 2014 IMPLAN state PCE,JEDI IMPLAN state I-O (jedi-ngas-model_rel-ng4-17-17.xlsm)
AK,fire,4.538493312009429,1.515002522887648,1.1781465771921333,1.5934015795403658,0.22575655579566956,0.08737058192491531,0.06179657205939293,1.0,0.286405086517334,0.17785170674324036,0.6624042987823486,0.18154752254486084,0.10882732272148132,2014,JEDI JEDI Natural Gas Model Deflators sheet,1.1512656891351583,0.11419767090925331,JEDI jedi-ngas-model_rel-ng4-17-17.xlsm Household Exp sheet; 2014 IMPLAN state PCE,JEDI IMPLAN state I-O (jedi-ngas-model_rel-ng4-17-17.xlsm)
AL,fire,5.57680297969842,2.672926329158182,1.8621149505155619,1.8131973276056073,0.2322181910276413,0.1212228536605835,0.07820654660463333,1.0,0.4217524528503418,0.24417872726917267,0.5524289608001709,0.2281608283519745,0.13705578446388245,2014,JEDI JEDI Natural Gas Model Deflators sheet,1.1512656891351583,0.124946598504607,JEDI jedi-ngas-model_rel-ng4-17-17.xlsm Household Exp sheet; 2014 IMPLAN state PCE,JEDI IMPLAN state I-O (jedi-ngas-model_rel-ng4-17-17.xlsm)
AR,fire,5.553065675097152,2.485941434051575,1.509702090149543,1.7195383159467523,0.1970462203025818,0.1030617356300354,0.06269822269678116,1.0,0.39244258403778076,0.2054894119501114,0.5578529834747314,0.21507048606872559,0.11841282248497009,2014,JEDI JEDI Natural Gas Model Deflators sheet,1.1512656891351583,0.11360691089506729,JEDI jedi-ngas-model_rel-ng4-17-17.xlsm Household Exp sheet; 2014 IMPLAN state PCE,JEDI IMPLAN state I-O (jedi-ngas-model_rel-ng4-17-17.xlsm)
AZ,fire,5.62834188394693,3.403565446493123,2.7196502391581103,2.087925327193747,0.23608078062534332,0.16134850680828094,0.12851446866989136,1.0,0.5489239692687988,0.378143310546875,0.5586712956428528,0.30609267950057983,0.21825411915779114,2014,JEDI JEDI Natural Gas Model Deflators sheet,1.1512656891351583,0.14053773598339764,JEDI jedi-ngas-model_rel-ng4-17-17.xlsm Household Exp sheet; 2014 IMPLAN state PCE,JEDI IMPLAN state I-O (jedi-ngas-model_rel-ng4-17-17.xlsm)
CA,fire,4.406329267862404,2.1522716907496626,2.0670464974722242,1.957558532676057,0.2499038577079773,0.13312092423439026,0.1223742663860321,1.0,0.41450536251068115,0.3445318639278412,0.6600316166877747,0.260545015335083,0.21157951653003693,2014,JEDI JEDI Natural Gas Model Deflators sheet,1.1512656891351583,0.11956311632902673,JEDI jedi-ngas-model_rel-ng4-17-17.xlsm Household Exp sheet; 2014 IMPLAN state PCE,JEDI IMPLAN state I-O (jedi-ngas-model_rel-ng4-17-17.xlsm)
CO,fire,5.424818837223006,3.3813058603707535,2.4412476223502395,2.073317590399312,0.22576451301574707,0.17303526401519775,0.12701913714408875,1.0,0.5749044418334961,0.3678576648235321,0.5483975410461426,0.321821928024292,0.2146119773387909,2014,JEDI JEDI Natural Gas Model Deflators sheet,1.1512656891351583,0.13060907538795952,JEDI jedi-ngas-model_rel-ng4-17-17.xlsm Household Exp sheet; 2014 IMPLAN state PCE,JEDI IMPLAN state I-O (jedi-ngas-model_rel-ng4-17-17.xlsm)
CT,fire,3.4375406761614546,1.8894723238527358,2.1965538360396195,2.188648090254756,0.32256314158439636,0.14823374152183533,0.14209847152233124,1.0,0.40700268745422363,0.35906553268432617,0.6571662425994873,0.25811272859573364,0.22984540462493896,2014,JEDI JEDI Natural Gas Model Deflators sheet,1.1512656891351583,0.1414132646833353,JEDI jedi-ngas-model_rel-ng4-17-17.xlsm Household Exp sheet; 2014 IMPLAN state PCE,JEDI IMPLAN state I-O (jedi-ngas-model_rel-ng4-17-17.xlsm)
DC,fire,3.269774773561312,1.021411763344916,0.4982934449100005,1.4647736659243085,0.3016846477985382,0.09459725767374039,0.04050339758396149,1.0,0.23886871337890625,0.08466877043247223,0.745436429977417,0.17148098349571228,0.05837232992053032,2014,JEDI JEDI Natural Gas Model Deflators sheet,1.1512656891351583,0.16259977923519314,JEDI jedi-ngas-model_rel-ng4-17-17.xlsm Household Exp sheet; 2014 IMPLAN state PCE,JEDI IMPLAN state I-O (jedi-ngas-model_rel-ng4-17-17.xlsm)
DE,fire,2.967515541754184,1.1910611308537575,1.3050174747322283,1.8411341307114035,0.2103273570537567,0.07848651707172394,0.07244805991649628,1.0,0.2687939405441284,0.1963297724723816,0.7553229331970215,0.18416544795036316,0.1252131462097168,2014,JEDI JEDI Natural Gas Model Deflators sheet,1.1512656891351583,0.1612698162771865,JEDI jedi-ngas-model_rel-ng4-17-17.xlsm Household Exp sheet; 2014 IMPLAN state PCE,JEDI IMPLAN state I-O (jedi-ngas-model_rel-ng4-17-17.xlsm)
FL,fire,5.780774123489597,3.878261446366672,2.816019570067484,2.158025010739066,0.21979019045829773,0.17084799706935883,0.124976746737957,1.0,0.6014788150787354,0.3767137825489044,0.5406746864318848,0.3311186134815216,0.21680405735969543,2014,JEDI JEDI Natural Gas Model Deflators sheet,1.1512656891351583,0.1333966400632984,JEDI jedi-ngas-model_rel-ng4-17-17.xlsm Household Exp sheet; 2014 IMPLAN state PCE,JEDI IMPLAN state I-O (jedi-ngas-model_rel-ng4-17-17.xlsm)
GA,fire,4.710104014953901,2.5206457322205904,2.223910526301996,2.0073145398613925,0.2271909862756729,0.12836536765098572,0.10673096030950546,1.0,0.4447742700576782,0.3252485990524292,0.6143473386764526,0.2584957480430603,0.18723976612091064,2014,JEDI JEDI Natural Gas Model Deflators sheet,1.1512656891351583,0.12874459525544826,JEDI jedi-ngas-model_rel-ng4-17-17.xlsm Household Exp sheet; 2014 IMPLAN state PCE,JEDI IMPLAN state I-O (jedi-ngas-model_rel-ng4-17-17.xlsm)
HI,fire,4.556523754367995,1.9102455392154354,1.542936183662433,1.7578544322450997,0.20921501517295837,0.09579340368509293,0.07146576792001724,1.0,0.3374764919281006,0.21362781524658203,0.6491727232933044,0.207275390625,0.12715476751327515,2014,JEDI JEDI Natural Gas Model Deflators sheet,1.1512656891351583,0.12502498852237837,JEDI jedi-ngas-model_rel-ng4-17-17.xlsm Household Exp sheet; 2014 IMPLAN state PCE,JEDI IMPLAN state I-O (jedi-ngas-model_rel-ng4-17-17.xlsm)
IA,fire,4.085347866618297,2.195485734747706,1.7639738374269038,1.9691854161374285,0.23126329481601715,0.11123842000961304,0.07527025789022446,1.0,0.3941795825958252,0.23203863203525543,0.607337474822998,0.22601008415222168,0.13168257474899292,2014,JEDI JEDI Natural Gas Model Deflators sheet,1.1512656891351583,0.14268801065281014,JEDI jedi-ngas-model_rel-ng4-17-17.xlsm Household Exp sheet; 2014 IMPLAN state PCE,JEDI IMPLAN state I-O (jedi-ngas-model_rel-ng4-17-17.xlsm)
ID,fire,5.707009331475403,3.4774914441595612,1.77054296775583,1.9195769810592975,0.17657671868801117,0.13083672523498535,0.06819737702608109,1.0,0.5197254419326782,0.21896086633205414,0.4939959645271301,0.259395956993103,0.11615265905857086,2014,JEDI JEDI Natural Gas Model Deflators sheet,1.1512656891351583,0.13406431213014702,JEDI jedi-ngas-model_rel-ng4-17-17.xlsm Household Exp sheet; 2014 IMPLAN state PCE,JEDI IMPLAN state I-O (jedi-ngas-model_rel-ng4-17-17.xlsm)
IL,fire,4.129217207038878,2.3360898510943997,2.391852889891529,2.1449973454838926,0.25487881898880005,0.1438511312007904,0.1312154233455658,1.0,0.44915759563446045,0.36545756459236145,0.6401762962341309,0.27489173412323,0.21894222497940063,2014,JEDI JEDI Natural Gas Model Deflators sheet,1.1512656891351583,0.13705164274189624,JEDI jedi-ngas-model_rel-ng4-17-17.xlsm Household Exp sheet; 2014 IMPLAN state PCE,JEDI IMPLAN state I-O (jedi-ngas-model_rel-ng4-17-17.xlsm)
IN,fire,4.855444571947446,2.322165143652862,1.7247229934047812,1.8334742734864538,0.20100900530815125,0.10545159876346588,0.0738995373249054,1.0,0.38313353061676025,0.22747209668159485,0.5895183682441711,0.2158944308757782,0.12887722253799438,2014,JEDI JEDI Natural Gas Model Deflators sheet,1.1512656891351583,0.11781616299321936,JEDI jedi-ngas-model_rel-ng4-17-17.xlsm Household Exp sheet; 2014 IMPLAN state PCE,JEDI IMPLAN state I-O (jedi-ngas-model_rel-ng4-17-17.xlsm)
KS,fire,5.315893908458169,2.730085117458494,1.8368439153019869,1.8591083854201826,0.22884531319141388,0.1285392940044403,0.08248007297515869,1.0,0.4437289237976074,0.2546185255050659,0.552070677280426,0.24231785535812378,0.14349478483200073,2014,JEDI JEDI Natural Gas Model Deflators sheet,1.1512656891351583,0.12223405760382047,JEDI jedi-ngas-model_rel-ng4-17-17.xlsm Household Exp sheet; 2014 IMPLAN state PCE,JEDI IMPLAN state I-O (jedi-ngas-model_rel-ng4-17-17.xlsm)
KY,fire,5.191717740994773,2.498029581053852,1.8580905014994527,1.839051793620552,0.23255693912506104,0.11624178290367126,0.08025369793176651,1.0,0.3969435691833496,0.23913957178592682,0.5528817176818848,0.21419093012809753,0.132630854845047,2014,JEDI JEDI Natural Gas Model Deflators sheet,1.1512656891351583,0.11855389289589481,JEDI jedi-ngas-model_rel-ng4-17-17.xlsm Household Exp sheet; 2014 IMPLAN state PCE,JEDI IMPLAN state I-O (jedi-ngas-model_rel-ng4-17-17.xlsm)
LA,fire,5.74303697321905,2.4292389397160883,1.5594144523891569,1.69451988742283,0.21932804584503174,0.11114140599966049,0.06860000640153885,1.0,0.38217341899871826,0.21149379014968872,0.5537525415420532,0.2107536494731903,0.12029866874217987,2014,JEDI JEDI Natural Gas Model Deflators sheet,1.1512656891351583,0.11186768336229745,JEDI jedi-ngas-model_rel-ng4-17-17.xlsm Household Exp sheet; 2014 IMPLAN state PCE,JEDI IMPLAN state I-O (jedi-ngas-model_rel-ng4-17-17.xlsm)
MA,fire,3.631232682706111,1.9163497232987663,2.4177698861720747,2.193567030312394,0.33427801728248596,0.15253040194511414,0.1594042032957077,1.0,0.4016096591949463,0.383847713470459,0.6704258322715759,0.2560727298259735,0.24070978164672852,2014,JEDI JEDI Natural Gas Model Deflators sheet,1.1512656891351583,0.14145931475792473,JEDI jedi-ngas-model_rel-ng4-17-17.xlsm Household Exp sheet; 2014 IMPLAN state PCE,JEDI IMPLAN state I-O (jedi-ngas-model_rel-ng4-17-17.xlsm)
MD,fire,4.37238363810197,1.962908784580864,1.7074567978989768,1.8394427127792312,0.2299554944038391,0.1146174743771553,0.09304473549127579,1.0,0.3701268434524536,0.2568311095237732,0.6500529050827026,0.23016895353794098,0.15897254645824432,2014,JEDI JEDI Natural Gas Model Deflators sheet,1.1512656891351583,0.13213331030837444,JEDI jedi-ngas-model_rel-ng4-17-17.xlsm Household Exp sheet; 2014 IMPLAN state PCE,JEDI IMPLAN state I-O (jedi-ngas-model_rel-ng4-17-17.xlsm)
ME,fire,4.561257007332458,2.498142516087062,2.0970225518919596,2.0074339289788,0.2095508873462677,0.11467360705137253,0.08926820755004883,1.0,0.411818265914917,0.2676413953304291,0.6087258458137512,0.23498961329460144,0.15303343534469604,2014,JEDI JEDI Natural Gas Model Deflators sheet,1.1512656891351583,0.13356888620839644,JEDI jedi-ngas-model_rel-ng4-17-17.xlsm Household Exp sheet; 2014 IMPLAN state PCE,JEDI IMPLAN state I-O (jedi-ngas-model_rel-ng4-17-17.xlsm)
MI,fire,5.082985894706069,2.6916940369150035,2.2257140714593704,1.967425094273005,0.2235332727432251,0.13255152106285095,0.1041128933429718,1.0,0.4439878463745117,0.30554211139678955,0.5780491828918457,0.2487027496099472,0.1738518625497818,2014,JEDI JEDI Natural Gas Model Deflators sheet,1.1512656891351583,0.11974371185535072,JEDI jedi-ngas-model_rel-ng4-17-17.xlsm Household Exp sheet; 2014 IMPLAN state PCE,JEDI IMPLAN state I-O (jedi-ngas-model_rel-ng4-17-17.xlsm)
MN,fire,4.472011918870894,2.743977492692943,2.8697056060965824,2.255292517245098,0.29283174872398376,0.16770584881305695,0.15468142926692963,1.0,0.5029339790344238,0.4286330044269562,0.5914435386657715,0.2892780900001526,0.24756315350532532,2014,JEDI JEDI Natural Gas Model Deflators sheet,1.1512656891351583,0.13089168869621326,JEDI jedi-ngas-model_rel-ng4-17-17.xlsm Household Exp sheet; 2014 IMPLAN state PCE,JEDI IMPLAN state I-O (jedi-ngas-model_rel-ng4-17-17.xlsm)
MO,fire,4.959296987264992,2.6072714565247948,2.1710660384235925,1.9635110595753205,0.22566471993923187,0.1300816833972931,0.10296107828617096,1.0,0.44375431537628174,0.3060070872306824,0.5955468416213989,0.25204992294311523,0.17410552501678467,2014,JEDI JEDI Natural Gas Model Deflators sheet,1.1512656891351583,0.12587528016453714,JEDI jedi-ngas-model_rel-ng4-17-17.xlsm Household Exp sheet; 2014 IMPLAN state PCE,JEDI IMPLAN state I-O (jedi-ngas-model_rel-ng4-17-17.xlsm)
MS,fire,5.506410300268586,2.6416492449405373,1.5250150332714891,1.756693390248959,0.20007571578025818,0.10396099090576172,0.05655791610479355,1.0,0.40033698081970215,0.18858569860458374,0.516327977180481,0.2044176459312439,0.10091674327850342,2014,JEDI JEDI Natural Gas Model Deflators sheet,1.1512656891351583,0.11512138844073534,JEDI jedi-ngas-model_rel-ng4-17-17.xlsm Household Exp sheet; 2014 IMPLAN state PCE,JEDI IMPLAN state I-O (jedi-ngas-model_rel-ng4-17-17.xlsm)
MT,fire,5.911714097599248,2.812825967696907,1.6844482202609927,1.7607394596068588,0.19251000881195068,0.10930600017309189,0.06495878100395203,1.0,0.41365110874176025,0.20395570993423462,0.5573922991752625,0.21980856359004974,0.10854503512382507,2014,JEDI JEDI Natural Gas Model Deflators sheet,1.1512656891351583,0.1272501892817906,JEDI jedi-ngas-model_rel-ng4-17-17.xlsm Household Exp sheet; 2014 IMPLAN state PCE,JEDI IMPLAN state I-O (jedi-ngas-model_rel-ng4-17-17.xlsm)
NC,fire,4.252,2.049,2.554,2.082549388523048,0.291,0.117,0.121,1.0,0.363,0.35,0.663,0.22,0.205,2014,JEDI JEDI Natural Gas Model Deflators sheet,1.1512656891351583,0.12996082696419362,JEDI jedi-ngas-model_rel-ng4-17-17.xlsm Household Exp sheet; 2014 IMPLAN state PCE,JEDI IMPLAN state I-O (jedi-ngas-model_rel-ng4-17-17.xlsm)
ND,fire,4.955,2.272,1.365,1.734006054490414,0.239,0.118,0.065,1.0,0.393,0.192,0.583,0.226,0.113,2014,JEDI JEDI Natural Gas Model Deflators sheet,1.1512656891351583,0.1311120114060554,JEDI jedi-ngas-model_rel-ng4-17-17.xlsm Household Exp sheet; 2014 IMPLAN state PCE,JEDI IMPLAN state I-O (jedi-ngas-model_rel-ng4-17-17.xlsm)
NE,fire,4.468,2.527,1.811,1.9709042076991945,0.219,0.126,0.081,1.0,0.441,0.244,0.581,0.252,0.14,2014,JEDI JEDI Natural Gas Model Deflators sheet,1.1512656891351583,0.13455092078923123,JEDI jedi-ngas-model_rel-ng4-17-17.xlsm Household Exp sheet; 2014 IMPLAN state PCE,JEDI IMPLAN state I-O (jedi-ngas-model_rel-ng4-17-17.xlsm)
NH,fire,4.22,2.271,2.221,2.0644549763033178,0.255,0.134,0.121,1.0,0.418,0.315,0.627,0.252,0.193,2014,JEDI JEDI Natural Gas Model Deflators sheet,1.1512656891351583,0.142920565157468,JEDI jedi-ngas-model_rel-ng4-17-17.xlsm Household Exp sheet; 2014 IMPLAN state PCE,JEDI IMPLAN state I-O (jedi-ngas-model_rel-ng4-17-17.xlsm)
NJ,fire,4.307,2.254,2.037,1.9962851172509863,0.254,0.147,0.126,1.0,0.44,0.327,0.634,0.274,0.206,2014,JEDI JEDI Natural Gas Model Deflators sheet,1.1512656891351583,0.13536984858064274,JEDI jedi-ngas-model_rel-ng4-17-17.xlsm Household Exp sheet; 2014 IMPLAN state PCE,JEDI IMPLAN state I-O (jedi-ngas-model_rel-ng4-17-17.xlsm)
NM,fire,5.01,2.064,1.164,1.644311377245509,0.16,0.083,0.046,1.0,0.35,0.159,0.597,0.195,0.086,2014,JEDI JEDI Natural Gas Model Deflators sheet,1.1512656891351583,0.12377137094789951,JEDI jedi-ngas-model_rel-ng4-17-17.xlsm Household Exp sheet; 2014 IMPLAN state PCE,JEDI IMPLAN state I-O (jedi-ngas-model_rel-ng4-17-17.xlsm)
NV,fire,0.0,0.0,0.0,,0.0,0.0,0.0,1.0,0.0,0.0,0.0,0.0,0.0,2014,JEDI JEDI Natural Gas Model Deflators sheet,1.1512656891351583,0.011089529173528151,JEDI jedi-ngas-model_rel-ng4-17-17.xlsm Household Exp sheet; 2014 IMPLAN state PCE,JEDI IMPLAN state I-O (jedi-ngas-model_rel-ng4-17-17.xlsm)
NY,fire,2.828,1.187,1.871,2.081329561527581,0.355,0.107,0.126,1.0,0.28,0.316,0.758,0.194,0.205,2014,JEDI JEDI Natural Gas Model Deflators sheet,1.1512656891351583,0.14327286017042334,JEDI jedi-ngas-model_rel-ng4-17-17.xlsm Household Exp sheet; 2014 IMPLAN state PCE,JEDI IMPLAN state I-O (jedi-ngas-model_rel-ng4-17-17.xlsm)
OH,fire,4.06,2.265,2.177,2.094088669950739,0.222,0.122,0.106,1.0,0.417,0.313,0.635,0.248,0.183,2014,JEDI JEDI Natural Gas Model Deflators sheet,1.1512656891351583,0.13116210891481925,JEDI jedi-ngas-model_rel-ng4-17-17.xlsm Household Exp sheet; 2014 IMPLAN state PCE,JEDI IMPLAN state I-O (jedi-ngas-model_rel-ng4-17-17.xlsm)
OK,fire,5.57,2.982,1.826,1.8631956912028724,0.218,0.136,0.08,1.0,0.476,0.248,0.519,0.252,0.138,2014,JEDI JEDI Natural Gas Model Deflators sheet,1.1512656891351583,0.12053605903943002,JEDI jedi-ngas-model_rel-ng4-17-17.xlsm Household Exp sheet; 2014 IMPLAN state PCE,JEDI IMPLAN state I-O (jedi-ngas-model_rel-ng4-17-17.xlsm)
OR,fire,5.112,2.591,1.905,1.8794992175273866,0.193,0.119,0.088,1.0,0.427,0.254,0.596,0.247,0.147,2014,JEDI JEDI Natural Gas Model Deflators sheet,1.1512656891351583,0.1252608656762691,JEDI jedi-ngas-model_rel-ng4-17-17.xlsm Household Exp sheet; 2014 IMPLAN state PCE,JEDI IMPLAN state I-O (jedi-ngas-model_rel-ng4-17-17.xlsm)
PA,fire,4.319,2.478,2.362,2.120629775410975,0.254,0.151,0.131,1.0,0.459,0.35,0.6,0.27,0.208,2014,JEDI JEDI Natural Gas Model Deflators sheet,1.1512656891351583,0.1291927021853853,JEDI jedi-ngas-model_rel-ng4-17-17.xlsm Household Exp sheet; 2014 IMPLAN state PCE,JEDI IMPLAN state I-O (jedi-ngas-model_rel-ng4-17-17.xlsm)
RI,fire,4.046,2.197,2.271,2.1043005437469104,0.268,0.134,0.122,1.0,0.418,0.331,0.651,0.26,0.203,2014,JEDI JEDI Natural Gas Model Deflators sheet,1.1512656891351583,0.15129609396292787,JEDI jedi-ngas-model_rel-ng4-17-17.xlsm Household Exp sheet; 2014 IMPLAN state PCE,JEDI IMPLAN state I-O (jedi-ngas-model_rel-ng4-17-17.xlsm)
SC,fire,5.563,2.692,2.142,1.8689555994966742,0.256,0.123,0.088,1.0,0.416,0.274,0.553,0.225,0.153,2014,JEDI JEDI Natural Gas Model Deflators sheet,1.1512656891351583,0.12015254823379228,JEDI jedi-ngas-model_rel-ng4-17-17.xlsm Household Exp sheet; 2014 IMPLAN state PCE,JEDI IMPLAN state I-O (jedi-ngas-model_rel-ng4-17-17.xlsm)
SD,fire,3.982,1.758,1.504,1.8191863385233549,0.219,0.087,0.066,1.0,0.316,0.199,0.671,0.189,0.115,2014,JEDI JEDI Natural Gas Model Deflators sheet,1.1512656891351583,0.14191291727078362,JEDI jedi-ngas-model_rel-ng4-17-17.xlsm Household Exp sheet; 2014 IMPLAN state PCE,JEDI IMPLAN state I-O (jedi-ngas-model_rel-ng4-17-17.xlsm)
TN,fire,5.021,2.53,2.38,1.9778928500298747,0.257,0.136,0.12,1.0,0.418,0.325,0.595,0.239,0.189,2014,JEDI JEDI Natural Gas Model Deflators sheet,1.1512656891351583,0.12067245786853696,JEDI jedi-ngas-model_rel-ng4-17-17.xlsm Household Exp sheet; 2014 IMPLAN state PCE,JEDI IMPLAN state I-O (jedi-ngas-model_rel-ng4-17-17.xlsm)
TX,fire,5.513,3.319,2.388,2.0351895519680756,0.259,0.179,0.124,1.0,0.567,0.371,0.535,0.313,0.211,2014,JEDI JEDI Natural Gas Model Deflators sheet,1.1512656891351583,0.12556282911043,JEDI jedi-ngas-model_rel-ng4-17-17.xlsm Household Exp sheet; 2014 IMPLAN state PCE,JEDI IMPLAN state I-O (jedi-ngas-model_rel-ng4-17-17.xlsm)
UT,fire,5.235,3.25,2.096,2.0212034383954154,0.184,0.14,0.092,1.0,0.535,0.295,0.576,0.299,0.165,2014,JEDI JEDI Natural Gas Model Deflators sheet,1.1512656891351583,0.1352166842035377,JEDI jedi-ngas-model_rel-ng4-17-17.xlsm Household Exp sheet; 2014 IMPLAN state PCE,JEDI IMPLAN state I-O (jedi-ngas-model_rel-ng4-17-17.xlsm)
VA,fire,4.598,2.067,1.763,1.8329708568943022,0.227,0.117,0.095,1.0,0.378,0.262,0.633,0.231,0.16,2014,JEDI JEDI Natural Gas Model Deflators sheet,1.1512656891351583,0.1285480145616608,JEDI jedi-ngas-model_rel-ng4-17-17.xlsm Household Exp sheet; 2014 IMPLAN state PCE,JEDI IMPLAN state I-O (jedi-ngas-model_rel-ng4-17-17.xlsm)
VT,fire,4.655,2.356,1.847,1.9029001074113856,0.213,0.11,0.08,1.0,0.386,0.234,0.611,0.218,0.134,2014,JEDI JEDI Natural Gas Model Deflators sheet,1.1512656891351583,0.13140029060733663,JEDI jedi-ngas-model_rel-ng4-17-17.xlsm Household Exp sheet; 2014 IMPLAN state PCE,JEDI IMPLAN state I-O (jedi-ngas-model_rel-ng4-17-17.xlsm)
WA,fire,4.492,1.962,1.423,1.7535618878005343,0.209,0.112,0.083,1.0,0.388,0.251,0.635,0.237,0.153,2014,JEDI JEDI Natural Gas Model Deflators sheet,1.1512656891351583,0.11928894827637879,JEDI jedi-ngas-model_rel-ng4-17-17.xlsm Household Exp sheet; 2014 IMPLAN state PCE,JEDI IMPLAN state I-O (jedi-ngas-model_rel-ng4-17-17.xlsm)
WI,fire,4.323,2.473,1.983,2.0307656719870457,0.21,0.124,0.092,1.0,0.44,0.276,0.592,0.251,0.159,2014,JEDI JEDI Natural Gas Model Deflators sheet,1.1512656891351583,0.12993960818743042,JEDI jedi-ngas-model_rel-ng4-17-17.xlsm Household Exp sheet; 2014 IMPLAN state PCE,JEDI IMPLAN state I-O (jedi-ngas-model_rel-ng4-17-17.xlsm)
WV,fire,5.065,1.858,1.389,1.6410661401776898,0.205,0.085,0.059,1.0,0.297,0.174,0.598,0.169,0.1,2014,JEDI JEDI Natural Gas Model Deflators sheet,1.1512656891351583,0.11139221171352147,JEDI jedi-ngas-model_rel-ng4-17-17.xlsm Household Exp sheet; 2014 IMPLAN state PCE,JEDI IMPLAN state I-O (jedi-ngas-model_rel-ng4-17-17.xlsm)
WY,fire,5.696,2.293,0.856,1.5528441011235956,0.18,0.092,0.034,1.0,0.37,0.115,0.539,0.203,0.066,2014,JEDI JEDI Natural Gas Model Deflators sheet,1.1512656891351583,0.13304344274062907,JEDI jedi-ngas-model_rel-ng4-17-17.xlsm Household Exp sheet; 2014 IMPLAN state PCE,JEDI IMPLAN state I-O (jedi-ngas-model_rel-ng4-17-17.xlsm)
AK,misc_services,5.421060996551896,1.687299309775946,2.21042935722504,1.718997382519799,0.531409502029419,0.11684668064117432,0.12762466073036194,1.0,0.31786978244781494,0.36734485626220703,0.6004152297973633,0.19729313254356384,0.22477257251739502,2014,JEDI JEDI Natural Gas Model Deflators sheet,1.1512656891351583,0.6334737061662614,JEDI jedi-ngas-model_rel-ng4-17-17.xlsm Household Exp sheet; 2014 IMPLAN state PCE,JEDI IMPLAN state I-O (jedi-ngas-model_rel-ng4-17-17.xlsm)
AL,misc_services,5.966384457504826,2.3910457932758997,2.9555047099566845,1.8961123007263498,0.48457735776901245,0.13294753432273865,0.13663017749786377,1.0,0.3862881660461426,0.4265916645526886,0.5624889135360718,0.2142905592918396,0.2394425868988037,2014,JEDI JEDI Natural Gas Model Deflators sheet,1.1512656891351583,0.601823832612042,JEDI jedi-ngas-model_rel-ng4-17-17.xlsm Household Exp sheet; 2014 IMPLAN state PCE,JEDI IMPLAN state I-O (jedi-ngas-model_rel-ng4-17-17.xlsm)
AR,misc_services,7.014538529362825,2.447200265684369,2.5691342375808173,1.715133929661493,0.44019806385040283,0.12205473333597183,0.1174435243010521,1.0,0.39165616035461426,0.38491037487983704,0.5167510509490967,0.21852518618106842,0.22180438041687012,2014,JEDI JEDI Natural Gas Model Deflators sheet,1.1512656891351583,0.6190500135894625,JEDI jedi-ngas-model_rel-ng4-17-17.xlsm Household Exp sheet; 2014 IMPLAN state PCE,JEDI IMPLAN state I-O (jedi-ngas-model_rel-ng4-17-17.xlsm)
AZ,misc_services,6.186165631403197,2.816766553666705,4.135759744490368,2.1238829854253423,0.5004227161407471,0.16460400819778442,0.21511486172676086,1.0,0.4660837650299072,0.6329899430274963,0.5826153755187988,0.2654564380645752,0.3653384745121002,2014,JEDI JEDI Natural Gas Model Deflators sheet,1.1512656891351583,0.6133325609863087,JEDI jedi-ngas-model_rel-ng4-17-17.xlsm Household Exp sheet; 2014 IMPLAN state PCE,JEDI IMPLAN state I-O (jedi-ngas-model_rel-ng4-17-17.xlsm)
CA,misc_services,5.033424976880253,2.129539620189739,3.5036120439901226,2.1191488280950446,0.546728253364563,0.16490788757801056,0.22832545638084412,1.0,0.4243795871734619,0.642916738986969,0.6577586531639099,0.2679065465927124,0.3947998881340027,2014,JEDI JEDI Natural Gas Model Deflators sheet,1.1512656891351583,0.6063199320315866,JEDI jedi-ngas-model_rel-ng4-17-17.xlsm Household Exp sheet; 2014 IMPLAN state PCE,JEDI IMPLAN state I-O (jedi-ngas-model_rel-ng4-17-17.xlsm)
CO,misc_services,5.613721644975514,2.6459747610962085,3.91765700321016,2.1692121874587524,0.5291669964790344,0.17533794045448303,0.22436848282814026,1.0,0.4744548797607422,0.6497893929481506,0.608065664768219,0.27639561891555786,0.37909385561943054,2014,JEDI JEDI Natural Gas Model Deflators sheet,1.1512656891351583,0.6163870581500204,JEDI jedi-ngas-model_rel-ng4-17-17.xlsm Household Exp sheet; 2014 IMPLAN state PCE,JEDI IMPLAN state I-O (jedi-ngas-model_rel-ng4-17-17.xlsm)
CT,misc_services,5.238210304806092,2.0079742663516553,3.00162561394711,1.9563571503997128,0.5375397801399231,0.17225322127342224,0.2137267142534256,1.0,0.4138062000274658,0.5400422811508179,0.6344972252845764,0.2641265094280243,0.3456955850124359,2014,JEDI JEDI Natural Gas Model Deflators sheet,1.1512656891351583,0.6283612429177228,JEDI jedi-ngas-model_rel-ng4-17-17.xlsm Household Exp sheet; 2014 IMPLAN state PCE,JEDI IMPLAN state I-O (jedi-ngas-model_rel-ng4-17-17.xlsm)
DC,misc_services,3.300984228044496,0.9365368547555214,0.8615015668155195,1.5446976711658509,0.5938506126403809,0.10560835897922516,0.0770692527294159,1.0,0.2217491865158081,0.16107729077339172,0.7417601346969604,0.15840770304203033,0.11104565858840942,2014,JEDI JEDI Natural Gas Model Deflators sheet,1.1512656891351583,0.6896865498907038,JEDI jedi-ngas-model_rel-ng4-17-17.xlsm Household Exp sheet; 2014 IMPLAN state PCE,JEDI IMPLAN state I-O (jedi-ngas-model_rel-ng4-17-17.xlsm)
DE,misc_services,4.074880672501069,1.6015925083606635,2.6701175890680715,2.0483031138202277,0.5207264423370361,0.1306597739458084,0.16316482424736023,1.0,0.34579896926879883,0.44218140840530396,0.6623284220695496,0.23093149065971375,0.28201135993003845,2014,JEDI JEDI Natural Gas Model Deflators sheet,1.1512656891351583,0.6090744043822445,JEDI jedi-ngas-model_rel-ng4-17-17.xlsm Household Exp sheet; 2014 IMPLAN state PCE,JEDI IMPLAN state I-O (jedi-ngas-model_rel-ng4-17-17.xlsm)
FL,misc_services,6.254501875673096,2.9490561693554245,4.35482354048391,2.1677796018013513,0.5006020069122314,0.16435229778289795,0.21273645758628845,1.0,0.47167015075683594,0.6412482261657715,0.6084849834442139,0.27046093344688416,0.369046688079834,2014,JEDI JEDI Natural Gas Model Deflators sheet,1.1512656891351583,0.6174779079419531,JEDI jedi-ngas-model_rel-ng4-17-17.xlsm Household Exp sheet; 2014 IMPLAN state PCE,JEDI IMPLAN state I-O (jedi-ngas-model_rel-ng4-17-17.xlsm)
GA,misc_services,6.054370402448199,2.350960337707973,3.790353039846184,2.0143603660375327,0.520794153213501,0.14623983204364777,0.20023106038570404,1.0,0.41486966609954834,0.6101806163787842,0.6169543266296387,0.2437906265258789,0.3512697219848633,2014,JEDI JEDI Natural Gas Model Deflators sheet,1.1512656891351583,0.6180286828505551,JEDI jedi-ngas-model_rel-ng4-17-17.xlsm Household Exp sheet; 2014 IMPLAN state PCE,JEDI IMPLAN state I-O (jedi-ngas-model_rel-ng4-17-17.xlsm)
HI,misc_services,5.902937884202162,2.1721938182092746,2.7323037864843083,1.8308570581132708,0.4667545557022095,0.12569120526313782,0.13930746912956238,1.0,0.3718743324279785,0.41653454303741455,0.5600301027297974,0.22266747057437897,0.24790924787521362,2014,JEDI JEDI Natural Gas Model Deflators sheet,1.1512656891351583,0.6204023663815842,JEDI jedi-ngas-model_rel-ng4-17-17.xlsm Household Exp sheet; 2014 IMPLAN state PCE,JEDI IMPLAN state I-O (jedi-ngas-model_rel-ng4-17-17.xlsm)
IA,misc_services,6.279439238977269,2.326551285582847,2.7025278457372637,1.8008802920018692,0.4488164484500885,0.1290762573480606,0.12693169713020325,1.0,0.395078182220459,0.39128562808036804,0.5354179739952087,0.22367793321609497,0.22205619513988495,2014,JEDI JEDI Natural Gas Model Deflators sheet,1.1512656891351583,0.596596350116752,JEDI jedi-ngas-model_rel-ng4-17-17.xlsm Household Exp sheet; 2014 IMPLAN state PCE,JEDI IMPLAN state I-O (jedi-ngas-model_rel-ng4-17-17.xlsm)
ID,misc_services,5.926176542963526,2.847602633330201,2.9285405679006304,1.9746829442820364,0.4236282408237457,0.13589277863502502,0.12416022270917892,1.0,0.43909263610839844,0.39870598912239075,0.5229844450950623,0.22714880108833313,0.2114904820919037,2014,JEDI JEDI Natural Gas Model Deflators sheet,1.1512656891351583,0.5945808905536883,JEDI jedi-ngas-model_rel-ng4-17-17.xlsm Household Exp sheet; 2014 IMPLAN state PCE,JEDI IMPLAN state I-O (jedi-ngas-model_rel-ng4-17-17.xlsm)
IL,misc_services,4.899407696756372,2.051671434208605,3.857410084299627,2.206080792668124,0.5544348955154419,0.15474283695220947,0.23292049765586853,1.0,0.3973582983016968,0.6486776471138,0.6656948924064636,0.2467280775308609,0.38862302899360657,2014,JEDI JEDI Natural Gas Model Deflators sheet,1.1512656891351583,0.6067366571217523,JEDI jedi-ngas-model_rel-ng4-17-17.xlsm Household Exp sheet; 2014 IMPLAN state PCE,JEDI IMPLAN state I-O (jedi-ngas-model_rel-ng4-17-17.xlsm)
IN,misc_services,5.345679637898289,2.110613916825061,2.642155571864122,1.8890861051594525,0.40206480026245117,0.11497385799884796,0.12460972368717194,1.0,0.3558763265609741,0.38353589177131653,0.6029380559921265,0.20452739298343658,0.21730071306228638,2014,JEDI JEDI Natural Gas Model Deflators sheet,1.1512656891351583,0.6123409470312203,JEDI jedi-ngas-model_rel-ng4-17-17.xlsm Household Exp sheet; 2014 IMPLAN state PCE,JEDI IMPLAN state I-O (jedi-ngas-model_rel-ng4-17-17.xlsm)
KS,misc_services,6.458609542117902,2.5336463717801196,2.8930396701483745,1.8402251299664383,0.47570061683654785,0.143621563911438,0.14299222826957703,1.0,0.419164776802063,0.44143161177635193,0.5515466928482056,0.2326761782169342,0.24877393245697021,2014,JEDI JEDI Natural Gas Model Deflators sheet,1.1512656891351583,0.6177794414933407,JEDI jedi-ngas-model_rel-ng4-17-17.xlsm Household Exp sheet; 2014 IMPLAN state PCE,JEDI IMPLAN state I-O (jedi-ngas-model_rel-ng4-17-17.xlsm)
KY,misc_services,6.6314483853649255,2.364222313554126,2.8849029746793757,1.791550349666884,0.46718162298202515,0.12865158915519714,0.13715261220932007,1.0,0.37393879890441895,0.40867459774017334,0.5420913696289062,0.2048654854297638,0.226659893989563,2014,JEDI JEDI Natural Gas Model Deflators sheet,1.1512656891351583,0.6202673616274902,JEDI jedi-ngas-model_rel-ng4-17-17.xlsm Household Exp sheet; 2014 IMPLAN state PCE,JEDI IMPLAN state I-O (jedi-ngas-model_rel-ng4-17-17.xlsm)
LA,misc_services,6.1841715359583995,2.0196868879569845,2.702110823287397,1.7635295502055661,0.5144590139389038,0.11516796797513962,0.13084115087985992,1.0,0.3287951946258545,0.40340036153793335,0.5978180766105652,0.18695299327373505,0.22945226728916168,2014,JEDI JEDI Natural Gas Model Deflators sheet,1.1512656891351583,0.6259100025551747,JEDI jedi-ngas-model_rel-ng4-17-17.xlsm Household Exp sheet; 2014 IMPLAN state PCE,JEDI IMPLAN state I-O (jedi-ngas-model_rel-ng4-17-17.xlsm)
MA,misc_services,4.342149864165247,2.0242493121406437,3.290059522367511,2.223888857076516,0.5439003705978394,0.1857093721628189,0.23877060413360596,1.0,0.4266554117202759,0.5749768614768982,0.6480646133422852,0.2728221118450165,0.36056554317474365,2014,JEDI JEDI Natural Gas Model Deflators sheet,1.1512656891351583,0.633504428111263,JEDI jedi-ngas-model_rel-ng4-17-17.xlsm Household Exp sheet; 2014 IMPLAN state PCE,JEDI IMPLAN state I-O (jedi-ngas-model_rel-ng4-17-17.xlsm)
MD,misc_services,5.008065626573239,2.063325308603735,2.9761115350723872,2.006264138580059,0.5117496252059937,0.14916887879371643,0.17851395905017853,1.0,0.3943089246749878,0.49276021122932434,0.6172281503677368,0.24536210298538208,0.30500665307044983,2014,JEDI JEDI Natural Gas Model Deflators sheet,1.1512656891351583,0.6465592441804985,JEDI jedi-ngas-model_rel-ng4-17-17.xlsm Household Exp sheet; 2014 IMPLAN state PCE,JEDI IMPLAN state I-O (jedi-ngas-model_rel-ng4-17-17.xlsm)
ME,misc_services,6.463589402464176,2.837717380932273,3.525691893344664,1.9845008520886172,0.44743168354034424,0.1526355743408203,0.16520318388938904,1.0,0.4533427953720093,0.4953174591064453,0.5333544015884399,0.25680744647979736,0.28321459889411926,2014,JEDI JEDI Natural Gas Model Deflators sheet,1.1512656891351583,0.614760199496434,JEDI jedi-ngas-model_rel-ng4-17-17.xlsm Household Exp sheet; 2014 IMPLAN state PCE,JEDI IMPLAN state I-O (jedi-ngas-model_rel-ng4-17-17.xlsm)
MI,misc_services,5.64989379166121,2.5871981772916537,3.836285911392696,2.136921210477425,0.5148142576217651,0.16055971384048462,0.1975284218788147,1.0,0.43686187267303467,0.5797354578971863,0.5820302367210388,0.24896757304668427,0.3298572897911072,2014,JEDI JEDI Natural Gas Model Deflators sheet,1.1512656891351583,0.6084009494577376,JEDI jedi-ngas-model_rel-ng4-17-17.xlsm Household Exp sheet; 2014 IMPLAN state PCE,JEDI IMPLAN state I-O (jedi-ngas-model_rel-ng4-17-17.xlsm)
MN,misc_services,5.606170973613892,2.5074699387960355,3.8969548173060704,2.142388412027619,0.5124021172523499,0.1760522574186325,0.23120814561843872,1.0,0.45918095111846924,0.6406919360160828,0.6003972291946411,0.2677304744720459,0.3700413107872009,2014,JEDI JEDI Natural Gas Model Deflators sheet,1.1512656891351583,0.5961662880133196,JEDI jedi-ngas-model_rel-ng4-17-17.xlsm Household Exp sheet; 2014 IMPLAN state PCE,JEDI IMPLAN state I-O (jedi-ngas-model_rel-ng4-17-17.xlsm)
MO,misc_services,5.711629249038628,2.4531672446470925,3.5105119451993234,2.044129254511786,0.48356983065605164,0.14981094002723694,0.18325063586235046,1.0,0.4273695945739746,0.54461270570755,0.5894875526428223,0.24563288688659668,0.3098640739917755,2014,JEDI JEDI Natural Gas Model Deflators sheet,1.1512656891351583,0.625706896829806,JEDI jedi-ngas-model_rel-ng4-17-17.xlsm Household Exp sheet; 2014 IMPLAN state PCE,JEDI IMPLAN state I-O (jedi-ngas-model_rel-ng4-17-17.xlsm)
MS,misc_services,6.954467438370142,2.3919638218634534,2.4444192885930964,1.6954354382008596,0.42664092779159546,0.10979850590229034,0.09978849440813065,1.0,0.35947632789611816,0.33276793360710144,0.5114297866821289,0.18731436133384705,0.1780647486448288,2014,JEDI JEDI Natural Gas Model Deflators sheet,1.1512656891351583,0.6177472129553094,JEDI jedi-ngas-model_rel-ng4-17-17.xlsm Household Exp sheet; 2014 IMPLAN state PCE,JEDI IMPLAN state I-O (jedi-ngas-model_rel-ng4-17-17.xlsm)
MT,misc_services,7.079556797394698,2.719559778998505,2.9631135079593838,1.8026877175488067,0.45594486594200134,0.12853869795799255,0.12577755749225616,1.0,0.3994663953781128,0.3949423134326935,0.5249905586242676,0.2130391001701355,0.21018531918525696,2014,JEDI JEDI Natural Gas Model Deflators sheet,1.1512656891351583,0.5999510310934751,JEDI jedi-ngas-model_rel-ng4-17-17.xlsm Household Exp sheet; 2014 IMPLAN state PCE,JEDI IMPLAN state I-O (jedi-ngas-model_rel-ng4-17-17.xlsm)
NC,misc_services,5.484,2.429,3.418,2.066192560175055,0.446,0.153,0.178,1.0,0.426,0.516,0.59,0.255,0.302,2014,JEDI JEDI Natural Gas Model Deflators sheet,1.1512656891351583,0.6132043670223399,JEDI jedi-ngas-model_rel-ng4-17-17.xlsm Household Exp sheet; 2014 IMPLAN state PCE,JEDI IMPLAN state I-O (jedi-ngas-model_rel-ng4-17-17.xlsm)
ND,misc_services,5.984,1.998,2.174,1.697192513368984,0.506,0.121,0.115,1.0,0.346,0.338,0.566,0.201,0.199,2014,JEDI JEDI Natural Gas Model Deflators sheet,1.1512656891351583,0.5899893758556853,JEDI jedi-ngas-model_rel-ng4-17-17.xlsm Household Exp sheet; 2014 IMPLAN state PCE,JEDI IMPLAN state I-O (jedi-ngas-model_rel-ng4-17-17.xlsm)
NE,misc_services,6.066,2.42,2.77,1.8555885262116718,0.443,0.138,0.137,1.0,0.411,0.411,0.562,0.234,0.235,2014,JEDI JEDI Natural Gas Model Deflators sheet,1.1512656891351583,0.6123817682502516,JEDI jedi-ngas-model_rel-ng4-17-17.xlsm Household Exp sheet; 2014 IMPLAN state PCE,JEDI IMPLAN state I-O (jedi-ngas-model_rel-ng4-17-17.xlsm)
NH,misc_services,5.779,2.398,3.404,2.003979927323066,0.491,0.165,0.204,1.0,0.432,0.531,0.587,0.262,0.325,2014,JEDI JEDI Natural Gas Model Deflators sheet,1.1512656891351583,0.6224434252187935,JEDI jedi-ngas-model_rel-ng4-17-17.xlsm Household Exp sheet; 2014 IMPLAN state PCE,JEDI IMPLAN state I-O (jedi-ngas-model_rel-ng4-17-17.xlsm)
NJ,misc_services,4.924,1.95,3.303,2.066815597075548,0.557,0.159,0.226,1.0,0.389,0.583,0.665,0.248,0.368,2014,JEDI JEDI Natural Gas Model Deflators sheet,1.1512656891351583,0.6195378096282517,JEDI jedi-ngas-model_rel-ng4-17-17.xlsm Household Exp sheet; 2014 IMPLAN state PCE,JEDI IMPLAN state I-O (jedi-ngas-model_rel-ng4-17-17.xlsm)
NM,misc_services,4.868,2.217,2.37,1.9422760887428105,0.427,0.117,0.102,1.0,0.394,0.356,0.534,0.215,0.193,2014,JEDI JEDI Natural Gas Model Deflators sheet,1.1512656891351583,0.6191561378701701,JEDI jedi-ngas-model_rel-ng4-17-17.xlsm Household Exp sheet; 2014 IMPLAN state PCE,JEDI IMPLAN state I-O (jedi-ngas-model_rel-ng4-17-17.xlsm)
NV,misc_services,6.245,1.8,2.153,1.632986389111289,0.528,0.108,0.112,1.0,0.265,0.311,0.594,0.16,0.189,2014,JEDI JEDI Natural Gas Model Deflators sheet,1.1512656891351583,0.011410613259496447,JEDI jedi-ngas-model_rel-ng4-17-17.xlsm Household Exp sheet; 2014 IMPLAN state PCE,JEDI IMPLAN state I-O (jedi-ngas-model_rel-ng4-17-17.xlsm)
NY,misc_services,4.574,1.586,2.606,1.9164844774814167,0.554,0.152,0.194,1.0,0.351,0.484,0.688,0.238,0.315,2014,JEDI JEDI Natural Gas Model Deflators sheet,1.1512656891351583,0.6256972782619128,JEDI jedi-ngas-model_rel-ng4-17-17.xlsm Household Exp sheet; 2014 IMPLAN state PCE,JEDI IMPLAN state I-O (jedi-ngas-model_rel-ng4-17-17.xlsm)
OH,misc_services,5.926,2.551,3.736,2.0609179885251434,0.489,0.161,0.201,1.0,0.454,0.591,0.58,0.268,0.345,2014,JEDI JEDI Natural Gas Model Deflators sheet,1.1512656891351583,0.5995911004853481,JEDI jedi-ngas-model_rel-ng4-17-17.xlsm Household Exp sheet; 2014 IMPLAN state PCE,JEDI IMPLAN state I-O (jedi-ngas-model_rel-ng4-17-17.xlsm)
OK,misc_services,6.711,2.43,2.866,1.789152138280435,0.478,0.132,0.139,1.0,0.391,0.428,0.565,0.215,0.239,2014,JEDI JEDI Natural Gas Model Deflators sheet,1.1512656891351583,0.6099028098292857,JEDI jedi-ngas-model_rel-ng4-17-17.xlsm Household Exp sheet; 2014 IMPLAN state PCE,JEDI IMPLAN state I-O (jedi-ngas-model_rel-ng4-17-17.xlsm)
OR,misc_services,5.592,2.214,3.045,1.940450643776824,0.423,0.126,0.155,1.0,0.375,0.447,0.628,0.222,0.258,2014,JEDI JEDI Natural Gas Model Deflators sheet,1.1512656891351583,0.6216366077861023,JEDI jedi-ngas-model_rel-ng4-17-17.xlsm Household Exp sheet; 2014 IMPLAN state PCE,JEDI IMPLAN state I-O (jedi-ngas-model_rel-ng4-17-17.xlsm)
PA,misc_services,5.123,2.251,3.579,2.1380050751512787,0.51,0.165,0.219,1.0,0.423,0.584,0.621,0.255,0.347,2014,JEDI JEDI Natural Gas Model Deflators sheet,1.1512656891351583,0.6137686638849679,JEDI jedi-ngas-model_rel-ng4-17-17.xlsm Household Exp sheet; 2014 IMPLAN state PCE,JEDI IMPLAN state I-O (jedi-ngas-model_rel-ng4-17-17.xlsm)
RI,misc_services,5.923,2.559,3.309,1.9907141651190277,0.471,0.173,0.196,1.0,0.465,0.53,0.578,0.284,0.326,2014,JEDI JEDI Natural Gas Model Deflators sheet,1.1512656891351583,0.6413069435732839,JEDI jedi-ngas-model_rel-ng4-17-17.xlsm Household Exp sheet; 2014 IMPLAN state PCE,JEDI IMPLAN state I-O (jedi-ngas-model_rel-ng4-17-17.xlsm)
SC,misc_services,6.295,2.484,3.132,1.8921366163621922,0.476,0.135,0.142,1.0,0.391,0.441,0.558,0.216,0.246,2014,JEDI JEDI Natural Gas Model Deflators sheet,1.1512656891351583,0.6262824193578231,JEDI jedi-ngas-model_rel-ng4-17-17.xlsm Household Exp sheet; 2014 IMPLAN state PCE,JEDI IMPLAN state I-O (jedi-ngas-model_rel-ng4-17-17.xlsm)
SD,misc_services,6.718,2.529,2.442,1.739952366775826,0.409,0.135,0.117,1.0,0.422,0.356,0.489,0.242,0.205,2014,JEDI JEDI Natural Gas Model Deflators sheet,1.1512656891351583,0.5977993413850797,JEDI jedi-ngas-model_rel-ng4-17-17.xlsm Household Exp sheet; 2014 IMPLAN state PCE,JEDI IMPLAN state I-O (jedi-ngas-model_rel-ng4-17-17.xlsm)
TN,misc_services,5.79,2.323,3.607,2.024179620034542,0.505,0.15,0.2,1.0,0.391,0.542,0.605,0.229,0.316,2014,JEDI JEDI Natural Gas Model Deflators sheet,1.1512656891351583,0.6204157343323468,JEDI jedi-ngas-model_rel-ng4-17-17.xlsm Household Exp sheet; 2014 IMPLAN state PCE,JEDI IMPLAN state I-O (jedi-ngas-model_rel-ng4-17-17.xlsm)
TX,misc_services,5.477,2.241,3.462,2.0412634654007666,0.548,0.151,0.198,1.0,0.407,0.593,0.638,0.235,0.337,2014,JEDI JEDI Natural Gas Model Deflators sheet,1.1512656891351583,0.5771804507621158,JEDI jedi-ngas-model_rel-ng4-17-17.xlsm Household Exp sheet; 2014 IMPLAN state PCE,JEDI IMPLAN state I-O (jedi-ngas-model_rel-ng4-17-17.xlsm)
UT,misc_services,6.319,3.198,3.776,2.103655641715461,0.468,0.173,0.183,1.0,0.534,0.585,0.548,0.297,0.326,2014,JEDI JEDI Natural Gas Model Deflators sheet,1.1512656891351583,0.6049829643032284,JEDI jedi-ngas-model_rel-ng4-17-17.xlsm Household Exp sheet; 2014 IMPLAN state PCE,JEDI IMPLAN state I-O (jedi-ngas-model_rel-ng4-17-17.xlsm)
VA,misc_services,5.019,1.832,3.262,2.0149432157800358,0.564,0.136,0.194,1.0,0.346,0.533,0.649,0.216,0.326,2014,JEDI JEDI Natural Gas Model Deflators sheet,1.1512656891351583,0.6304515602605039,JEDI jedi-ngas-model_rel-ng4-17-17.xlsm Household Exp sheet; 2014 IMPLAN state PCE,JEDI IMPLAN state I-O (jedi-ngas-model_rel-ng4-17-17.xlsm)
VT,misc_services,6.514,2.749,3.112,1.8997543751918944,0.448,0.15,0.148,1.0,0.435,0.435,0.541,0.246,0.248,2014,JEDI JEDI Natural Gas Model Deflators sheet,1.1512656891351583,0.6275615200131853,JEDI jedi-ngas-model_rel-ng4-17-17.xlsm Household Exp sheet; 2014 IMPLAN state PCE,JEDI IMPLAN state I-O (jedi-ngas-model_rel-ng4-17-17.xlsm)
WA,misc_services,5.317,2.019,2.538,1.8570622531502727,0.485,0.145,0.163,1.0,0.412,0.493,0.616,0.252,0.3,2014,JEDI JEDI Natural Gas Model Deflators sheet,1.1512656891351583,0.6090215843781019,JEDI jedi-ngas-model_rel-ng4-17-17.xlsm Household Exp sheet; 2014 IMPLAN state PCE,JEDI IMPLAN state I-O (jedi-ngas-model_rel-ng4-17-17.xlsm)
WI,misc_services,5.947,2.527,3.304,1.9804943669076847,0.463,0.149,0.168,1.0,0.44,0.506,0.558,0.252,0.291,2014,JEDI JEDI Natural Gas Model Deflators sheet,1.1512656891351583,0.6065543210289642,JEDI jedi-ngas-model_rel-ng4-17-17.xlsm Household Exp sheet; 2014 IMPLAN state PCE,JEDI IMPLAN state I-O (jedi-ngas-model_rel-ng4-17-17.xlsm)
WV,misc_services,6.07,2.003,2.417,1.728171334431631,0.445,0.11,0.113,1.0,0.319,0.333,0.564,0.182,0.192,2014,JEDI JEDI Natural Gas Model Deflators sheet,1.1512656891351583,0.6371578019115782,JEDI jedi-ngas-model_rel-ng4-17-17.xlsm Household Exp sheet; 2014 IMPLAN state PCE,JEDI IMPLAN state I-O (jedi-ngas-model_rel-ng4-17-17.xlsm)
WY,misc_services,6.698,1.843,1.599,1.5138847417139445,0.468,0.091,0.071,1.0,0.298,0.236,0.55,0.167,0.135,2014,JEDI JEDI Natural Gas Model Deflators sheet,1.1512656891351583,0.5960737486094809,JEDI jedi-ngas-model_rel-ng4-17-17.xlsm Household Exp sheet; 2014 IMPLAN state PCE,JEDI IMPLAN state I-O (jedi-ngas-model_rel-ng4-17-17.xlsm)
AK,professional_services,7.050957372438851,1.6940804869606547,1.7588513226168985,1.4897110601000871,0.375806599855423,0.0988272875547409,0.09326756745576859,1.0,0.2936844825744629,0.26847732067108154,0.6115898489952087,0.17992712557315826,0.16427381336688995,2014,JEDI JEDI Natural Gas Model Deflators sheet,1.1512656891351583,0.007512323512048134,JEDI jedi-ngas-model_rel-ng4-17-17.xlsm Household Exp sheet; 2014 IMPLAN state PCE,JEDI IMPLAN state I-O (jedi-ngas-model_rel-ng4-17-17.xlsm)
AL,professional_services,8.676103089387412,2.2485344625336445,2.360102091246951,1.5311873898107398,0.3488491177558899,0.104117751121521,0.10020158439874649,1.0,0.33093249797821045,0.31284359097480774,0.5890055894851685,0.1805867999792099,0.17559882998466492,2014,JEDI JEDI Natural Gas Model Deflators sheet,1.1512656891351583,0.009343414920073406,JEDI jedi-ngas-model_rel-ng4-17-17.xlsm Household Exp sheet; 2014 IMPLAN state PCE,JEDI IMPLAN state I-O (jedi-ngas-model_rel-ng4-17-17.xlsm)
AR,professional_services,7.7249277735744055,2.0681908550518697,2.0632541366437187,1.5348198860613975,0.3238660991191864,0.09061411768198013,0.0866214707493782,1.0,0.3098505735397339,0.2839123606681824,0.6072009801864624,0.17264634370803833,0.16360071301460266,2014,JEDI JEDI Natural Gas Model Deflators sheet,1.1512656891351583,0.006907223895695058,JEDI jedi-ngas-model_rel-ng4-17-17.xlsm Household Exp sheet; 2014 IMPLAN state PCE,JEDI IMPLAN state I-O (jedi-ngas-model_rel-ng4-17-17.xlsm)
AZ,professional_services,7.8739005379187015,2.786096653557967,3.4485602078080575,1.791813006951447,0.36924928426742554,0.13996531069278717,0.16473440825939178,1.0,0.4272499084472656,0.4847443103790283,0.5849534273147583,0.24057823419570923,0.27977609634399414,2014,JEDI JEDI Natural Gas Model Deflators sheet,1.1512656891351583,0.008757965134280999,JEDI jedi-ngas-model_rel-ng4-17-17.xlsm Household Exp sheet; 2014 IMPLAN state PCE,JEDI IMPLAN state I-O (jedi-ngas-model_rel-ng4-17-17.xlsm)
CA,professional_services,6.730931977633321,2.264161773264292,2.891375248080545,1.7659469800729717,0.39246702194213867,0.146835595369339,0.1730511337518692,1.0,0.4217723608016968,0.4872765839099884,0.6346596479415894,0.25660115480422974,0.2992247939109802,2014,JEDI JEDI Natural Gas Model Deflators sheet,1.1512656891351583,0.009913895599411053,JEDI jedi-ngas-model_rel-ng4-17-17.xlsm Household Exp sheet; 2014 IMPLAN state PCE,JEDI IMPLAN state I-O (jedi-ngas-model_rel-ng4-17-17.xlsm)
CO,professional_services,7.010025719784573,2.558318385214956,3.128369489920514,1.8112221127927943,0.374085009098053,0.1426888406276703,0.16454513370990753,1.0,0.42338454723358154,0.4765309691429138,0.6108016967773438,0.2415398359298706,0.27801424264907837,2014,JEDI JEDI Natural Gas Model Deflators sheet,1.1512656891351583,0.01008827519796912,JEDI jedi-ngas-model_rel-ng4-17-17.xlsm Household Exp sheet; 2014 IMPLAN state PCE,JEDI IMPLAN state I-O (jedi-ngas-model_rel-ng4-17-17.xlsm)
CT,professional_services,6.6360153563914706,1.8679940626367952,2.550723208581994,1.6658690545317842,0.4153204560279846,0.13705037534236908,0.1668114960193634,1.0,0.35158705711364746,0.4215158522129059,0.6466483473777771,0.22237907350063324,0.26982057094573975,2014,JEDI JEDI Natural Gas Model Deflators sheet,1.1512656891351583,0.010324513313785044,JEDI jedi-ngas-model_rel-ng4-17-17.xlsm Household Exp sheet; 2014 IMPLAN state PCE,JEDI IMPLAN state I-O (jedi-ngas-model_rel-ng4-17-17.xlsm)
DC,professional_services,6.2559808361161515,1.2540107138619863,0.7921214472387623,1.3270681632028516,0.5154763460159302,0.11486014723777771,0.06508775055408478,1.0,0.2519991397857666,0.13605676591396332,0.6649597883224487,0.17656992375850677,0.09379974007606506,2014,JEDI JEDI Natural Gas Model Deflators sheet,1.1512656891351583,0.009569306514546358,JEDI jedi-ngas-model_rel-ng4-17-17.xlsm Household Exp sheet; 2014 IMPLAN state PCE,JEDI IMPLAN state I-O (jedi-ngas-model_rel-ng4-17-17.xlsm)
DE,professional_services,7.565920303576312,1.7764663393404252,2.399505293717922,1.5519449671026033,0.4200163781642914,0.11443687975406647,0.1346532702445984,1.0,0.3287084102630615,0.36486226320266724,0.6306474208831787,0.21411827206611633,0.23269391059875488,2014,JEDI JEDI Natural Gas Model Deflators sheet,1.1512656891351583,0.010920179669275358,JEDI jedi-ngas-model_rel-ng4-17-17.xlsm Household Exp sheet; 2014 IMPLAN state PCE,JEDI IMPLAN state I-O (jedi-ngas-model_rel-ng4-17-17.xlsm)
FL,professional_services,8.215776058318479,3.0291206831753157,3.6067451166405995,1.8076979889315625,0.3631107211112976,0.1428173929452896,0.1618151217699051,1.0,0.44656896591186523,0.48774948716163635,0.5942426919937134,0.25095078349113464,0.28070777654647827,2014,JEDI JEDI Natural Gas Model Deflators sheet,1.1512656891351583,0.009259718899157832,JEDI jedi-ngas-model_rel-ng4-17-17.xlsm Household Exp sheet; 2014 IMPLAN state PCE,JEDI IMPLAN state I-O (jedi-ngas-model_rel-ng4-17-17.xlsm)
GA,professional_services,7.399140396365494,2.6050512113029556,3.0031223897316788,1.7579493428438533,0.34852632880210876,0.13639524579048157,0.14570055902004242,1.0,0.42517244815826416,0.44402337074279785,0.5759419202804565,0.24367813766002655,0.2556142807006836,2014,JEDI JEDI Natural Gas Model Deflators sheet,1.1512656891351583,0.008817609426750238,JEDI jedi-ngas-model_rel-ng4-17-17.xlsm Household Exp sheet; 2014 IMPLAN state PCE,JEDI IMPLAN state I-O (jedi-ngas-model_rel-ng4-17-17.xlsm)
HI,professional_services,8.05542257914039,2.09113968091051,2.4020862708252766,1.5577889809742629,0.3729102611541748,0.10503537207841873,0.11247842758893967,1.0,0.32880425453186035,0.33633455634117126,0.6061289310455322,0.19432860612869263,0.20017318427562714,2014,JEDI JEDI Natural Gas Model Deflators sheet,1.1512656891351583,0.006065188700116734,JEDI jedi-ngas-model_rel-ng4-17-17.xlsm Household Exp sheet; 2014 IMPLAN state PCE,JEDI IMPLAN state I-O (jedi-ngas-model_rel-ng4-17-17.xlsm)
IA,professional_services,8.719636666079055,2.2164816053739065,2.3208666894518664,1.5203597888977267,0.3489113748073578,0.10642609000205994,0.10011539608240128,1.0,0.3414822816848755,0.3086395263671875,0.5803234577178955,0.19200527667999268,0.17515335977077484,2014,JEDI JEDI Natural Gas Model Deflators sheet,1.1512656891351583,0.007077533702973879,JEDI jedi-ngas-model_rel-ng4-17-17.xlsm Household Exp sheet; 2014 IMPLAN state PCE,JEDI IMPLAN state I-O (jedi-ngas-model_rel-ng4-17-17.xlsm)
ID,professional_services,9.126508032705829,2.7547447302282393,2.592202409482015,1.5858699866968715,0.34283560514450073,0.11203065514564514,0.10093313455581665,1.0,0.3849818706512451,0.324104368686676,0.5520716905593872,0.19628050923347473,0.1719212532043457,2014,JEDI JEDI Natural Gas Model Deflators sheet,1.1512656891351583,0.008700813602692621,JEDI jedi-ngas-model_rel-ng4-17-17.xlsm Household Exp sheet; 2014 IMPLAN state PCE,JEDI IMPLAN state I-O (jedi-ngas-model_rel-ng4-17-17.xlsm)
IL,professional_services,7.400240448044727,2.377903603218308,3.1899498603768555,1.7523881828821235,0.3911922574043274,0.14681880176067352,0.17690357565879822,1.0,0.41537249088287354,0.49269163608551025,0.6123937368392944,0.24955534934997559,0.29516905546188354,2014,JEDI JEDI Natural Gas Model Deflators sheet,1.1512656891351583,0.01021379651170138,JEDI jedi-ngas-model_rel-ng4-17-17.xlsm Household Exp sheet; 2014 IMPLAN state PCE,JEDI IMPLAN state I-O (jedi-ngas-model_rel-ng4-17-17.xlsm)
IN,professional_services,8.566045666757082,2.2654415631171574,2.6116452147757645,1.569351013014069,0.3634635806083679,0.10567130893468857,0.11312173306941986,1.0,0.3415524959564209,0.34820252656936646,0.5884882211685181,0.19110897183418274,0.19727863371372223,2014,JEDI JEDI Natural Gas Model Deflators sheet,1.1512656891351583,0.00910418013684151,JEDI jedi-ngas-model_rel-ng4-17-17.xlsm Household Exp sheet; 2014 IMPLAN state PCE,JEDI IMPLAN state I-O (jedi-ngas-model_rel-ng4-17-17.xlsm)
KS,professional_services,7.723157420134855,2.3124545825485163,2.3500642322918615,1.6037063031610412,0.3493805527687073,0.11278153955936432,0.10667608678340912,1.0,0.35515546798706055,0.3293147087097168,0.5892354249954224,0.19482740759849548,0.18559050559997559,2014,JEDI JEDI Natural Gas Model Deflators sheet,1.1512656891351583,0.008608287112535792,JEDI jedi-ngas-model_rel-ng4-17-17.xlsm Household Exp sheet; 2014 IMPLAN state PCE,JEDI IMPLAN state I-O (jedi-ngas-model_rel-ng4-17-17.xlsm)
KY,professional_services,8.484307592556974,2.276239367683576,2.486840702946817,1.5613987963860363,0.3651278018951416,0.10687348246574402,0.10858170688152313,1.0,0.33152151107788086,0.32355380058288574,0.5746141672134399,0.1798931360244751,0.1794479936361313,2014,JEDI JEDI Natural Gas Model Deflators sheet,1.1512656891351583,0.007619201118628736,JEDI jedi-ngas-model_rel-ng4-17-17.xlsm Household Exp sheet; 2014 IMPLAN state PCE,JEDI IMPLAN state I-O (jedi-ngas-model_rel-ng4-17-17.xlsm)
LA,professional_services,8.181339305382124,2.0546406689293053,2.1268400067216575,1.5110997746909434,0.3561079502105713,0.09858346730470657,0.09458187222480774,1.0,0.3099557161331177,0.29161834716796875,0.5973602533340454,0.17230935394763947,0.16586896777153015,2014,JEDI JEDI Natural Gas Model Deflators sheet,1.1512656891351583,0.008484477275247386,JEDI jedi-ngas-model_rel-ng4-17-17.xlsm Household Exp sheet; 2014 IMPLAN state PCE,JEDI IMPLAN state I-O (jedi-ngas-model_rel-ng4-17-17.xlsm)
MA,professional_services,6.917442091027056,2.0759849149020226,2.9452656176293637,1.7258825540505338,0.4427691400051117,0.15742072463035583,0.19631309807300568,1.0,0.38737916946411133,0.4727490544319153,0.6312581300735474,0.24239002168178558,0.2964581847190857,2014,JEDI JEDI Natural Gas Model Deflators sheet,1.1512656891351583,0.011665730056039565,JEDI jedi-ngas-model_rel-ng4-17-17.xlsm Household Exp sheet; 2014 IMPLAN state PCE,JEDI IMPLAN state I-O (jedi-ngas-model_rel-ng4-17-17.xlsm)
MD,professional_services,7.10265124240211,2.0279425678346907,2.5088649358195347,1.638748454460208,0.3897897005081177,0.1220795288681984,0.13820642232894897,1.0,0.34729206562042236,0.3814888596534729,0.6164195537567139,0.21377110481262207,0.23613294959068298,2014,JEDI JEDI Natural Gas Model Deflators sheet,1.1512656891351583,0.010239035173979958,JEDI jedi-ngas-model_rel-ng4-17-17.xlsm Household Exp sheet; 2014 IMPLAN state PCE,JEDI IMPLAN state I-O (jedi-ngas-model_rel-ng4-17-17.xlsm)
ME,professional_services,8.69431565670574,2.600950117737137,3.1166777244378645,1.6576282789738739,0.36709079146385193,0.12001891434192657,0.1341235339641571,1.0,0.37833380699157715,0.40215960144996643,0.5767858028411865,0.2124573290348053,0.22994667291641235,2014,JEDI JEDI Natural Gas Model Deflators sheet,1.1512656891351583,0.008606286096707466,JEDI jedi-ngas-model_rel-ng4-17-17.xlsm Household Exp sheet; 2014 IMPLAN state PCE,JEDI IMPLAN state I-O (jedi-ngas-model_rel-ng4-17-17.xlsm)
MI,professional_services,8.332308559915756,2.4961478969454305,3.141332035823767,1.6765807929736818,0.37963777780532837,0.128266379237175,0.14854660630226135,1.0,0.38440096378326416,0.43596893548965454,0.591027557849884,0.2145327925682068,0.24805867671966553,2014,JEDI JEDI Natural Gas Model Deflators sheet,1.1512656891351583,0.010086504005475193,JEDI jedi-ngas-model_rel-ng4-17-17.xlsm Household Exp sheet; 2014 IMPLAN state PCE,JEDI IMPLAN state I-O (jedi-ngas-model_rel-ng4-17-17.xlsm)
MN,professional_services,7.5726062032581964,2.473432415382385,3.359018613853921,1.7702039261894842,0.39642995595932007,0.1484278440475464,0.18303413689136505,1.0,0.41745758056640625,0.50721275806427,0.6065394282341003,0.23820848762989044,0.29294490814208984,2014,JEDI JEDI Natural Gas Model Deflators sheet,1.1512656891351583,0.009151465092405466,JEDI jedi-ngas-model_rel-ng4-17-17.xlsm Household Exp sheet; 2014 IMPLAN state PCE,JEDI IMPLAN state I-O (jedi-ngas-model_rel-ng4-17-17.xlsm)
MO,professional_services,7.51523909379934,2.561215368158912,2.9887904101245497,1.7385002272066967,0.36273297667503357,0.13235506415367126,0.14328640699386597,1.0,0.4050107002258301,0.42585626244544983,0.5763359665870667,0.22831250727176666,0.24229484796524048,2014,JEDI JEDI Natural Gas Model Deflators sheet,1.1512656891351583,0.008988197696959332,JEDI jedi-ngas-model_rel-ng4-17-17.xlsm Household Exp sheet; 2014 IMPLAN state PCE,JEDI IMPLAN state I-O (jedi-ngas-model_rel-ng4-17-17.xlsm)
MS,professional_services,8.973313448403397,2.2973736938845803,2.039285443052981,1.4832840356991177,0.3193415701389313,0.09162449836730957,0.07645688205957413,1.0,0.3187366724014282,0.2549716532230377,0.554662823677063,0.16474077105522156,0.13643406331539154,2014,JEDI JEDI Natural Gas Model Deflators sheet,1.1512656891351583,0.0068206210054055465,JEDI jedi-ngas-model_rel-ng4-17-17.xlsm Household Exp sheet; 2014 IMPLAN state PCE,JEDI IMPLAN state I-O (jedi-ngas-model_rel-ng4-17-17.xlsm)
MT,professional_services,9.292308614629729,2.6549661688660153,2.5181881215604136,1.5567135687122853,0.34770816564559937,0.10844896733760834,0.09816910326480865,1.0,0.36160266399383545,0.3082490563392639,0.5476676225662231,0.18978454172611237,0.16404804587364197,2014,JEDI JEDI Natural Gas Model Deflators sheet,1.1512656891351583,0.007868477056032813,JEDI jedi-ngas-model_rel-ng4-17-17.xlsm Household Exp sheet; 2014 IMPLAN state PCE,JEDI IMPLAN state I-O (jedi-ngas-model_rel-ng4-17-17.xlsm)
NC,professional_services,8.204,2.513,3.09,1.682959531935641,0.363,0.134,0.148,1.0,0.398,0.429,0.583,0.233,0.251,2014,JEDI JEDI Natural Gas Model Deflators sheet,1.1512656891351583,0.009353089704606193,JEDI jedi-ngas-model_rel-ng4-17-17.xlsm Household Exp sheet; 2014 IMPLAN state PCE,JEDI IMPLAN state I-O (jedi-ngas-model_rel-ng4-17-17.xlsm)
ND,professional_services,7.849,1.919,1.75,1.4674480825582876,0.362,0.101,0.085,1.0,0.306,0.249,0.611,0.177,0.147,2014,JEDI JEDI Natural Gas Model Deflators sheet,1.1512656891351583,0.006444352277279804,JEDI jedi-ngas-model_rel-ng4-17-17.xlsm Household Exp sheet; 2014 IMPLAN state PCE,JEDI IMPLAN state I-O (jedi-ngas-model_rel-ng4-17-17.xlsm)
NE,professional_services,8.277,2.414,2.511,1.5950223510933912,0.364,0.119,0.114,1.0,0.373,0.342,0.576,0.211,0.196,2014,JEDI JEDI Natural Gas Model Deflators sheet,1.1512656891351583,0.007832492895764025,JEDI jedi-ngas-model_rel-ng4-17-17.xlsm Household Exp sheet; 2014 IMPLAN state PCE,JEDI IMPLAN state I-O (jedi-ngas-model_rel-ng4-17-17.xlsm)
NH,professional_services,7.551,2.146,3.031,1.6856045556879882,0.409,0.127,0.166,1.0,0.35,0.434,0.622,0.211,0.266,2014,JEDI JEDI Natural Gas Model Deflators sheet,1.1512656891351583,0.010069163113491044,JEDI jedi-ngas-model_rel-ng4-17-17.xlsm Household Exp sheet; 2014 IMPLAN state PCE,JEDI IMPLAN state I-O (jedi-ngas-model_rel-ng4-17-17.xlsm)
NJ,professional_services,6.694,2.014,2.808,1.7203465790259935,0.422,0.137,0.176,1.0,0.365,0.455,0.643,0.228,0.287,2014,JEDI JEDI Natural Gas Model Deflators sheet,1.1512656891351583,0.01083201281174172,JEDI jedi-ngas-model_rel-ng4-17-17.xlsm Household Exp sheet; 2014 IMPLAN state PCE,JEDI IMPLAN state I-O (jedi-ngas-model_rel-ng4-17-17.xlsm)
NM,professional_services,7.923,2.323,1.911,1.5343935378013378,0.304,0.1,0.076,1.0,0.366,0.263,0.528,0.197,0.143,2014,JEDI JEDI Natural Gas Model Deflators sheet,1.1512656891351583,0.009281309957632752,JEDI jedi-ngas-model_rel-ng4-17-17.xlsm Household Exp sheet; 2014 IMPLAN state PCE,JEDI IMPLAN state I-O (jedi-ngas-model_rel-ng4-17-17.xlsm)
NV,professional_services,7.906,1.615,1.671,1.4156336959271438,0.371,0.081,0.08,1.0,0.22,0.221,0.618,0.131,0.135,2014,JEDI JEDI Natural Gas Model Deflators sheet,1.1512656891351583,0.0,JEDI jedi-ngas-model_rel-ng4-17-17.xlsm Household Exp sheet; 2014 IMPLAN state PCE,JEDI IMPLAN state I-O (jedi-ngas-model_rel-ng4-17-17.xlsm)
NY,professional_services,6.571,1.818,2.247,1.6186273017805508,0.416,0.144,0.153,1.0,0.361,0.384,0.639,0.238,0.249,2014,JEDI JEDI Natural Gas Model Deflators sheet,1.1512656891351583,0.010498061077592666,JEDI jedi-ngas-model_rel-ng4-17-17.xlsm Household Exp sheet; 2014 IMPLAN state PCE,JEDI IMPLAN state I-O (jedi-ngas-model_rel-ng4-17-17.xlsm)
OH,professional_services,8.075,2.435,3.243,1.7031578947368422,0.386,0.131,0.16,1.0,0.399,0.471,0.6,0.231,0.275,2014,JEDI JEDI Natural Gas Model Deflators sheet,1.1512656891351583,0.009014277993151326,JEDI jedi-ngas-model_rel-ng4-17-17.xlsm Household Exp sheet; 2014 IMPLAN state PCE,JEDI IMPLAN state I-O (jedi-ngas-model_rel-ng4-17-17.xlsm)
OK,professional_services,8.15,2.376,2.328,1.5771779141104292,0.343,0.112,0.104,1.0,0.357,0.319,0.584,0.193,0.178,2014,JEDI JEDI Natural Gas Model Deflators sheet,1.1512656891351583,0.007686993372978617,JEDI jedi-ngas-model_rel-ng4-17-17.xlsm Household Exp sheet; 2014 IMPLAN state PCE,JEDI IMPLAN state I-O (jedi-ngas-model_rel-ng4-17-17.xlsm)
OR,professional_services,8.061,2.505,3.079,1.6927180250589255,0.386,0.124,0.144,1.0,0.384,0.415,0.588,0.221,0.24,2014,JEDI JEDI Natural Gas Model Deflators sheet,1.1512656891351583,0.009288579201602467,JEDI jedi-ngas-model_rel-ng4-17-17.xlsm Household Exp sheet; 2014 IMPLAN state PCE,JEDI IMPLAN state I-O (jedi-ngas-model_rel-ng4-17-17.xlsm)
PA,professional_services,7.436,2.213,3.214,1.7298278644432492,0.42,0.137,0.181,1.0,0.375,0.481,0.624,0.221,0.287,2014,JEDI JEDI Natural Gas Model Deflators sheet,1.1512656891351583,0.01033121994312022,JEDI jedi-ngas-model_rel-ng4-17-17.xlsm Household Exp sheet; 2014 IMPLAN state PCE,JEDI IMPLAN state I-O (jedi-ngas-model_rel-ng4-17-17.xlsm)
RI,professional_services,7.519,2.294,2.968,1.699827104668174,0.395,0.135,0.161,1.0,0.381,0.437,0.61,0.233,0.269,2014,JEDI JEDI Natural Gas Model Deflators sheet,1.1512656891351583,0.009493852474828464,JEDI jedi-ngas-model_rel-ng4-17-17.xlsm Household Exp sheet; 2014 IMPLAN state PCE,JEDI IMPLAN state I-O (jedi-ngas-model_rel-ng4-17-17.xlsm)
SC,professional_services,8.465,2.433,2.473,1.5795629060838747,0.332,0.111,0.103,1.0,0.349,0.32,0.568,0.19,0.179,2014,JEDI JEDI Natural Gas Model Deflators sheet,1.1512656891351583,0.008993842756902692,JEDI jedi-ngas-model_rel-ng4-17-17.xlsm Household Exp sheet; 2014 IMPLAN state PCE,JEDI IMPLAN state I-O (jedi-ngas-model_rel-ng4-17-17.xlsm)
SD,professional_services,8.546,2.256,2.278,1.5305406037912475,0.359,0.107,0.1,1.0,0.344,0.305,0.569,0.198,0.176,2014,JEDI JEDI Natural Gas Model Deflators sheet,1.1512656891351583,0.0065692216851106,JEDI jedi-ngas-model_rel-ng4-17-17.xlsm Household Exp sheet; 2014 IMPLAN state PCE,JEDI IMPLAN state I-O (jedi-ngas-model_rel-ng4-17-17.xlsm)
TN,professional_services,7.997,2.374,3.231,1.7008878329373516,0.409,0.13,0.164,1.0,0.363,0.446,0.603,0.208,0.26,2014,JEDI JEDI Natural Gas Model Deflators sheet,1.1512656891351583,0.00902880919402491,JEDI jedi-ngas-model_rel-ng4-17-17.xlsm Household Exp sheet; 2014 IMPLAN state PCE,JEDI IMPLAN state I-O (jedi-ngas-model_rel-ng4-17-17.xlsm)
TX,professional_services,7.504,2.468,2.776,1.6988272921108742,0.374,0.14,0.146,1.0,0.424,0.436,0.609,0.236,0.248,2014,JEDI JEDI Natural Gas Model Deflators sheet,1.1512656891351583,0.008801244799699019,JEDI jedi-ngas-model_rel-ng4-17-17.xlsm Household Exp sheet; 2014 IMPLAN state PCE,JEDI IMPLAN state I-O (jedi-ngas-model_rel-ng4-17-17.xlsm)
UT,professional_services,7.942,2.923,3.086,1.7566104255854949,0.345,0.136,0.137,1.0,0.455,0.439,0.576,0.25,0.245,2014,JEDI JEDI Natural Gas Model Deflators sheet,1.1512656891351583,0.009233047841533308,JEDI jedi-ngas-model_rel-ng4-17-17.xlsm Household Exp sheet; 2014 IMPLAN state PCE,JEDI IMPLAN state I-O (jedi-ngas-model_rel-ng4-17-17.xlsm)
VA,professional_services,7.037,2.004,2.636,1.6593718914310074,0.399,0.12,0.144,1.0,0.339,0.395,0.618,0.206,0.242,2014,JEDI JEDI Natural Gas Model Deflators sheet,1.1512656891351583,0.009805343665023608,JEDI jedi-ngas-model_rel-ng4-17-17.xlsm Household Exp sheet; 2014 IMPLAN state PCE,JEDI IMPLAN state I-O (jedi-ngas-model_rel-ng4-17-17.xlsm)
VT,professional_services,8.727,2.48,2.751,1.599404148046293,0.369,0.116,0.121,1.0,0.358,0.353,0.576,0.2,0.201,2014,JEDI JEDI Natural Gas Model Deflators sheet,1.1512656891351583,0.009866140945194628,JEDI jedi-ngas-model_rel-ng4-17-17.xlsm Household Exp sheet; 2014 IMPLAN state PCE,JEDI IMPLAN state I-O (jedi-ngas-model_rel-ng4-17-17.xlsm)
WA,professional_services,5.968,1.894,2.096,1.6685656836461127,0.36,0.117,0.123,1.0,0.364,0.374,0.624,0.218,0.227,2014,JEDI JEDI Natural Gas Model Deflators sheet,1.1512656891351583,0.010079003242846772,JEDI jedi-ngas-model_rel-ng4-17-17.xlsm Household Exp sheet; 2014 IMPLAN state PCE,JEDI IMPLAN state I-O (jedi-ngas-model_rel-ng4-17-17.xlsm)
WI,professional_services,8.066,2.325,2.864,1.6433176295561618,0.369,0.118,0.134,1.0,0.369,0.403,0.602,0.209,0.232,2014,JEDI JEDI Natural Gas Model Deflators sheet,1.1512656891351583,0.008463657008716529,JEDI jedi-ngas-model_rel-ng4-17-17.xlsm Household Exp sheet; 2014 IMPLAN state PCE,JEDI IMPLAN state I-O (jedi-ngas-model_rel-ng4-17-17.xlsm)
WV,professional_services,8.532,1.904,2.159,1.4762072198781058,0.367,0.089,0.092,1.0,0.273,0.273,0.588,0.155,0.158,2014,JEDI JEDI Natural Gas Model Deflators sheet,1.1512656891351583,0.009346395966723226,JEDI jedi-ngas-model_rel-ng4-17-17.xlsm Household Exp sheet; 2014 IMPLAN state PCE,JEDI IMPLAN state I-O (jedi-ngas-model_rel-ng4-17-17.xlsm)
WY,professional_services,8.344,1.722,1.243,1.3553451581975071,0.325,0.074,0.051,1.0,0.261,0.169,0.598,0.145,0.097,2014,JEDI JEDI Natural Gas Model Deflators sheet,1.1512656891351583,0.006544897325997083,JEDI jedi-ngas-model_rel-ng4-17-17.xlsm Household Exp sheet; 2014 IMPLAN state PCE,JEDI IMPLAN state I-O (jedi-ngas-model_rel-ng4-17-17.xlsm)
AK,government,7.868630479496817,0.17361487688416552,2.783252898486838,1.3757792138130864,0.8400869965553284,0.013247617520391941,0.16667214035987854,1.0,0.039212584495544434,0.4799063801765442,0.955012321472168,0.023375576362013817,0.29362332820892334,2014,JEDI JEDI Natural Gas Model Deflators sheet,1.1512656891351583,0.008908514870725253,JEDI jedi-ngas-model_rel-ng4-17-17.xlsm Household Exp sheet; 2014 IMPLAN state PCE,JEDI IMPLAN state I-O (jedi-ngas-model_rel-ng4-17-17.xlsm)
AL,government,8.657383335845301,0.5341393521543317,3.187812398768619,1.429916477824479,0.6595174074172974,0.030096344649791718,0.15283650159835815,1.0,0.09774386882781982,0.477281391620636,0.8935016393661499,0.04802923649549484,0.2678738236427307,2014,JEDI JEDI Natural Gas Model Deflators sheet,1.1512656891351583,0.00906891418772747,JEDI jedi-ngas-model_rel-ng4-17-17.xlsm Household Exp sheet; 2014 IMPLAN state PCE,JEDI IMPLAN state I-O (jedi-ngas-model_rel-ng4-17-17.xlsm)
AR,government,11.918219563562795,0.4782421611504864,3.4685033200693165,1.3311522715428121,0.7618466019630432,0.02414056286215782,0.1644311398267746,1.0,0.08585190773010254,0.5390369296073914,0.9041416645050049,0.04174863547086716,0.3105943202972412,2014,JEDI JEDI Natural Gas Model Deflators sheet,1.1512656891351583,0.00884911510390648,JEDI jedi-ngas-model_rel-ng4-17-17.xlsm Household Exp sheet; 2014 IMPLAN state PCE,JEDI IMPLAN state I-O (jedi-ngas-model_rel-ng4-17-17.xlsm)
AZ,government,8.18183394820911,0.8388863152435102,4.284317951842349,1.6261682037933876,0.6644523739814758,0.04905066266655922,0.2310967743396759,1.0,0.15586042404174805,0.6801244020462036,0.8529740571975708,0.0826534703373909,0.3925219774246216,2014,JEDI JEDI Natural Gas Model Deflators sheet,1.1512656891351583,0.007799551976530829,JEDI jedi-ngas-model_rel-ng4-17-17.xlsm Household Exp sheet; 2014 IMPLAN state PCE,JEDI IMPLAN state I-O (jedi-ngas-model_rel-ng4-17-17.xlsm)
CA,government,6.770617172719787,0.48384951293077194,3.716983683521429,1.6204505570597352,0.7424682974815369,0.03604725003242493,0.25122275948524475,1.0,0.10636031627655029,0.7075238823890686,0.9099389314651489,0.06057306006550789,0.4344443082809448,2014,JEDI JEDI Natural Gas Model Deflators sheet,1.1512656891351583,0.006876420645444209,JEDI jedi-ngas-model_rel-ng4-17-17.xlsm Household Exp sheet; 2014 IMPLAN state PCE,JEDI IMPLAN state I-O (jedi-ngas-model_rel-ng4-17-17.xlsm)
CO,government,9.711362016540127,0.3816948611748471,4.306736986798843,1.4827779913866337,0.7746573686599731,0.024891838431358337,0.25579068064689636,1.0,0.07497072219848633,0.7409220933914185,0.9355731010437012,0.0397082157433033,0.4322318434715271,2014,JEDI JEDI Natural Gas Model Deflators sheet,1.1512656891351583,0.007290599771129768,JEDI jedi-ngas-model_rel-ng4-17-17.xlsm Household Exp sheet; 2014 IMPLAN state PCE,JEDI IMPLAN state I-O (jedi-ngas-model_rel-ng4-17-17.xlsm)
CT,government,6.580254840294346,0.7452436202986235,2.904248786789931,1.5546126245355727,0.6432267427444458,0.0626731589436531,0.21450182795524597,1.0,0.1636596918106079,0.5420761704444885,0.83973228931427,0.09458997845649719,0.3469850718975067,2014,JEDI JEDI Natural Gas Model Deflators sheet,1.1512656891351583,0.007749161625198734,JEDI jedi-ngas-model_rel-ng4-17-17.xlsm Household Exp sheet; 2014 IMPLAN state PCE,JEDI IMPLAN state I-O (jedi-ngas-model_rel-ng4-17-17.xlsm)
DC,government,4.369121567860387,0.03468052928765963,0.7540647474020437,1.1805271985315717,0.7407897710800171,0.003579186275601387,0.06997896730899811,1.0,0.008289575576782227,0.1463167518377304,0.9879052639007568,0.005486440844833851,0.10087834298610687,2014,JEDI JEDI Natural Gas Model Deflators sheet,1.1512656891351583,0.009164285633350538,JEDI jedi-ngas-model_rel-ng4-17-17.xlsm Household Exp sheet; 2014 IMPLAN state PCE,JEDI IMPLAN state I-O (jedi-ngas-model_rel-ng4-17-17.xlsm)
DE,government,8.58290002365168,0.09223168162339626,2.9235543771697863,1.3513714537606936,0.738906979560852,0.006703048013150692,0.18529145419597626,1.0,0.019808411598205566,0.5022447109222412,0.9794566631317139,0.011564560234546661,0.32032841444015503,2014,JEDI JEDI Natural Gas Model Deflators sheet,1.1512656891351583,0.007703430608411029,JEDI jedi-ngas-model_rel-ng4-17-17.xlsm Household Exp sheet; 2014 IMPLAN state PCE,JEDI IMPLAN state I-O (jedi-ngas-model_rel-ng4-17-17.xlsm)
FL,government,8.689600874958552,0.509464770316382,4.820780668877755,1.6134050937315993,0.7333247065544128,0.027407893911004066,0.24422141909599304,1.0,0.0908050537109375,0.7362622022628784,0.9202002286911011,0.04735343158245087,0.4237046539783478,2014,JEDI JEDI Natural Gas Model Deflators sheet,1.1512656891351583,0.0072079780934586465,JEDI jedi-ngas-model_rel-ng4-17-17.xlsm Household Exp sheet; 2014 IMPLAN state PCE,JEDI IMPLAN state I-O (jedi-ngas-model_rel-ng4-17-17.xlsm)
GA,government,10.183667310218059,0.09014927010567496,4.480329523636076,1.448804802289234,0.8089426755905151,0.005372933577746153,0.24546471238136292,1.0,0.01736307144165039,0.7481746673583984,0.9834409952163696,0.00910105835646391,0.43069547414779663,2014,JEDI JEDI Natural Gas Model Deflators sheet,1.1512656891351583,0.006910742365269525,JEDI jedi-ngas-model_rel-ng4-17-17.xlsm Household Exp sheet; 2014 IMPLAN state PCE,JEDI IMPLAN state I-O (jedi-ngas-model_rel-ng4-17-17.xlsm)
HI,government,8.098019677126695,0.272606816281375,3.5229228765402807,1.4686985021217396,0.7725544571876526,0.01738242246210575,0.1862795352935791,1.0,0.054685354232788086,0.5571027398109436,0.9383402466773987,0.030645154416561127,0.33155107498168945,2014,JEDI JEDI Natural Gas Model Deflators sheet,1.1512656891351583,0.008359353227788883,JEDI jedi-ngas-model_rel-ng4-17-17.xlsm Household Exp sheet; 2014 IMPLAN state PCE,JEDI IMPLAN state I-O (jedi-ngas-model_rel-ng4-17-17.xlsm)
IA,government,10.931989468769988,0.4297921843636566,3.578899055567212,1.3666936609647051,0.7658936977386475,0.025150233879685402,0.17435047030448914,1.0,0.08061909675598145,0.5375833511352539,0.9104868769645691,0.041161928325891495,0.30507534742355347,2014,JEDI JEDI Natural Gas Model Deflators sheet,1.1512656891351583,0.008650407802758003,JEDI jedi-ngas-model_rel-ng4-17-17.xlsm Household Exp sheet; 2014 IMPLAN state PCE,JEDI IMPLAN state I-O (jedi-ngas-model_rel-ng4-17-17.xlsm)
ID,government,11.166429910583274,0.7045085393626006,3.868386569812644,1.4095216775454047,0.7327219843864441,0.033285051584243774,0.17007939517498016,1.0,0.11917173862457275,0.5462970733642578,0.8750512599945068,0.05456278845667839,0.28975456953048706,2014,JEDI JEDI Natural Gas Model Deflators sheet,1.1512656891351583,0.008857424525839307,JEDI jedi-ngas-model_rel-ng4-17-17.xlsm Household Exp sheet; 2014 IMPLAN state PCE,JEDI IMPLAN state I-O (jedi-ngas-model_rel-ng4-17-17.xlsm)
IL,government,9.243610901001333,0.23166070168771333,4.488665552577514,1.510658259506995,0.8348188400268555,0.01690809056162834,0.2811093330383301,1.0,0.048960328102111816,0.7830275297164917,0.9557488560676575,0.02757306396961212,0.4690921902656555,2014,JEDI JEDI Natural Gas Model Deflators sheet,1.1512656891351583,0.006891199811660181,JEDI jedi-ngas-model_rel-ng4-17-17.xlsm Household Exp sheet; 2014 IMPLAN state PCE,JEDI IMPLAN state I-O (jedi-ngas-model_rel-ng4-17-17.xlsm)
IN,government,11.812686777567011,0.3189855515739502,3.9973313260652303,1.3653967093952004,0.7921494841575623,0.017933908849954605,0.19551986455917358,1.0,0.05913841724395752,0.6019450426101685,0.9362179040908813,0.02988594025373459,0.3410259187221527,2014,JEDI JEDI Natural Gas Model Deflators sheet,1.1512656891351583,0.00812581333678906,JEDI jedi-ngas-model_rel-ng4-17-17.xlsm Household Exp sheet; 2014 IMPLAN state PCE,JEDI IMPLAN state I-O (jedi-ngas-model_rel-ng4-17-17.xlsm)
KS,government,11.405731706181031,0.5065916807089819,3.631443643813408,1.3628031441665327,0.7744433283805847,0.029020193964242935,0.18614935874938965,1.0,0.09289979934692383,0.5747516751289368,0.9034950733184814,0.04554930329322815,0.32388490438461304,2014,JEDI JEDI Natural Gas Model Deflators sheet,1.1512656891351583,0.008387324012818026,JEDI jedi-ngas-model_rel-ng4-17-17.xlsm Household Exp sheet; 2014 IMPLAN state PCE,JEDI IMPLAN state I-O (jedi-ngas-model_rel-ng4-17-17.xlsm)
KY,government,10.062863506425654,0.48332452182783686,3.6933921950303406,1.4150624436266208,0.7678233981132507,0.02645088918507099,0.1821065992116928,1.0,0.08689737319946289,0.542738676071167,0.8997448682785034,0.04253698140382767,0.30099552869796753,2014,JEDI JEDI Natural Gas Model Deflators sheet,1.1512656891351583,0.009176576679262161,JEDI jedi-ngas-model_rel-ng4-17-17.xlsm Household Exp sheet; 2014 IMPLAN state PCE,JEDI IMPLAN state I-O (jedi-ngas-model_rel-ng4-17-17.xlsm)
LA,government,10.2648566257858,0.6263016200604706,3.356791117519988,1.388031989416661,0.7660766243934631,0.03822622820734978,0.16856668889522552,1.0,0.1208881139755249,0.5198758840560913,0.8674207329750061,0.06286348402500153,0.29566746950149536,2014,JEDI JEDI Natural Gas Model Deflators sheet,1.1512656891351583,0.009178743735684402,JEDI jedi-ngas-model_rel-ng4-17-17.xlsm Household Exp sheet; 2014 IMPLAN state PCE,JEDI IMPLAN state I-O (jedi-ngas-model_rel-ng4-17-17.xlsm)
MA,government,6.4684425064632265,0.1649884273325936,2.8794060562058665,1.4706534038907388,0.6497858166694641,0.014215687289834023,0.2167462706565857,1.0,0.036141276359558105,0.5220012664794922,0.9664055109024048,0.020891739055514336,0.3273411691188812,2014,JEDI JEDI Natural Gas Model Deflators sheet,1.1512656891351583,0.007188288221718637,JEDI jedi-ngas-model_rel-ng4-17-17.xlsm Household Exp sheet; 2014 IMPLAN state PCE,JEDI IMPLAN state I-O (jedi-ngas-model_rel-ng4-17-17.xlsm)
MD,government,5.815638410010362,0.12214300982018268,2.9283253734430024,1.52452855012658,0.6640341877937317,0.008795935660600662,0.1821654587984085,1.0,0.024924397468566895,0.5029094815254211,0.9739809036254883,0.014101957902312279,0.31128406524658203,2014,JEDI JEDI Natural Gas Model Deflators sheet,1.1512656891351583,0.00788429200462548,JEDI jedi-ngas-model_rel-ng4-17-17.xlsm Household Exp sheet; 2014 IMPLAN state PCE,JEDI IMPLAN state I-O (jedi-ngas-model_rel-ng4-17-17.xlsm)
ME,government,10.414893976708209,0.5674986272376441,4.538130804711584,1.4902238508973225,0.7714313864707947,0.029472479596734047,0.22053593397140503,1.0,0.09878051280975342,0.661363959312439,0.899169921875,0.048443496227264404,0.3781474828720093,2014,JEDI JEDI Natural Gas Model Deflators sheet,1.1512656891351583,0.008491052167857633,JEDI jedi-ngas-model_rel-ng4-17-17.xlsm Household Exp sheet; 2014 IMPLAN state PCE,JEDI IMPLAN state I-O (jedi-ngas-model_rel-ng4-17-17.xlsm)
MI,government,9.650036194131463,0.3824695820881449,4.440258261237503,1.4997626688963637,0.7869896292686462,0.023091617971658707,0.23710443079471588,1.0,0.07197511196136475,0.6959877610206604,0.9294722080230713,0.03644871711730957,0.39598220586776733,2014,JEDI JEDI Natural Gas Model Deflators sheet,1.1512656891351583,0.007700480932682146,JEDI jedi-ngas-model_rel-ng4-17-17.xlsm Household Exp sheet; 2014 IMPLAN state PCE,JEDI IMPLAN state I-O (jedi-ngas-model_rel-ng4-17-17.xlsm)
MN,government,9.588872337063066,0.7699592918657543,4.225297143561922,1.5209430535559358,0.720227837562561,0.05332803353667259,0.2600047290325165,1.0,0.15694725513458252,0.720572292804718,0.8576896786689758,0.08401720225811005,0.41615670919418335,2014,JEDI JEDI Natural Gas Model Deflators sheet,1.1512656891351583,0.007506351909317663,JEDI jedi-ngas-model_rel-ng4-17-17.xlsm Household Exp sheet; 2014 IMPLAN state PCE,JEDI IMPLAN state I-O (jedi-ngas-model_rel-ng4-17-17.xlsm)
MO,government,10.395275426206581,0.47691213049912956,4.286926551251234,1.4582695971422446,0.7725659608840942,0.028532272204756737,0.23208171129226685,1.0,0.08889627456665039,0.6898731589317322,0.9120929837226868,0.04542384296655655,0.39250025153160095,2014,JEDI JEDI Natural Gas Model Deflators sheet,1.1512656891351583,0.007978638309630066,JEDI jedi-ngas-model_rel-ng4-17-17.xlsm Household Exp sheet; 2014 IMPLAN state PCE,JEDI IMPLAN state I-O (jedi-ngas-model_rel-ng4-17-17.xlsm)
MS,government,11.859017641330443,0.4016564909686667,3.4012298590940424,1.3206746515671826,0.754275918006897,0.01965077966451645,0.14400050044059753,1.0,0.07022333145141602,0.4803431034088135,0.9162572026252747,0.03262045606970787,0.2570030689239502,2014,JEDI JEDI Natural Gas Model Deflators sheet,1.1512656891351583,0.009529199642730803,JEDI jedi-ngas-model_rel-ng4-17-17.xlsm Household Exp sheet; 2014 IMPLAN state PCE,JEDI IMPLAN state I-O (jedi-ngas-model_rel-ng4-17-17.xlsm)
MT,government,10.626711929566142,0.5883355081559619,3.799006761555077,1.4128598101454475,0.7481476664543152,0.029148992151021957,0.1672307401895523,1.0,0.10127687454223633,0.5252349972724915,0.8907083868980408,0.04797011613845825,0.2795146405696869,2014,JEDI JEDI Natural Gas Model Deflators sheet,1.1512656891351583,0.009221122133036498,JEDI jedi-ngas-model_rel-ng4-17-17.xlsm Household Exp sheet; 2014 IMPLAN state PCE,JEDI IMPLAN state I-O (jedi-ngas-model_rel-ng4-17-17.xlsm)
NC,government,10.441,0.263,4.509,1.457044344411455,0.802,0.016,0.243,1.0,0.05,0.707,0.951,0.026,0.413,2014,JEDI JEDI Natural Gas Model Deflators sheet,1.1512656891351583,0.007503345122665024,JEDI jedi-ngas-model_rel-ng4-17-17.xlsm Household Exp sheet; 2014 IMPLAN state PCE,JEDI IMPLAN state I-O (jedi-ngas-model_rel-ng4-17-17.xlsm)
ND,government,10.325,1.088,2.648,1.3618401937046005,0.72,0.073,0.145,1.0,0.216,0.426,0.762,0.117,0.251,2014,JEDI JEDI Natural Gas Model Deflators sheet,1.1512656891351583,0.00905121199480929,JEDI jedi-ngas-model_rel-ng4-17-17.xlsm Household Exp sheet; 2014 IMPLAN state PCE,JEDI IMPLAN state I-O (jedi-ngas-model_rel-ng4-17-17.xlsm)
NE,government,11.165,0.435,3.855,1.3842364532019706,0.809,0.026,0.198,1.0,0.082,0.594,0.913,0.043,0.34,2014,JEDI JEDI Natural Gas Model Deflators sheet,1.1512656891351583,0.008119876567445764,JEDI jedi-ngas-model_rel-ng4-17-17.xlsm Household Exp sheet; 2014 IMPLAN state PCE,JEDI IMPLAN state I-O (jedi-ngas-model_rel-ng4-17-17.xlsm)
NH,government,8.182,0.324,3.315,1.4447567831825958,0.638,0.022,0.206,1.0,0.062,0.536,0.939,0.033,0.328,2014,JEDI JEDI Natural Gas Model Deflators sheet,1.1512656891351583,0.008111091044925137,JEDI jedi-ngas-model_rel-ng4-17-17.xlsm Household Exp sheet; 2014 IMPLAN state PCE,JEDI IMPLAN state I-O (jedi-ngas-model_rel-ng4-17-17.xlsm)
NJ,government,8.001,0.249,3.776,1.5030621172353456,0.825,0.02,0.268,1.0,0.054,0.691,0.95,0.031,0.436,2014,JEDI JEDI Natural Gas Model Deflators sheet,1.1512656891351583,0.007210855321202515,JEDI jedi-ngas-model_rel-ng4-17-17.xlsm Household Exp sheet; 2014 IMPLAN state PCE,JEDI IMPLAN state I-O (jedi-ngas-model_rel-ng4-17-17.xlsm)
NM,government,6.371,0.585,2.273,1.4485951969863444,0.51,0.031,0.102,1.0,0.114,0.354,0.872,0.057,0.192,2014,JEDI JEDI Natural Gas Model Deflators sheet,1.1512656891351583,0.009564292753187363,JEDI jedi-ngas-model_rel-ng4-17-17.xlsm Household Exp sheet; 2014 IMPLAN state PCE,JEDI IMPLAN state I-O (jedi-ngas-model_rel-ng4-17-17.xlsm)
NV,government,7.31,0.764,2.449,1.4395348837209303,0.699,0.048,0.133,1.0,0.136,0.366,0.794,0.074,0.223,2014,JEDI JEDI Natural Gas Model Deflators sheet,1.1512656891351583,0.0,JEDI jedi-ngas-model_rel-ng4-17-17.xlsm Household Exp sheet; 2014 IMPLAN state PCE,JEDI IMPLAN state I-O (jedi-ngas-model_rel-ng4-17-17.xlsm)
NY,government,6.644,0.444,2.813,1.4902167369054786,0.758,0.04,0.217,1.0,0.104,0.542,0.898,0.064,0.353,2014,JEDI JEDI Natural Gas Model Deflators sheet,1.1512656891351583,0.007564879108187046,JEDI jedi-ngas-model_rel-ng4-17-17.xlsm Household Exp sheet; 2014 IMPLAN state PCE,JEDI IMPLAN state I-O (jedi-ngas-model_rel-ng4-17-17.xlsm)
OH,government,9.062,0.351,4.336,1.5172147428823661,0.757,0.022,0.242,1.0,0.069,0.712,0.935,0.036,0.415,2014,JEDI JEDI Natural Gas Model Deflators sheet,1.1512656891351583,0.0074308101356402555,JEDI jedi-ngas-model_rel-ng4-17-17.xlsm Household Exp sheet; 2014 IMPLAN state PCE,JEDI IMPLAN state I-O (jedi-ngas-model_rel-ng4-17-17.xlsm)
OK,government,9.041,1.141,3.241,1.4846808981307378,0.644,0.067,0.163,1.0,0.213,0.502,0.781,0.105,0.28,2014,JEDI JEDI Natural Gas Model Deflators sheet,1.1512656891351583,0.008646721594344714,JEDI jedi-ngas-model_rel-ng4-17-17.xlsm Household Exp sheet; 2014 IMPLAN state PCE,JEDI IMPLAN state I-O (jedi-ngas-model_rel-ng4-17-17.xlsm)
OR,government,8.745,0.592,4.153,1.5425957690108634,0.743,0.034,0.219,1.0,0.109,0.632,0.89,0.058,0.365,2014,JEDI JEDI Natural Gas Model Deflators sheet,1.1512656891351583,0.008167229480348209,JEDI jedi-ngas-model_rel-ng4-17-17.xlsm Household Exp sheet; 2014 IMPLAN state PCE,JEDI IMPLAN state I-O (jedi-ngas-model_rel-ng4-17-17.xlsm)
PA,government,8.422,0.47,4.087,1.5410828781762052,0.763,0.034,0.26,1.0,0.095,0.691,0.912,0.051,0.412,2014,JEDI JEDI Natural Gas Model Deflators sheet,1.1512656891351583,0.007669324535500257,JEDI jedi-ngas-model_rel-ng4-17-17.xlsm Household Exp sheet; 2014 IMPLAN state PCE,JEDI IMPLAN state I-O (jedi-ngas-model_rel-ng4-17-17.xlsm)
RI,government,6.856,0.213,3.436,1.5322345390898482,0.678,0.014,0.211,1.0,0.043,0.571,0.957,0.024,0.351,2014,JEDI JEDI Natural Gas Model Deflators sheet,1.1512656891351583,0.0076306717079775615,JEDI jedi-ngas-model_rel-ng4-17-17.xlsm Household Exp sheet; 2014 IMPLAN state PCE,JEDI IMPLAN state I-O (jedi-ngas-model_rel-ng4-17-17.xlsm)
SC,government,10.175,0.495,3.888,1.4307616707616706,0.76,0.026,0.183,1.0,0.087,0.568,0.904,0.043,0.317,2014,JEDI JEDI Natural Gas Model Deflators sheet,1.1512656891351583,0.008808601473996173,JEDI jedi-ngas-model_rel-ng4-17-17.xlsm Household Exp sheet; 2014 IMPLAN state PCE,JEDI IMPLAN state I-O (jedi-ngas-model_rel-ng4-17-17.xlsm)
SD,government,10.57,1.216,3.263,1.4237464522232732,0.685,0.066,0.162,1.0,0.221,0.493,0.748,0.113,0.284,2014,JEDI JEDI Natural Gas Model Deflators sheet,1.1512656891351583,0.009027858199150595,JEDI jedi-ngas-model_rel-ng4-17-17.xlsm Household Exp sheet; 2014 IMPLAN state PCE,JEDI IMPLAN state I-O (jedi-ngas-model_rel-ng4-17-17.xlsm)
TN,government,9.989,0.654,4.116,1.477525277805586,0.73,0.042,0.236,1.0,0.12,0.641,0.878,0.061,0.374,2014,JEDI JEDI Natural Gas Model Deflators sheet,1.1512656891351583,0.008113295548808502,JEDI jedi-ngas-model_rel-ng4-17-17.xlsm Household Exp sheet; 2014 IMPLAN state PCE,JEDI IMPLAN state I-O (jedi-ngas-model_rel-ng4-17-17.xlsm)
TX,government,9.54,0.438,3.769,1.4409853249475892,0.753,0.031,0.224,1.0,0.094,0.669,0.922,0.05,0.381,2014,JEDI JEDI Natural Gas Model Deflators sheet,1.1512656891351583,0.007433988166745967,JEDI jedi-ngas-model_rel-ng4-17-17.xlsm Household Exp sheet; 2014 IMPLAN state PCE,JEDI IMPLAN state I-O (jedi-ngas-model_rel-ng4-17-17.xlsm)
UT,government,10.32,0.367,4.315,1.453682170542636,0.737,0.021,0.217,1.0,0.069,0.694,0.94,0.036,0.387,2014,JEDI JEDI Natural Gas Model Deflators sheet,1.1512656891351583,0.007348094253964228,JEDI jedi-ngas-model_rel-ng4-17-17.xlsm Household Exp sheet; 2014 IMPLAN state PCE,JEDI IMPLAN state I-O (jedi-ngas-model_rel-ng4-17-17.xlsm)
VA,government,7.094,0.361,3.181,1.4992951790245277,0.682,0.024,0.196,1.0,0.072,0.539,0.925,0.039,0.33,2014,JEDI JEDI Natural Gas Model Deflators sheet,1.1512656891351583,0.00837345773297495,JEDI jedi-ngas-model_rel-ng4-17-17.xlsm Household Exp sheet; 2014 IMPLAN state PCE,JEDI IMPLAN state I-O (jedi-ngas-model_rel-ng4-17-17.xlsm)
VT,government,10.729,0.242,4.149,1.4092646099356885,0.813,0.013,0.205,1.0,0.042,0.601,0.955,0.02,0.343,2014,JEDI JEDI Natural Gas Model Deflators sheet,1.1512656891351583,0.008452621275995106,JEDI jedi-ngas-model_rel-ng4-17-17.xlsm Household Exp sheet; 2014 IMPLAN state PCE,JEDI IMPLAN state I-O (jedi-ngas-model_rel-ng4-17-17.xlsm)
WA,government,7.405,0.719,2.834,1.4798109385550304,0.675,0.051,0.188,1.0,0.158,0.571,0.845,0.088,0.347,2014,JEDI JEDI Natural Gas Model Deflators sheet,1.1512656891351583,0.007773975566529304,JEDI jedi-ngas-model_rel-ng4-17-17.xlsm Household Exp sheet; 2014 IMPLAN state PCE,JEDI IMPLAN state I-O (jedi-ngas-model_rel-ng4-17-17.xlsm)
WI,government,9.214,0.598,4.031,1.5023876709355328,0.737,0.036,0.213,1.0,0.114,0.64,0.885,0.059,0.369,2014,JEDI JEDI Natural Gas Model Deflators sheet,1.1512656891351583,0.008171907783636863,JEDI jedi-ngas-model_rel-ng4-17-17.xlsm Household Exp sheet; 2014 IMPLAN state PCE,JEDI IMPLAN state I-O (jedi-ngas-model_rel-ng4-17-17.xlsm)
WV,government,10.044,0.443,3.034,1.3461768219832737,0.698,0.026,0.147,1.0,0.082,0.434,0.895,0.043,0.25,2014,JEDI JEDI Natural Gas Model Deflators sheet,1.1512656891351583,0.010253698454914816,JEDI jedi-ngas-model_rel-ng4-17-17.xlsm Household Exp sheet; 2014 IMPLAN state PCE,JEDI IMPLAN state I-O (jedi-ngas-model_rel-ng4-17-17.xlsm)
WY,government,10.039,0.408,2.194,1.259189162267158,0.77,0.023,0.101,1.0,0.082,0.336,0.9,0.044,0.193,2014,JEDI JEDI Natural Gas Model Deflators sheet,1.1512656891351583,0.010501113260462873,JEDI jedi-ngas-model_rel-ng4-17-17.xlsm Household Exp sheet; 2014 IMPLAN state PCE,JEDI IMPLAN state I-O (jedi-ngas-model_rel-ng4-17-17.xlsm)
NV,tcpu,3.2743999005491915,2.0115004500424645,1.7248208403690206,2.141070548464413,0.21847688233904927,0.10891888858732815,0.0758422928039493,1.0,0.3775675856265934,0.26061030060191115,0.5246436278347684,0.21776826011874212,0.15938297263024695,2016,JEDI Jobs and Economic Development Impacts (JEDI) Model Deflators sheet,1.1129,0.060215409611678865,JEDI jedi-ngas-model_rel-ng4-17-17.xlsm Household Exp sheet; 2014 IMPLAN state PCE,"JEDI IMPLAN state I-O fallback (jedi-onwind-model/jedi-lbw-model-w2020.xlsm) -- jedi-ngas-model_rel-ng4-17-17.xlsm has a 0/non-numeric Direct Jobs multiplier for region='NV', industry='tcpu'"
AK,datacenter_construction,18101.0,5461.0,8363.0,1.7637147118943706,1430.1989640177078,446.52964127441237,474.1883789241079,,,,1979.385356455262,788.9839364053119,951.1509105099667,2023,"not applicable to job ratios; earnings/value_added deflated via ReEDS inputs/financials/deflator.csv to 2022 USD (output still NaN -- GA operations' Output column is unverified, see comment above)",1.0,,,"Public data-center industry benchmark: Minnesota LBO Data Center Equipment Exemption evaluation, Tables 3-4, and Georgia DOAA High-Tech Data Center Equipment Exemption evaluation, Tables 3-4; both report IMPLAN 2023 direct/indirect/induced Employment, Labor Income, and Value-Added; anchor=MN+GA pooled"
AL,datacenter_construction,18101.0,5461.0,8363.0,1.7637147118943706,1430.1989640177078,446.52964127441237,474.1883789241079,,,,1979.385356455262,788.9839364053119,951.1509105099667,2023,"not applicable to job ratios; earnings/value_added deflated via ReEDS inputs/financials/deflator.csv to 2022 USD (output still NaN -- GA operations' Output column is unverified, see comment above)",1.0,,,"Public data-center industry benchmark: Minnesota LBO Data Center Equipment Exemption evaluation, Tables 3-4, and Georgia DOAA High-Tech Data Center Equipment Exemption evaluation, Tables 3-4; both report IMPLAN 2023 direct/indirect/induced Employment, Labor Income, and Value-Added; anchor=MN+GA pooled"
AR,datacenter_construction,18101.0,5461.0,8363.0,1.7637147118943706,1430.1989640177078,446.52964127441237,474.1883789241079,,,,1979.385356455262,788.9839364053119,951.1509105099667,2023,"not applicable to job ratios; earnings/value_added deflated via ReEDS inputs/financials/deflator.csv to 2022 USD (output still NaN -- GA operations' Output column is unverified, see comment above)",1.0,,,"Public data-center industry benchmark: Minnesota LBO Data Center Equipment Exemption evaluation, Tables 3-4, and Georgia DOAA High-Tech Data Center Equipment Exemption evaluation, Tables 3-4; both report IMPLAN 2023 direct/indirect/induced Employment, Labor Income, and Value-Added; anchor=MN+GA pooled"
AZ,datacenter_construction,18101.0,5461.0,8363.0,1.7637147118943706,1430.1989640177078,446.52964127441237,474.1883789241079,,,,1979.385356455262,788.9839364053119,951.1509105099667,2023,"not applicable to job ratios; earnings/value_added deflated via ReEDS inputs/financials/deflator.csv to 2022 USD (output still NaN -- GA operations' Output column is unverified, see comment above)",1.0,,,"Public data-center industry benchmark: Minnesota LBO Data Center Equipment Exemption evaluation, Tables 3-4, and Georgia DOAA High-Tech Data Center Equipment Exemption evaluation, Tables 3-4; both report IMPLAN 2023 direct/indirect/induced Employment, Labor Income, and Value-Added; anchor=MN+GA pooled"
CA,datacenter_construction,18101.0,5461.0,8363.0,1.7637147118943706,1430.1989640177078,446.52964127441237,474.1883789241079,,,,1979.385356455262,788.9839364053119,951.1509105099667,2023,"not applicable to job ratios; earnings/value_added deflated via ReEDS inputs/financials/deflator.csv to 2022 USD (output still NaN -- GA operations' Output column is unverified, see comment above)",1.0,,,"Public data-center industry benchmark: Minnesota LBO Data Center Equipment Exemption evaluation, Tables 3-4, and Georgia DOAA High-Tech Data Center Equipment Exemption evaluation, Tables 3-4; both report IMPLAN 2023 direct/indirect/induced Employment, Labor Income, and Value-Added; anchor=MN+GA pooled"
CO,datacenter_construction,18101.0,5461.0,8363.0,1.7637147118943706,1430.1989640177078,446.52964127441237,474.1883789241079,,,,1979.385356455262,788.9839364053119,951.1509105099667,2023,"not applicable to job ratios; earnings/value_added deflated via ReEDS inputs/financials/deflator.csv to 2022 USD (output still NaN -- GA operations' Output column is unverified, see comment above)",1.0,,,"Public data-center industry benchmark: Minnesota LBO Data Center Equipment Exemption evaluation, Tables 3-4, and Georgia DOAA High-Tech Data Center Equipment Exemption evaluation, Tables 3-4; both report IMPLAN 2023 direct/indirect/induced Employment, Labor Income, and Value-Added; anchor=MN+GA pooled"
CT,datacenter_construction,18101.0,5461.0,8363.0,1.7637147118943706,1430.1989640177078,446.52964127441237,474.1883789241079,,,,1979.385356455262,788.9839364053119,951.1509105099667,2023,"not applicable to job ratios; earnings/value_added deflated via ReEDS inputs/financials/deflator.csv to 2022 USD (output still NaN -- GA operations' Output column is unverified, see comment above)",1.0,,,"Public data-center industry benchmark: Minnesota LBO Data Center Equipment Exemption evaluation, Tables 3-4, and Georgia DOAA High-Tech Data Center Equipment Exemption evaluation, Tables 3-4; both report IMPLAN 2023 direct/indirect/induced Employment, Labor Income, and Value-Added; anchor=MN+GA pooled"
DC,datacenter_construction,18101.0,5461.0,8363.0,1.7637147118943706,1430.1989640177078,446.52964127441237,474.1883789241079,,,,1979.385356455262,788.9839364053119,951.1509105099667,2023,"not applicable to job ratios; earnings/value_added deflated via ReEDS inputs/financials/deflator.csv to 2022 USD (output still NaN -- GA operations' Output column is unverified, see comment above)",1.0,,,"Public data-center industry benchmark: Minnesota LBO Data Center Equipment Exemption evaluation, Tables 3-4, and Georgia DOAA High-Tech Data Center Equipment Exemption evaluation, Tables 3-4; both report IMPLAN 2023 direct/indirect/induced Employment, Labor Income, and Value-Added; anchor=MN+GA pooled"
DE,datacenter_construction,18101.0,5461.0,8363.0,1.7637147118943706,1430.1989640177078,446.52964127441237,474.1883789241079,,,,1979.385356455262,788.9839364053119,951.1509105099667,2023,"not applicable to job ratios; earnings/value_added deflated via ReEDS inputs/financials/deflator.csv to 2022 USD (output still NaN -- GA operations' Output column is unverified, see comment above)",1.0,,,"Public data-center industry benchmark: Minnesota LBO Data Center Equipment Exemption evaluation, Tables 3-4, and Georgia DOAA High-Tech Data Center Equipment Exemption evaluation, Tables 3-4; both report IMPLAN 2023 direct/indirect/induced Employment, Labor Income, and Value-Added; anchor=MN+GA pooled"
FL,datacenter_construction,18101.0,5461.0,8363.0,1.7637147118943706,1430.1989640177078,446.52964127441237,474.1883789241079,,,,1979.385356455262,788.9839364053119,951.1509105099667,2023,"not applicable to job ratios; earnings/value_added deflated via ReEDS inputs/financials/deflator.csv to 2022 USD (output still NaN -- GA operations' Output column is unverified, see comment above)",1.0,,,"Public data-center industry benchmark: Minnesota LBO Data Center Equipment Exemption evaluation, Tables 3-4, and Georgia DOAA High-Tech Data Center Equipment Exemption evaluation, Tables 3-4; both report IMPLAN 2023 direct/indirect/induced Employment, Labor Income, and Value-Added; anchor=MN+GA pooled"
GA,datacenter_construction,15809.0,4954.0,7587.0,1.7932823075463344,1150.001632846768,384.8454988141967,414.95855262850125,,,,1598.1783598614209,696.7638848541317,833.8180349718305,2023,"not applicable to job ratios; earnings/value_added deflated via ReEDS inputs/financials/deflator.csv to 2022 USD (output still NaN -- GA operations' Output column is unverified, see comment above)",1.0,,,"Public data-center industry benchmark: Minnesota LBO Data Center Equipment Exemption evaluation, Tables 3-4, and Georgia DOAA High-Tech Data Center Equipment Exemption evaluation, Tables 3-4; both report IMPLAN 2023 direct/indirect/induced Employment, Labor Income, and Value-Added; anchor=GA"
HI,datacenter_construction,18101.0,5461.0,8363.0,1.7637147118943706,1430.1989640177078,446.52964127441237,474.1883789241079,,,,1979.385356455262,788.9839364053119,951.1509105099667,2023,"not applicable to job ratios; earnings/value_added deflated via ReEDS inputs/financials/deflator.csv to 2022 USD (output still NaN -- GA operations' Output column is unverified, see comment above)",1.0,,,"Public data-center industry benchmark: Minnesota LBO Data Center Equipment Exemption evaluation, Tables 3-4, and Georgia DOAA High-Tech Data Center Equipment Exemption evaluation, Tables 3-4; both report IMPLAN 2023 direct/indirect/induced Employment, Labor Income, and Value-Added; anchor=MN+GA pooled"
IA,datacenter_construction,18101.0,5461.0,8363.0,1.7637147118943706,1430.1989640177078,446.52964127441237,474.1883789241079,,,,1979.385356455262,788.9839364053119,951.1509105099667,2023,"not applicable to job ratios; earnings/value_added deflated via ReEDS inputs/financials/deflator.csv to 2022 USD (output still NaN -- GA operations' Output column is unverified, see comment above)",1.0,,,"Public data-center industry benchmark: Minnesota LBO Data Center Equipment Exemption evaluation, Tables 3-4, and Georgia DOAA High-Tech Data Center Equipment Exemption evaluation, Tables 3-4; both report IMPLAN 2023 direct/indirect/induced Employment, Labor Income, and Value-Added; anchor=MN+GA pooled"
ID,datacenter_construction,18101.0,5461.0,8363.0,1.7637147118943706,1430.1989640177078,446.52964127441237,474.1883789241079,,,,1979.385356455262,788.9839364053119,951.1509105099667,2023,"not applicable to job ratios; earnings/value_added deflated via ReEDS inputs/financials/deflator.csv to 2022 USD (output still NaN -- GA operations' Output column is unverified, see comment above)",1.0,,,"Public data-center industry benchmark: Minnesota LBO Data Center Equipment Exemption evaluation, Tables 3-4, and Georgia DOAA High-Tech Data Center Equipment Exemption evaluation, Tables 3-4; both report IMPLAN 2023 direct/indirect/induced Employment, Labor Income, and Value-Added; anchor=MN+GA pooled"
IL,datacenter_construction,18101.0,5461.0,8363.0,1.7637147118943706,1430.1989640177078,446.52964127441237,474.1883789241079,,,,1979.385356455262,788.9839364053119,951.1509105099667,2023,"not applicable to job ratios; earnings/value_added deflated via ReEDS inputs/financials/deflator.csv to 2022 USD (output still NaN -- GA operations' Output column is unverified, see comment above)",1.0,,,"Public data-center industry benchmark: Minnesota LBO Data Center Equipment Exemption evaluation, Tables 3-4, and Georgia DOAA High-Tech Data Center Equipment Exemption evaluation, Tables 3-4; both report IMPLAN 2023 direct/indirect/induced Employment, Labor Income, and Value-Added; anchor=MN+GA pooled"
IN,datacenter_construction,18101.0,5461.0,8363.0,1.7637147118943706,1430.1989640177078,446.52964127441237,474.1883789241079,,,,1979.385356455262,788.9839364053119,951.1509105099667,2023,"not applicable to job ratios; earnings/value_added deflated via ReEDS inputs/financials/deflator.csv to 2022 USD (output still NaN -- GA operations' Output column is unverified, see comment above)",1.0,,,"Public data-center industry benchmark: Minnesota LBO Data Center Equipment Exemption evaluation, Tables 3-4, and Georgia DOAA High-Tech Data Center Equipment Exemption evaluation, Tables 3-4; both report IMPLAN 2023 direct/indirect/induced Employment, Labor Income, and Value-Added; anchor=MN+GA pooled"
KS,datacenter_construction,18101.0,5461.0,8363.0,1.7637147118943706,1430.1989640177078,446.52964127441237,474.1883789241079,,,,1979.385356455262,788.9839364053119,951.1509105099667,2023,"not applicable to job ratios; earnings/value_added deflated via ReEDS inputs/financials/deflator.csv to 2022 USD (output still NaN -- GA operations' Output column is unverified, see comment above)",1.0,,,"Public data-center industry benchmark: Minnesota LBO Data Center Equipment Exemption evaluation, Tables 3-4, and Georgia DOAA High-Tech Data Center Equipment Exemption evaluation, Tables 3-4; both report IMPLAN 2023 direct/indirect/induced Employment, Labor Income, and Value-Added; anchor=MN+GA pooled"
KY,datacenter_construction,18101.0,5461.0,8363.0,1.7637147118943706,1430.1989640177078,446.52964127441237,474.1883789241079,,,,1979.385356455262,788.9839364053119,951.1509105099667,2023,"not applicable to job ratios; earnings/value_added deflated via ReEDS inputs/financials/deflator.csv to 2022 USD (output still NaN -- GA operations' Output column is unverified, see comment above)",1.0,,,"Public data-center industry benchmark: Minnesota LBO Data Center Equipment Exemption evaluation, Tables 3-4, and Georgia DOAA High-Tech Data Center Equipment Exemption evaluation, Tables 3-4; both report IMPLAN 2023 direct/indirect/induced Employment, Labor Income, and Value-Added; anchor=MN+GA pooled"
LA,datacenter_construction,18101.0,5461.0,8363.0,1.7637147118943706,1430.1989640177078,446.52964127441237,474.1883789241079,,,,1979.385356455262,788.9839364053119,951.1509105099667,2023,"not applicable to job ratios; earnings/value_added deflated via ReEDS inputs/financials/deflator.csv to 2022 USD (output still NaN -- GA operations' Output column is unverified, see comment above)",1.0,,,"Public data-center industry benchmark: Minnesota LBO Data Center Equipment Exemption evaluation, Tables 3-4, and Georgia DOAA High-Tech Data Center Equipment Exemption evaluation, Tables 3-4; both report IMPLAN 2023 direct/indirect/induced Employment, Labor Income, and Value-Added; anchor=MN+GA pooled"
MA,datacenter_construction,18101.0,5461.0,8363.0,1.7637147118943706,1430.1989640177078,446.52964127441237,474.1883789241079,,,,1979.385356455262,788.9839364053119,951.1509105099667,2023,"not applicable to job ratios; earnings/value_added deflated via ReEDS inputs/financials/deflator.csv to 2022 USD (output still NaN -- GA operations' Output column is unverified, see comment above)",1.0,,,"Public data-center industry benchmark: Minnesota LBO Data Center Equipment Exemption evaluation, Tables 3-4, and Georgia DOAA High-Tech Data Center Equipment Exemption evaluation, Tables 3-4; both report IMPLAN 2023 direct/indirect/induced Employment, Labor Income, and Value-Added; anchor=MN+GA pooled"
MD,datacenter_construction,18101.0,5461.0,8363.0,1.7637147118943706,1430.1989640177078,446.52964127441237,474.1883789241079,,,,1979.385356455262,788.9839364053119,951.1509105099667,2023,"not applicable to job ratios; earnings/value_added deflated via ReEDS inputs/financials/deflator.csv to 2022 USD (output still NaN -- GA operations' Output column is unverified, see comment above)",1.0,,,"Public data-center industry benchmark: Minnesota LBO Data Center Equipment Exemption evaluation, Tables 3-4, and Georgia DOAA High-Tech Data Center Equipment Exemption evaluation, Tables 3-4; both report IMPLAN 2023 direct/indirect/induced Employment, Labor Income, and Value-Added; anchor=MN+GA pooled"
ME,datacenter_construction,18101.0,5461.0,8363.0,1.7637147118943706,1430.1989640177078,446.52964127441237,474.1883789241079,,,,1979.385356455262,788.9839364053119,951.1509105099667,2023,"not applicable to job ratios; earnings/value_added deflated via ReEDS inputs/financials/deflator.csv to 2022 USD (output still NaN -- GA operations' Output column is unverified, see comment above)",1.0,,,"Public data-center industry benchmark: Minnesota LBO Data Center Equipment Exemption evaluation, Tables 3-4, and Georgia DOAA High-Tech Data Center Equipment Exemption evaluation, Tables 3-4; both report IMPLAN 2023 direct/indirect/induced Employment, Labor Income, and Value-Added; anchor=MN+GA pooled"
MI,datacenter_construction,18101.0,5461.0,8363.0,1.7637147118943706,1430.1989640177078,446.52964127441237,474.1883789241079,,,,1979.385356455262,788.9839364053119,951.1509105099667,2023,"not applicable to job ratios; earnings/value_added deflated via ReEDS inputs/financials/deflator.csv to 2022 USD (output still NaN -- GA operations' Output column is unverified, see comment above)",1.0,,,"Public data-center industry benchmark: Minnesota LBO Data Center Equipment Exemption evaluation, Tables 3-4, and Georgia DOAA High-Tech Data Center Equipment Exemption evaluation, Tables 3-4; both report IMPLAN 2023 direct/indirect/induced Employment, Labor Income, and Value-Added; anchor=MN+GA pooled"
MN,datacenter_construction,2292.0,507.0,776.0,1.5597731239092496,280.1973311709398,61.68414246021576,59.22982629560669,,,,381.20699659384115,92.22005155118018,117.33287553813621,2023,"not applicable to job ratios; earnings/value_added deflated via ReEDS inputs/financials/deflator.csv to 2022 USD (output still NaN -- GA operations' Output column is unverified, see comment above)",1.0,,,"Public data-center industry benchmark: Minnesota LBO Data Center Equipment Exemption evaluation, Tables 3-4, and Georgia DOAA High-Tech Data Center Equipment Exemption evaluation, Tables 3-4; both report IMPLAN 2023 direct/indirect/induced Employment, Labor Income, and Value-Added; anchor=MN"
MO,datacenter_construction,18101.0,5461.0,8363.0,1.7637147118943706,1430.1989640177078,446.52964127441237,474.1883789241079,,,,1979.385356455262,788.9839364053119,951.1509105099667,2023,"not applicable to job ratios; earnings/value_added deflated via ReEDS inputs/financials/deflator.csv to 2022 USD (output still NaN -- GA operations' Output column is unverified, see comment above)",1.0,,,"Public data-center industry benchmark: Minnesota LBO Data Center Equipment Exemption evaluation, Tables 3-4, and Georgia DOAA High-Tech Data Center Equipment Exemption evaluation, Tables 3-4; both report IMPLAN 2023 direct/indirect/induced Employment, Labor Income, and Value-Added; anchor=MN+GA pooled"
MS,datacenter_construction,18101.0,5461.0,8363.0,1.7637147118943706,1430.1989640177078,446.52964127441237,474.1883789241079,,,,1979.385356455262,788.9839364053119,951.1509105099667,2023,"not applicable to job ratios; earnings/value_added deflated via ReEDS inputs/financials/deflator.csv to 2022 USD (output still NaN -- GA operations' Output column is unverified, see comment above)",1.0,,,"Public data-center industry benchmark: Minnesota LBO Data Center Equipment Exemption evaluation, Tables 3-4, and Georgia DOAA High-Tech Data Center Equipment Exemption evaluation, Tables 3-4; both report IMPLAN 2023 direct/indirect/induced Employment, Labor Income, and Value-Added; anchor=MN+GA pooled"
MT,datacenter_construction,18101.0,5461.0,8363.0,1.7637147118943706,1430.1989640177078,446.52964127441237,474.1883789241079,,,,1979.385356455262,788.9839364053119,951.1509105099667,2023,"not applicable to job ratios; earnings/value_added deflated via ReEDS inputs/financials/deflator.csv to 2022 USD (output still NaN -- GA operations' Output column is unverified, see comment above)",1.0,,,"Public data-center industry benchmark: Minnesota LBO Data Center Equipment Exemption evaluation, Tables 3-4, and Georgia DOAA High-Tech Data Center Equipment Exemption evaluation, Tables 3-4; both report IMPLAN 2023 direct/indirect/induced Employment, Labor Income, and Value-Added; anchor=MN+GA pooled"
NC,datacenter_construction,18101.0,5461.0,8363.0,1.7637147118943706,1430.1989640177078,446.52964127441237,474.1883789241079,,,,1979.385356455262,788.9839364053119,951.1509105099667,2023,"not applicable to job ratios; earnings/value_added deflated via ReEDS inputs/financials/deflator.csv to 2022 USD (output still NaN -- GA operations' Output column is unverified, see comment above)",1.0,,,"Public data-center industry benchmark: Minnesota LBO Data Center Equipment Exemption evaluation, Tables 3-4, and Georgia DOAA High-Tech Data Center Equipment Exemption evaluation, Tables 3-4; both report IMPLAN 2023 direct/indirect/induced Employment, Labor Income, and Value-Added; anchor=MN+GA pooled"
ND,datacenter_construction,18101.0,5461.0,8363.0,1.7637147118943706,1430.1989640177078,446.52964127441237,474.1883789241079,,,,1979.385356455262,788.9839364053119,951.1509105099667,2023,"not applicable to job ratios; earnings/value_added deflated via ReEDS inputs/financials/deflator.csv to 2022 USD (output still NaN -- GA operations' Output column is unverified, see comment above)",1.0,,,"Public data-center industry benchmark: Minnesota LBO Data Center Equipment Exemption evaluation, Tables 3-4, and Georgia DOAA High-Tech Data Center Equipment Exemption evaluation, Tables 3-4; both report IMPLAN 2023 direct/indirect/induced Employment, Labor Income, and Value-Added; anchor=MN+GA pooled"
NE,datacenter_construction,18101.0,5461.0,8363.0,1.7637147118943706,1430.1989640177078,446.52964127441237,474.1883789241079,,,,1979.385356455262,788.9839364053119,951.1509105099667,2023,"not applicable to job ratios; earnings/value_added deflated via ReEDS inputs/financials/deflator.csv to 2022 USD (output still NaN -- GA operations' Output column is unverified, see comment above)",1.0,,,"Public data-center industry benchmark: Minnesota LBO Data Center Equipment Exemption evaluation, Tables 3-4, and Georgia DOAA High-Tech Data Center Equipment Exemption evaluation, Tables 3-4; both report IMPLAN 2023 direct/indirect/induced Employment, Labor Income, and Value-Added; anchor=MN+GA pooled"
NH,datacenter_construction,18101.0,5461.0,8363.0,1.7637147118943706,1430.1989640177078,446.52964127441237,474.1883789241079,,,,1979.385356455262,788.9839364053119,951.1509105099667,2023,"not applicable to job ratios; earnings/value_added deflated via ReEDS inputs/financials/deflator.csv to 2022 USD (output still NaN -- GA operations' Output column is unverified, see comment above)",1.0,,,"Public data-center industry benchmark: Minnesota LBO Data Center Equipment Exemption evaluation, Tables 3-4, and Georgia DOAA High-Tech Data Center Equipment Exemption evaluation, Tables 3-4; both report IMPLAN 2023 direct/indirect/induced Employment, Labor Income, and Value-Added; anchor=MN+GA pooled"
NJ,datacenter_construction,18101.0,5461.0,8363.0,1.7637147118943706,1430.1989640177078,446.52964127441237,474.1883789241079,,,,1979.385356455262,788.9839364053119,951.1509105099667,2023,"not applicable to job ratios; earnings/value_added deflated via ReEDS inputs/financials/deflator.csv to 2022 USD (output still NaN -- GA operations' Output column is unverified, see comment above)",1.0,,,"Public data-center industry benchmark: Minnesota LBO Data Center Equipment Exemption evaluation, Tables 3-4, and Georgia DOAA High-Tech Data Center Equipment Exemption evaluation, Tables 3-4; both report IMPLAN 2023 direct/indirect/induced Employment, Labor Income, and Value-Added; anchor=MN+GA pooled"
NM,datacenter_construction,18101.0,5461.0,8363.0,1.7637147118943706,1430.1989640177078,446.52964127441237,474.1883789241079,,,,1979.385356455262,788.9839364053119,951.1509105099667,2023,"not applicable to job ratios; earnings/value_added deflated via ReEDS inputs/financials/deflator.csv to 2022 USD (output still NaN -- GA operations' Output column is unverified, see comment above)",1.0,,,"Public data-center industry benchmark: Minnesota LBO Data Center Equipment Exemption evaluation, Tables 3-4, and Georgia DOAA High-Tech Data Center Equipment Exemption evaluation, Tables 3-4; both report IMPLAN 2023 direct/indirect/induced Employment, Labor Income, and Value-Added; anchor=MN+GA pooled"
NV,datacenter_construction,18101.0,5461.0,8363.0,1.7637147118943706,1430.1989640177078,446.52964127441237,474.1883789241079,,,,1979.385356455262,788.9839364053119,951.1509105099667,2023,"not applicable to job ratios; earnings/value_added deflated via ReEDS inputs/financials/deflator.csv to 2022 USD (output still NaN -- GA operations' Output column is unverified, see comment above)",1.0,,,"Public data-center industry benchmark: Minnesota LBO Data Center Equipment Exemption evaluation, Tables 3-4, and Georgia DOAA High-Tech Data Center Equipment Exemption evaluation, Tables 3-4; both report IMPLAN 2023 direct/indirect/induced Employment, Labor Income, and Value-Added; anchor=MN+GA pooled"
NY,datacenter_construction,18101.0,5461.0,8363.0,1.7637147118943706,1430.1989640177078,446.52964127441237,474.1883789241079,,,,1979.385356455262,788.9839364053119,951.1509105099667,2023,"not applicable to job ratios; earnings/value_added deflated via ReEDS inputs/financials/deflator.csv to 2022 USD (output still NaN -- GA operations' Output column is unverified, see comment above)",1.0,,,"Public data-center industry benchmark: Minnesota LBO Data Center Equipment Exemption evaluation, Tables 3-4, and Georgia DOAA High-Tech Data Center Equipment Exemption evaluation, Tables 3-4; both report IMPLAN 2023 direct/indirect/induced Employment, Labor Income, and Value-Added; anchor=MN+GA pooled"
OH,datacenter_construction,18101.0,5461.0,8363.0,1.7637147118943706,1430.1989640177078,446.52964127441237,474.1883789241079,,,,1979.385356455262,788.9839364053119,951.1509105099667,2023,"not applicable to job ratios; earnings/value_added deflated via ReEDS inputs/financials/deflator.csv to 2022 USD (output still NaN -- GA operations' Output column is unverified, see comment above)",1.0,,,"Public data-center industry benchmark: Minnesota LBO Data Center Equipment Exemption evaluation, Tables 3-4, and Georgia DOAA High-Tech Data Center Equipment Exemption evaluation, Tables 3-4; both report IMPLAN 2023 direct/indirect/induced Employment, Labor Income, and Value-Added; anchor=MN+GA pooled"
OK,datacenter_construction,18101.0,5461.0,8363.0,1.7637147118943706,1430.1989640177078,446.52964127441237,474.1883789241079,,,,1979.385356455262,788.9839364053119,951.1509105099667,2023,"not applicable to job ratios; earnings/value_added deflated via ReEDS inputs/financials/deflator.csv to 2022 USD (output still NaN -- GA operations' Output column is unverified, see comment above)",1.0,,,"Public data-center industry benchmark: Minnesota LBO Data Center Equipment Exemption evaluation, Tables 3-4, and Georgia DOAA High-Tech Data Center Equipment Exemption evaluation, Tables 3-4; both report IMPLAN 2023 direct/indirect/induced Employment, Labor Income, and Value-Added; anchor=MN+GA pooled"
OR,datacenter_construction,18101.0,5461.0,8363.0,1.7637147118943706,1430.1989640177078,446.52964127441237,474.1883789241079,,,,1979.385356455262,788.9839364053119,951.1509105099667,2023,"not applicable to job ratios; earnings/value_added deflated via ReEDS inputs/financials/deflator.csv to 2022 USD (output still NaN -- GA operations' Output column is unverified, see comment above)",1.0,,,"Public data-center industry benchmark: Minnesota LBO Data Center Equipment Exemption evaluation, Tables 3-4, and Georgia DOAA High-Tech Data Center Equipment Exemption evaluation, Tables 3-4; both report IMPLAN 2023 direct/indirect/induced Employment, Labor Income, and Value-Added; anchor=MN+GA pooled"
PA,datacenter_construction,18101.0,5461.0,8363.0,1.7637147118943706,1430.1989640177078,446.52964127441237,474.1883789241079,,,,1979.385356455262,788.9839364053119,951.1509105099667,2023,"not applicable to job ratios; earnings/value_added deflated via ReEDS inputs/financials/deflator.csv to 2022 USD (output still NaN -- GA operations' Output column is unverified, see comment above)",1.0,,,"Public data-center industry benchmark: Minnesota LBO Data Center Equipment Exemption evaluation, Tables 3-4, and Georgia DOAA High-Tech Data Center Equipment Exemption evaluation, Tables 3-4; both report IMPLAN 2023 direct/indirect/induced Employment, Labor Income, and Value-Added; anchor=MN+GA pooled"
RI,datacenter_construction,18101.0,5461.0,8363.0,1.7637147118943706,1430.1989640177078,446.52964127441237,474.1883789241079,,,,1979.385356455262,788.9839364053119,951.1509105099667,2023,"not applicable to job ratios; earnings/value_added deflated via ReEDS inputs/financials/deflator.csv to 2022 USD (output still NaN -- GA operations' Output column is unverified, see comment above)",1.0,,,"Public data-center industry benchmark: Minnesota LBO Data Center Equipment Exemption evaluation, Tables 3-4, and Georgia DOAA High-Tech Data Center Equipment Exemption evaluation, Tables 3-4; both report IMPLAN 2023 direct/indirect/induced Employment, Labor Income, and Value-Added; anchor=MN+GA pooled"
SC,datacenter_construction,18101.0,5461.0,8363.0,1.7637147118943706,1430.1989640177078,446.52964127441237,474.1883789241079,,,,1979.385356455262,788.9839364053119,951.1509105099667,2023,"not applicable to job ratios; earnings/value_added deflated via ReEDS inputs/financials/deflator.csv to 2022 USD (output still NaN -- GA operations' Output column is unverified, see comment above)",1.0,,,"Public data-center industry benchmark: Minnesota LBO Data Center Equipment Exemption evaluation, Tables 3-4, and Georgia DOAA High-Tech Data Center Equipment Exemption evaluation, Tables 3-4; both report IMPLAN 2023 direct/indirect/induced Employment, Labor Income, and Value-Added; anchor=MN+GA pooled"
SD,datacenter_construction,18101.0,5461.0,8363.0,1.7637147118943706,1430.1989640177078,446.52964127441237,474.1883789241079,,,,1979.385356455262,788.9839364053119,951.1509105099667,2023,"not applicable to job ratios; earnings/value_added deflated via ReEDS inputs/financials/deflator.csv to 2022 USD (output still NaN -- GA operations' Output column is unverified, see comment above)",1.0,,,"Public data-center industry benchmark: Minnesota LBO Data Center Equipment Exemption evaluation, Tables 3-4, and Georgia DOAA High-Tech Data Center Equipment Exemption evaluation, Tables 3-4; both report IMPLAN 2023 direct/indirect/induced Employment, Labor Income, and Value-Added; anchor=MN+GA pooled"
TN,datacenter_construction,18101.0,5461.0,8363.0,1.7637147118943706,1430.1989640177078,446.52964127441237,474.1883789241079,,,,1979.385356455262,788.9839364053119,951.1509105099667,2023,"not applicable to job ratios; earnings/value_added deflated via ReEDS inputs/financials/deflator.csv to 2022 USD (output still NaN -- GA operations' Output column is unverified, see comment above)",1.0,,,"Public data-center industry benchmark: Minnesota LBO Data Center Equipment Exemption evaluation, Tables 3-4, and Georgia DOAA High-Tech Data Center Equipment Exemption evaluation, Tables 3-4; both report IMPLAN 2023 direct/indirect/induced Employment, Labor Income, and Value-Added; anchor=MN+GA pooled"
TX,datacenter_construction,18101.0,5461.0,8363.0,1.7637147118943706,1430.1989640177078,446.52964127441237,474.1883789241079,,,,1979.385356455262,788.9839364053119,951.1509105099667,2023,"not applicable to job ratios; earnings/value_added deflated via ReEDS inputs/financials/deflator.csv to 2022 USD (output still NaN -- GA operations' Output column is unverified, see comment above)",1.0,,,"Public data-center industry benchmark: Minnesota LBO Data Center Equipment Exemption evaluation, Tables 3-4, and Georgia DOAA High-Tech Data Center Equipment Exemption evaluation, Tables 3-4; both report IMPLAN 2023 direct/indirect/induced Employment, Labor Income, and Value-Added; anchor=MN+GA pooled"
UT,datacenter_construction,18101.0,5461.0,8363.0,1.7637147118943706,1430.1989640177078,446.52964127441237,474.1883789241079,,,,1979.385356455262,788.9839364053119,951.1509105099667,2023,"not applicable to job ratios; earnings/value_added deflated via ReEDS inputs/financials/deflator.csv to 2022 USD (output still NaN -- GA operations' Output column is unverified, see comment above)",1.0,,,"Public data-center industry benchmark: Minnesota LBO Data Center Equipment Exemption evaluation, Tables 3-4, and Georgia DOAA High-Tech Data Center Equipment Exemption evaluation, Tables 3-4; both report IMPLAN 2023 direct/indirect/induced Employment, Labor Income, and Value-Added; anchor=MN+GA pooled"
VA,datacenter_construction,18101.0,5461.0,8363.0,1.7637147118943706,1430.1989640177078,446.52964127441237,474.1883789241079,,,,1979.385356455262,788.9839364053119,951.1509105099667,2023,"not applicable to job ratios; earnings/value_added deflated via ReEDS inputs/financials/deflator.csv to 2022 USD (output still NaN -- GA operations' Output column is unverified, see comment above)",1.0,,,"Public data-center industry benchmark: Minnesota LBO Data Center Equipment Exemption evaluation, Tables 3-4, and Georgia DOAA High-Tech Data Center Equipment Exemption evaluation, Tables 3-4; both report IMPLAN 2023 direct/indirect/induced Employment, Labor Income, and Value-Added; anchor=MN+GA pooled"
VT,datacenter_construction,18101.0,5461.0,8363.0,1.7637147118943706,1430.1989640177078,446.52964127441237,474.1883789241079,,,,1979.385356455262,788.9839364053119,951.1509105099667,2023,"not applicable to job ratios; earnings/value_added deflated via ReEDS inputs/financials/deflator.csv to 2022 USD (output still NaN -- GA operations' Output column is unverified, see comment above)",1.0,,,"Public data-center industry benchmark: Minnesota LBO Data Center Equipment Exemption evaluation, Tables 3-4, and Georgia DOAA High-Tech Data Center Equipment Exemption evaluation, Tables 3-4; both report IMPLAN 2023 direct/indirect/induced Employment, Labor Income, and Value-Added; anchor=MN+GA pooled"
WA,datacenter_construction,18101.0,5461.0,8363.0,1.7637147118943706,1430.1989640177078,446.52964127441237,474.1883789241079,,,,1979.385356455262,788.9839364053119,951.1509105099667,2023,"not applicable to job ratios; earnings/value_added deflated via ReEDS inputs/financials/deflator.csv to 2022 USD (output still NaN -- GA operations' Output column is unverified, see comment above)",1.0,,,"Public data-center industry benchmark: Minnesota LBO Data Center Equipment Exemption evaluation, Tables 3-4, and Georgia DOAA High-Tech Data Center Equipment Exemption evaluation, Tables 3-4; both report IMPLAN 2023 direct/indirect/induced Employment, Labor Income, and Value-Added; anchor=MN+GA pooled"
WI,datacenter_construction,18101.0,5461.0,8363.0,1.7637147118943706,1430.1989640177078,446.52964127441237,474.1883789241079,,,,1979.385356455262,788.9839364053119,951.1509105099667,2023,"not applicable to job ratios; earnings/value_added deflated via ReEDS inputs/financials/deflator.csv to 2022 USD (output still NaN -- GA operations' Output column is unverified, see comment above)",1.0,,,"Public data-center industry benchmark: Minnesota LBO Data Center Equipment Exemption evaluation, Tables 3-4, and Georgia DOAA High-Tech Data Center Equipment Exemption evaluation, Tables 3-4; both report IMPLAN 2023 direct/indirect/induced Employment, Labor Income, and Value-Added; anchor=MN+GA pooled"
WV,datacenter_construction,18101.0,5461.0,8363.0,1.7637147118943706,1430.1989640177078,446.52964127441237,474.1883789241079,,,,1979.385356455262,788.9839364053119,951.1509105099667,2023,"not applicable to job ratios; earnings/value_added deflated via ReEDS inputs/financials/deflator.csv to 2022 USD (output still NaN -- GA operations' Output column is unverified, see comment above)",1.0,,,"Public data-center industry benchmark: Minnesota LBO Data Center Equipment Exemption evaluation, Tables 3-4, and Georgia DOAA High-Tech Data Center Equipment Exemption evaluation, Tables 3-4; both report IMPLAN 2023 direct/indirect/induced Employment, Labor Income, and Value-Added; anchor=MN+GA pooled"
WY,datacenter_construction,18101.0,5461.0,8363.0,1.7637147118943706,1430.1989640177078,446.52964127441237,474.1883789241079,,,,1979.385356455262,788.9839364053119,951.1509105099667,2023,"not applicable to job ratios; earnings/value_added deflated via ReEDS inputs/financials/deflator.csv to 2022 USD (output still NaN -- GA operations' Output column is unverified, see comment above)",1.0,,,"Public data-center industry benchmark: Minnesota LBO Data Center Equipment Exemption evaluation, Tables 3-4, and Georgia DOAA High-Tech Data Center Equipment Exemption evaluation, Tables 3-4; both report IMPLAN 2023 direct/indirect/induced Employment, Labor Income, and Value-Added; anchor=MN+GA pooled"
AK,datacenter_operations,2550.0,2130.0,2168.0,2.6854901960784314,298.2184264613337,141.3178020038966,121.68540566534784,,,,436.9961939800057,244.39329102389436,240.62146924427662,2023,"not applicable to job ratios; earnings/value_added deflated via ReEDS inputs/financials/deflator.csv to 2022 USD (output still NaN -- GA operations' Output column is unverified, see comment above)",1.0,,,"Public data-center industry benchmark: Minnesota LBO Data Center Equipment Exemption evaluation, Tables 3-4, and Georgia DOAA High-Tech Data Center Equipment Exemption evaluation, Tables 3-4; both report IMPLAN 2023 direct/indirect/induced Employment, Labor Income, and Value-Added; anchor=MN+GA pooled"
AL,datacenter_operations,2550.0,2130.0,2168.0,2.6854901960784314,298.2184264613337,141.3178020038966,121.68540566534784,,,,436.9961939800057,244.39329102389436,240.62146924427662,2023,"not applicable to job ratios; earnings/value_added deflated via ReEDS inputs/financials/deflator.csv to 2022 USD (output still NaN -- GA operations' Output column is unverified, see comment above)",1.0,,,"Public data-center industry benchmark: Minnesota LBO Data Center Equipment Exemption evaluation, Tables 3-4, and Georgia DOAA High-Tech Data Center Equipment Exemption evaluation, Tables 3-4; both report IMPLAN 2023 direct/indirect/induced Employment, Labor Income, and Value-Added; anchor=MN+GA pooled"
AR,datacenter_operations,2550.0,2130.0,2168.0,2.6854901960784314,298.2184264613337,141.3178020038966,121.68540566534784,,,,436.9961939800057,244.39329102389436,240.62146924427662,2023,"not applicable to job ratios; earnings/value_added deflated via ReEDS inputs/financials/deflator.csv to 2022 USD (output still NaN -- GA operations' Output column is unverified, see comment above)",1.0,,,"Public data-center industry benchmark: Minnesota LBO Data Center Equipment Exemption evaluation, Tables 3-4, and Georgia DOAA High-Tech Data Center Equipment Exemption evaluation, Tables 3-4; both report IMPLAN 2023 direct/indirect/induced Employment, Labor Income, and Value-Added; anchor=MN+GA pooled"
AZ,datacenter_operations,2550.0,2130.0,2168.0,2.6854901960784314,298.2184264613337,141.3178020038966,121.68540566534784,,,,436.9961939800057,244.39329102389436,240.62146924427662,2023,"not applicable to job ratios; earnings/value_added deflated via ReEDS inputs/financials/deflator.csv to 2022 USD (output still NaN -- GA operations' Output column is unverified, see comment above)",1.0,,,"Public data-center industry benchmark: Minnesota LBO Data Center Equipment Exemption evaluation, Tables 3-4, and Georgia DOAA High-Tech Data Center Equipment Exemption evaluation, Tables 3-4; both report IMPLAN 2023 direct/indirect/induced Employment, Labor Income, and Value-Added; anchor=MN+GA pooled"
CA,datacenter_operations,2550.0,2130.0,2168.0,2.6854901960784314,298.2184264613337,141.3178020038966,121.68540566534784,,,,436.9961939800057,244.39329102389436,240.62146924427662,2023,"not applicable to job ratios; earnings/value_added deflated via ReEDS inputs/financials/deflator.csv to 2022 USD (output still NaN -- GA operations' Output column is unverified, see comment above)",1.0,,,"Public data-center industry benchmark: Minnesota LBO Data Center Equipment Exemption evaluation, Tables 3-4, and Georgia DOAA High-Tech Data Center Equipment Exemption evaluation, Tables 3-4; both report IMPLAN 2023 direct/indirect/induced Employment, Labor Income, and Value-Added; anchor=MN+GA pooled"
CO,datacenter_operations,2550.0,2130.0,2168.0,2.6854901960784314,298.2184264613337,141.3178020038966,121.68540566534784,,,,436.9961939800057,244.39329102389436,240.62146924427662,2023,"not applicable to job ratios; earnings/value_added deflated via ReEDS inputs/financials/deflator.csv to 2022 USD (output still NaN -- GA operations' Output column is unverified, see comment above)",1.0,,,"Public data-center industry benchmark: Minnesota LBO Data Center Equipment Exemption evaluation, Tables 3-4, and Georgia DOAA High-Tech Data Center Equipment Exemption evaluation, Tables 3-4; both report IMPLAN 2023 direct/indirect/induced Employment, Labor Income, and Value-Added; anchor=MN+GA pooled"
CT,datacenter_operations,2550.0,2130.0,2168.0,2.6854901960784314,298.2184264613337,141.3178020038966,121.68540566534784,,,,436.9961939800057,244.39329102389436,240.62146924427662,2023,"not applicable to job ratios; earnings/value_added deflated via ReEDS inputs/financials/deflator.csv to 2022 USD (output still NaN -- GA operations' Output column is unverified, see comment above)",1.0,,,"Public data-center industry benchmark: Minnesota LBO Data Center Equipment Exemption evaluation, Tables 3-4, and Georgia DOAA High-Tech Data Center Equipment Exemption evaluation, Tables 3-4; both report IMPLAN 2023 direct/indirect/induced Employment, Labor Income, and Value-Added; anchor=MN+GA pooled"
DC,datacenter_operations,2550.0,2130.0,2168.0,2.6854901960784314,298.2184264613337,141.3178020038966,121.68540566534784,,,,436.9961939800057,244.39329102389436,240.62146924427662,2023,"not applicable to job ratios; earnings/value_added deflated via ReEDS inputs/financials/deflator.csv to 2022 USD (output still NaN -- GA operations' Output column is unverified, see comment above)",1.0,,,"Public data-center industry benchmark: Minnesota LBO Data Center Equipment Exemption evaluation, Tables 3-4, and Georgia DOAA High-Tech Data Center Equipment Exemption evaluation, Tables 3-4; both report IMPLAN 2023 direct/indirect/induced Employment, Labor Income, and Value-Added; anchor=MN+GA pooled"
DE,datacenter_operations,2550.0,2130.0,2168.0,2.6854901960784314,298.2184264613337,141.3178020038966,121.68540566534784,,,,436.9961939800057,244.39329102389436,240.62146924427662,2023,"not applicable to job ratios; earnings/value_added deflated via ReEDS inputs/financials/deflator.csv to 2022 USD (output still NaN -- GA operations' Output column is unverified, see comment above)",1.0,,,"Public data-center industry benchmark: Minnesota LBO Data Center Equipment Exemption evaluation, Tables 3-4, and Georgia DOAA High-Tech Data Center Equipment Exemption evaluation, Tables 3-4; both report IMPLAN 2023 direct/indirect/induced Employment, Labor Income, and Value-Added; anchor=MN+GA pooled"
FL,datacenter_operations,2550.0,2130.0,2168.0,2.6854901960784314,298.2184264613337,141.3178020038966,121.68540566534784,,,,436.9961939800057,244.39329102389436,240.62146924427662,2023,"not applicable to job ratios; earnings/value_added deflated via ReEDS inputs/financials/deflator.csv to 2022 USD (output still NaN -- GA operations' Output column is unverified, see comment above)",1.0,,,"Public data-center industry benchmark: Minnesota LBO Data Center Equipment Exemption evaluation, Tables 3-4, and Georgia DOAA High-Tech Data Center Equipment Exemption evaluation, Tables 3-4; both report IMPLAN 2023 direct/indirect/induced Employment, Labor Income, and Value-Added; anchor=MN+GA pooled"
GA,datacenter_operations,1873.0,1815.0,1783.0,2.9209823812066205,244.8814336392845,117.47513744907572,97.5019982537333,,,,366.3289261072245,206.28703712948428,196.01309480858507,2023,"not applicable to job ratios; earnings/value_added deflated via ReEDS inputs/financials/deflator.csv to 2022 USD (output still NaN -- GA operations' Output column is unverified, see comment above)",1.0,,,"Public data-center industry benchmark: Minnesota LBO Data Center Equipment Exemption evaluation, Tables 3-4, and Georgia DOAA High-Tech Data Center Equipment Exemption evaluation, Tables 3-4; both report IMPLAN 2023 direct/indirect/induced Employment, Labor Income, and Value-Added; anchor=GA"
HI,datacenter_operations,2550.0,2130.0,2168.0,2.6854901960784314,298.2184264613337,141.3178020038966,121.68540566534784,,,,436.9961939800057,244.39329102389436,240.62146924427662,2023,"not applicable to job ratios; earnings/value_added deflated via ReEDS inputs/financials/deflator.csv to 2022 USD (output still NaN -- GA operations' Output column is unverified, see comment above)",1.0,,,"Public data-center industry benchmark: Minnesota LBO Data Center Equipment Exemption evaluation, Tables 3-4, and Georgia DOAA High-Tech Data Center Equipment Exemption evaluation, Tables 3-4; both report IMPLAN 2023 direct/indirect/induced Employment, Labor Income, and Value-Added; anchor=MN+GA pooled"
IA,datacenter_operations,2550.0,2130.0,2168.0,2.6854901960784314,298.2184264613337,141.3178020038966,121.68540566534784,,,,436.9961939800057,244.39329102389436,240.62146924427662,2023,"not applicable to job ratios; earnings/value_added deflated via ReEDS inputs/financials/deflator.csv to 2022 USD (output still NaN -- GA operations' Output column is unverified, see comment above)",1.0,,,"Public data-center industry benchmark: Minnesota LBO Data Center Equipment Exemption evaluation, Tables 3-4, and Georgia DOAA High-Tech Data Center Equipment Exemption evaluation, Tables 3-4; both report IMPLAN 2023 direct/indirect/induced Employment, Labor Income, and Value-Added; anchor=MN+GA pooled"
ID,datacenter_operations,2550.0,2130.0,2168.0,2.6854901960784314,298.2184264613337,141.3178020038966,121.68540566534784,,,,436.9961939800057,244.39329102389436,240.62146924427662,2023,"not applicable to job ratios; earnings/value_added deflated via ReEDS inputs/financials/deflator.csv to 2022 USD (output still NaN -- GA operations' Output column is unverified, see comment above)",1.0,,,"Public data-center industry benchmark: Minnesota LBO Data Center Equipment Exemption evaluation, Tables 3-4, and Georgia DOAA High-Tech Data Center Equipment Exemption evaluation, Tables 3-4; both report IMPLAN 2023 direct/indirect/induced Employment, Labor Income, and Value-Added; anchor=MN+GA pooled"
IL,datacenter_operations,2550.0,2130.0,2168.0,2.6854901960784314,298.2184264613337,141.3178020038966,121.68540566534784,,,,436.9961939800057,244.39329102389436,240.62146924427662,2023,"not applicable to job ratios; earnings/value_added deflated via ReEDS inputs/financials/deflator.csv to 2022 USD (output still NaN -- GA operations' Output column is unverified, see comment above)",1.0,,,"Public data-center industry benchmark: Minnesota LBO Data Center Equipment Exemption evaluation, Tables 3-4, and Georgia DOAA High-Tech Data Center Equipment Exemption evaluation, Tables 3-4; both report IMPLAN 2023 direct/indirect/induced Employment, Labor Income, and Value-Added; anchor=MN+GA pooled"
IN,datacenter_operations,2550.0,2130.0,2168.0,2.6854901960784314,298.2184264613337,141.3178020038966,121.68540566534784,,,,436.9961939800057,244.39329102389436,240.62146924427662,2023,"not applicable to job ratios; earnings/value_added deflated via ReEDS inputs/financials/deflator.csv to 2022 USD (output still NaN -- GA operations' Output column is unverified, see comment above)",1.0,,,"Public data-center industry benchmark: Minnesota LBO Data Center Equipment Exemption evaluation, Tables 3-4, and Georgia DOAA High-Tech Data Center Equipment Exemption evaluation, Tables 3-4; both report IMPLAN 2023 direct/indirect/induced Employment, Labor Income, and Value-Added; anchor=MN+GA pooled"
KS,datacenter_operations,2550.0,2130.0,2168.0,2.6854901960784314,298.2184264613337,141.3178020038966,121.68540566534784,,,,436.9961939800057,244.39329102389436,240.62146924427662,2023,"not applicable to job ratios; earnings/value_added deflated via ReEDS inputs/financials/deflator.csv to 2022 USD (output still NaN -- GA operations' Output column is unverified, see comment above)",1.0,,,"Public data-center industry benchmark: Minnesota LBO Data Center Equipment Exemption evaluation, Tables 3-4, and Georgia DOAA High-Tech Data Center Equipment Exemption evaluation, Tables 3-4; both report IMPLAN 2023 direct/indirect/induced Employment, Labor Income, and Value-Added; anchor=MN+GA pooled"
KY,datacenter_operations,2550.0,2130.0,2168.0,2.6854901960784314,298.2184264613337,141.3178020038966,121.68540566534784,,,,436.9961939800057,244.39329102389436,240.62146924427662,2023,"not applicable to job ratios; earnings/value_added deflated via ReEDS inputs/financials/deflator.csv to 2022 USD (output still NaN -- GA operations' Output column is unverified, see comment above)",1.0,,,"Public data-center industry benchmark: Minnesota LBO Data Center Equipment Exemption evaluation, Tables 3-4, and Georgia DOAA High-Tech Data Center Equipment Exemption evaluation, Tables 3-4; both report IMPLAN 2023 direct/indirect/induced Employment, Labor Income, and Value-Added; anchor=MN+GA pooled"
LA,datacenter_operations,2550.0,2130.0,2168.0,2.6854901960784314,298.2184264613337,141.3178020038966,121.68540566534784,,,,436.9961939800057,244.39329102389436,240.62146924427662,2023,"not applicable to job ratios; earnings/value_added deflated via ReEDS inputs/financials/deflator.csv to 2022 USD (output still NaN -- GA operations' Output column is unverified, see comment above)",1.0,,,"Public data-center industry benchmark: Minnesota LBO Data Center Equipment Exemption evaluation, Tables 3-4, and Georgia DOAA High-Tech Data Center Equipment Exemption evaluation, Tables 3-4; both report IMPLAN 2023 direct/indirect/induced Employment, Labor Income, and Value-Added; anchor=MN+GA pooled"
MA,datacenter_operations,2550.0,2130.0,2168.0,2.6854901960784314,298.2184264613337,141.3178020038966,121.68540566534784,,,,436.9961939800057,244.39329102389436,240.62146924427662,2023,"not applicable to job ratios; earnings/value_added deflated via ReEDS inputs/financials/deflator.csv to 2022 USD (output still NaN -- GA operations' Output column is unverified, see comment above)",1.0,,,"Public data-center industry benchmark: Minnesota LBO Data Center Equipment Exemption evaluation, Tables 3-4, and Georgia DOAA High-Tech Data Center Equipment Exemption evaluation, Tables 3-4; both report IMPLAN 2023 direct/indirect/induced Employment, Labor Income, and Value-Added; anchor=MN+GA pooled"
MD,datacenter_operations,2550.0,2130.0,2168.0,2.6854901960784314,298.2184264613337,141.3178020038966,121.68540566534784,,,,436.9961939800057,244.39329102389436,240.62146924427662,2023,"not applicable to job ratios; earnings/value_added deflated via ReEDS inputs/financials/deflator.csv to 2022 USD (output still NaN -- GA operations' Output column is unverified, see comment above)",1.0,,,"Public data-center industry benchmark: Minnesota LBO Data Center Equipment Exemption evaluation, Tables 3-4, and Georgia DOAA High-Tech Data Center Equipment Exemption evaluation, Tables 3-4; both report IMPLAN 2023 direct/indirect/induced Employment, Labor Income, and Value-Added; anchor=MN+GA pooled"
ME,datacenter_operations,2550.0,2130.0,2168.0,2.6854901960784314,298.2184264613337,141.3178020038966,121.68540566534784,,,,436.9961939800057,244.39329102389436,240.62146924427662,2023,"not applicable to job ratios; earnings/value_added deflated via ReEDS inputs/financials/deflator.csv to 2022 USD (output still NaN -- GA operations' Output column is unverified, see comment above)",1.0,,,"Public data-center industry benchmark: Minnesota LBO Data Center Equipment Exemption evaluation, Tables 3-4, and Georgia DOAA High-Tech Data Center Equipment Exemption evaluation, Tables 3-4; both report IMPLAN 2023 direct/indirect/induced Employment, Labor Income, and Value-Added; anchor=MN+GA pooled"
MI,datacenter_operations,2550.0,2130.0,2168.0,2.6854901960784314,298.2184264613337,141.3178020038966,121.68540566534784,,,,436.9961939800057,244.39329102389436,240.62146924427662,2023,"not applicable to job ratios; earnings/value_added deflated via ReEDS inputs/financials/deflator.csv to 2022 USD (output still NaN -- GA operations' Output column is unverified, see comment above)",1.0,,,"Public data-center industry benchmark: Minnesota LBO Data Center Equipment Exemption evaluation, Tables 3-4, and Georgia DOAA High-Tech Data Center Equipment Exemption evaluation, Tables 3-4; both report IMPLAN 2023 direct/indirect/induced Employment, Labor Income, and Value-Added; anchor=MN+GA pooled"
MN,datacenter_operations,677.0,315.0,385.0,2.03397341211226,53.336992822049226,23.842664554820896,24.18340741161454,,,,70.66726787278122,38.10625389441011,44.60837443569154,2023,"not applicable to job ratios; earnings/value_added deflated via ReEDS inputs/financials/deflator.csv to 2022 USD (output still NaN -- GA operations' Output column is unverified, see comment above)",1.0,,,"Public data-center industry benchmark: Minnesota LBO Data Center Equipment Exemption evaluation, Tables 3-4, and Georgia DOAA High-Tech Data Center Equipment Exemption evaluation, Tables 3-4; both report IMPLAN 2023 direct/indirect/induced Employment, Labor Income, and Value-Added; anchor=MN"
MO,datacenter_operations,2550.0,2130.0,2168.0,2.6854901960784314,298.2184264613337,141.3178020038966,121.68540566534784,,,,436.9961939800057,244.39329102389436,240.62146924427662,2023,"not applicable to job ratios; earnings/value_added deflated via ReEDS inputs/financials/deflator.csv to 2022 USD (output still NaN -- GA operations' Output column is unverified, see comment above)",1.0,,,"Public data-center industry benchmark: Minnesota LBO Data Center Equipment Exemption evaluation, Tables 3-4, and Georgia DOAA High-Tech Data Center Equipment Exemption evaluation, Tables 3-4; both report IMPLAN 2023 direct/indirect/induced Employment, Labor Income, and Value-Added; anchor=MN+GA pooled"
MS,datacenter_operations,2550.0,2130.0,2168.0,2.6854901960784314,298.2184264613337,141.3178020038966,121.68540566534784,,,,436.9961939800057,244.39329102389436,240.62146924427662,2023,"not applicable to job ratios; earnings/value_added deflated via ReEDS inputs/financials/deflator.csv to 2022 USD (output still NaN -- GA operations' Output column is unverified, see comment above)",1.0,,,"Public data-center industry benchmark: Minnesota LBO Data Center Equipment Exemption evaluation, Tables 3-4, and Georgia DOAA High-Tech Data Center Equipment Exemption evaluation, Tables 3-4; both report IMPLAN 2023 direct/indirect/induced Employment, Labor Income, and Value-Added; anchor=MN+GA pooled"
MT,datacenter_operations,2550.0,2130.0,2168.0,2.6854901960784314,298.2184264613337,141.3178020038966,121.68540566534784,,,,436.9961939800057,244.39329102389436,240.62146924427662,2023,"not applicable to job ratios; earnings/value_added deflated via ReEDS inputs/financials/deflator.csv to 2022 USD (output still NaN -- GA operations' Output column is unverified, see comment above)",1.0,,,"Public data-center industry benchmark: Minnesota LBO Data Center Equipment Exemption evaluation, Tables 3-4, and Georgia DOAA High-Tech Data Center Equipment Exemption evaluation, Tables 3-4; both report IMPLAN 2023 direct/indirect/induced Employment, Labor Income, and Value-Added; anchor=MN+GA pooled"
NC,datacenter_operations,2550.0,2130.0,2168.0,2.6854901960784314,298.2184264613337,141.3178020038966,121.68540566534784,,,,436.9961939800057,244.39329102389436,240.62146924427662,2023,"not applicable to job ratios; earnings/value_added deflated via ReEDS inputs/financials/deflator.csv to 2022 USD (output still NaN -- GA operations' Output column is unverified, see comment above)",1.0,,,"Public data-center industry benchmark: Minnesota LBO Data Center Equipment Exemption evaluation, Tables 3-4, and Georgia DOAA High-Tech Data Center Equipment Exemption evaluation, Tables 3-4; both report IMPLAN 2023 direct/indirect/induced Employment, Labor Income, and Value-Added; anchor=MN+GA pooled"
ND,datacenter_operations,2550.0,2130.0,2168.0,2.6854901960784314,298.2184264613337,141.3178020038966,121.68540566534784,,,,436.9961939800057,244.39329102389436,240.62146924427662,2023,"not applicable to job ratios; earnings/value_added deflated via ReEDS inputs/financials/deflator.csv to 2022 USD (output still NaN -- GA operations' Output column is unverified, see comment above)",1.0,,,"Public data-center industry benchmark: Minnesota LBO Data Center Equipment Exemption evaluation, Tables 3-4, and Georgia DOAA High-Tech Data Center Equipment Exemption evaluation, Tables 3-4; both report IMPLAN 2023 direct/indirect/induced Employment, Labor Income, and Value-Added; anchor=MN+GA pooled"
NE,datacenter_operations,2550.0,2130.0,2168.0,2.6854901960784314,298.2184264613337,141.3178020038966,121.68540566534784,,,,436.9961939800057,244.39329102389436,240.62146924427662,2023,"not applicable to job ratios; earnings/value_added deflated via ReEDS inputs/financials/deflator.csv to 2022 USD (output still NaN -- GA operations' Output column is unverified, see comment above)",1.0,,,"Public data-center industry benchmark: Minnesota LBO Data Center Equipment Exemption evaluation, Tables 3-4, and Georgia DOAA High-Tech Data Center Equipment Exemption evaluation, Tables 3-4; both report IMPLAN 2023 direct/indirect/induced Employment, Labor Income, and Value-Added; anchor=MN+GA pooled"
NH,datacenter_operations,2550.0,2130.0,2168.0,2.6854901960784314,298.2184264613337,141.3178020038966,121.68540566534784,,,,436.9961939800057,244.39329102389436,240.62146924427662,2023,"not applicable to job ratios; earnings/value_added deflated via ReEDS inputs/financials/deflator.csv to 2022 USD (output still NaN -- GA operations' Output column is unverified, see comment above)",1.0,,,"Public data-center industry benchmark: Minnesota LBO Data Center Equipment Exemption evaluation, Tables 3-4, and Georgia DOAA High-Tech Data Center Equipment Exemption evaluation, Tables 3-4; both report IMPLAN 2023 direct/indirect/induced Employment, Labor Income, and Value-Added; anchor=MN+GA pooled"
NJ,datacenter_operations,2550.0,2130.0,2168.0,2.6854901960784314,298.2184264613337,141.3178020038966,121.68540566534784,,,,436.9961939800057,244.39329102389436,240.62146924427662,2023,"not applicable to job ratios; earnings/value_added deflated via ReEDS inputs/financials/deflator.csv to 2022 USD (output still NaN -- GA operations' Output column is unverified, see comment above)",1.0,,,"Public data-center industry benchmark: Minnesota LBO Data Center Equipment Exemption evaluation, Tables 3-4, and Georgia DOAA High-Tech Data Center Equipment Exemption evaluation, Tables 3-4; both report IMPLAN 2023 direct/indirect/induced Employment, Labor Income, and Value-Added; anchor=MN+GA pooled"
NM,datacenter_operations,2550.0,2130.0,2168.0,2.6854901960784314,298.2184264613337,141.3178020038966,121.68540566534784,,,,436.9961939800057,244.39329102389436,240.62146924427662,2023,"not applicable to job ratios; earnings/value_added deflated via ReEDS inputs/financials/deflator.csv to 2022 USD (output still NaN -- GA operations' Output column is unverified, see comment above)",1.0,,,"Public data-center industry benchmark: Minnesota LBO Data Center Equipment Exemption evaluation, Tables 3-4, and Georgia DOAA High-Tech Data Center Equipment Exemption evaluation, Tables 3-4; both report IMPLAN 2023 direct/indirect/induced Employment, Labor Income, and Value-Added; anchor=MN+GA pooled"
NV,datacenter_operations,2550.0,2130.0,2168.0,2.6854901960784314,298.2184264613337,141.3178020038966,121.68540566534784,,,,436.9961939800057,244.39329102389436,240.62146924427662,2023,"not applicable to job ratios; earnings/value_added deflated via ReEDS inputs/financials/deflator.csv to 2022 USD (output still NaN -- GA operations' Output column is unverified, see comment above)",1.0,,,"Public data-center industry benchmark: Minnesota LBO Data Center Equipment Exemption evaluation, Tables 3-4, and Georgia DOAA High-Tech Data Center Equipment Exemption evaluation, Tables 3-4; both report IMPLAN 2023 direct/indirect/induced Employment, Labor Income, and Value-Added; anchor=MN+GA pooled"
NY,datacenter_operations,2550.0,2130.0,2168.0,2.6854901960784314,298.2184264613337,141.3178020038966,121.68540566534784,,,,436.9961939800057,244.39329102389436,240.62146924427662,2023,"not applicable to job ratios; earnings/value_added deflated via ReEDS inputs/financials/deflator.csv to 2022 USD (output still NaN -- GA operations' Output column is unverified, see comment above)",1.0,,,"Public data-center industry benchmark: Minnesota LBO Data Center Equipment Exemption evaluation, Tables 3-4, and Georgia DOAA High-Tech Data Center Equipment Exemption evaluation, Tables 3-4; both report IMPLAN 2023 direct/indirect/induced Employment, Labor Income, and Value-Added; anchor=MN+GA pooled"
OH,datacenter_operations,2550.0,2130.0,2168.0,2.6854901960784314,298.2184264613337,141.3178020038966,121.68540566534784,,,,436.9961939800057,244.39329102389436,240.62146924427662,2023,"not applicable to job ratios; earnings/value_added deflated via ReEDS inputs/financials/deflator.csv to 2022 USD (output still NaN -- GA operations' Output column is unverified, see comment above)",1.0,,,"Public data-center industry benchmark: Minnesota LBO Data Center Equipment Exemption evaluation, Tables 3-4, and Georgia DOAA High-Tech Data Center Equipment Exemption evaluation, Tables 3-4; both report IMPLAN 2023 direct/indirect/induced Employment, Labor Income, and Value-Added; anchor=MN+GA pooled"
OK,datacenter_operations,2550.0,2130.0,2168.0,2.6854901960784314,298.2184264613337,141.3178020038966,121.68540566534784,,,,436.9961939800057,244.39329102389436,240.62146924427662,2023,"not applicable to job ratios; earnings/value_added deflated via ReEDS inputs/financials/deflator.csv to 2022 USD (output still NaN -- GA operations' Output column is unverified, see comment above)",1.0,,,"Public data-center industry benchmark: Minnesota LBO Data Center Equipment Exemption evaluation, Tables 3-4, and Georgia DOAA High-Tech Data Center Equipment Exemption evaluation, Tables 3-4; both report IMPLAN 2023 direct/indirect/induced Employment, Labor Income, and Value-Added; anchor=MN+GA pooled"
OR,datacenter_operations,2550.0,2130.0,2168.0,2.6854901960784314,298.2184264613337,141.3178020038966,121.68540566534784,,,,436.9961939800057,244.39329102389436,240.62146924427662,2023,"not applicable to job ratios; earnings/value_added deflated via ReEDS inputs/financials/deflator.csv to 2022 USD (output still NaN -- GA operations' Output column is unverified, see comment above)",1.0,,,"Public data-center industry benchmark: Minnesota LBO Data Center Equipment Exemption evaluation, Tables 3-4, and Georgia DOAA High-Tech Data Center Equipment Exemption evaluation, Tables 3-4; both report IMPLAN 2023 direct/indirect/induced Employment, Labor Income, and Value-Added; anchor=MN+GA pooled"
PA,datacenter_operations,2550.0,2130.0,2168.0,2.6854901960784314,298.2184264613337,141.3178020038966,121.68540566534784,,,,436.9961939800057,244.39329102389436,240.62146924427662,2023,"not applicable to job ratios; earnings/value_added deflated via ReEDS inputs/financials/deflator.csv to 2022 USD (output still NaN -- GA operations' Output column is unverified, see comment above)",1.0,,,"Public data-center industry benchmark: Minnesota LBO Data Center Equipment Exemption evaluation, Tables 3-4, and Georgia DOAA High-Tech Data Center Equipment Exemption evaluation, Tables 3-4; both report IMPLAN 2023 direct/indirect/induced Employment, Labor Income, and Value-Added; anchor=MN+GA pooled"
RI,datacenter_operations,2550.0,2130.0,2168.0,2.6854901960784314,298.2184264613337,141.3178020038966,121.68540566534784,,,,436.9961939800057,244.39329102389436,240.62146924427662,2023,"not applicable to job ratios; earnings/value_added deflated via ReEDS inputs/financials/deflator.csv to 2022 USD (output still NaN -- GA operations' Output column is unverified, see comment above)",1.0,,,"Public data-center industry benchmark: Minnesota LBO Data Center Equipment Exemption evaluation, Tables 3-4, and Georgia DOAA High-Tech Data Center Equipment Exemption evaluation, Tables 3-4; both report IMPLAN 2023 direct/indirect/induced Employment, Labor Income, and Value-Added; anchor=MN+GA pooled"
SC,datacenter_operations,2550.0,2130.0,2168.0,2.6854901960784314,298.2184264613337,141.3178020038966,121.68540566534784,,,,436.9961939800057,244.39329102389436,240.62146924427662,2023,"not applicable to job ratios; earnings/value_added deflated via ReEDS inputs/financials/deflator.csv to 2022 USD (output still NaN -- GA operations' Output column is unverified, see comment above)",1.0,,,"Public data-center industry benchmark: Minnesota LBO Data Center Equipment Exemption evaluation, Tables 3-4, and Georgia DOAA High-Tech Data Center Equipment Exemption evaluation, Tables 3-4; both report IMPLAN 2023 direct/indirect/induced Employment, Labor Income, and Value-Added; anchor=MN+GA pooled"
SD,datacenter_operations,2550.0,2130.0,2168.0,2.6854901960784314,298.2184264613337,141.3178020038966,121.68540566534784,,,,436.9961939800057,244.39329102389436,240.62146924427662,2023,"not applicable to job ratios; earnings/value_added deflated via ReEDS inputs/financials/deflator.csv to 2022 USD (output still NaN -- GA operations' Output column is unverified, see comment above)",1.0,,,"Public data-center industry benchmark: Minnesota LBO Data Center Equipment Exemption evaluation, Tables 3-4, and Georgia DOAA High-Tech Data Center Equipment Exemption evaluation, Tables 3-4; both report IMPLAN 2023 direct/indirect/induced Employment, Labor Income, and Value-Added; anchor=MN+GA pooled"
TN,datacenter_operations,2550.0,2130.0,2168.0,2.6854901960784314,298.2184264613337,141.3178020038966,121.68540566534784,,,,436.9961939800057,244.39329102389436,240.62146924427662,2023,"not applicable to job ratios; earnings/value_added deflated via ReEDS inputs/financials/deflator.csv to 2022 USD (output still NaN -- GA operations' Output column is unverified, see comment above)",1.0,,,"Public data-center industry benchmark: Minnesota LBO Data Center Equipment Exemption evaluation, Tables 3-4, and Georgia DOAA High-Tech Data Center Equipment Exemption evaluation, Tables 3-4; both report IMPLAN 2023 direct/indirect/induced Employment, Labor Income, and Value-Added; anchor=MN+GA pooled"
TX,datacenter_operations,2550.0,2130.0,2168.0,2.6854901960784314,298.2184264613337,141.3178020038966,121.68540566534784,,,,436.9961939800057,244.39329102389436,240.62146924427662,2023,"not applicable to job ratios; earnings/value_added deflated via ReEDS inputs/financials/deflator.csv to 2022 USD (output still NaN -- GA operations' Output column is unverified, see comment above)",1.0,,,"Public data-center industry benchmark: Minnesota LBO Data Center Equipment Exemption evaluation, Tables 3-4, and Georgia DOAA High-Tech Data Center Equipment Exemption evaluation, Tables 3-4; both report IMPLAN 2023 direct/indirect/induced Employment, Labor Income, and Value-Added; anchor=MN+GA pooled"
UT,datacenter_operations,2550.0,2130.0,2168.0,2.6854901960784314,298.2184264613337,141.3178020038966,121.68540566534784,,,,436.9961939800057,244.39329102389436,240.62146924427662,2023,"not applicable to job ratios; earnings/value_added deflated via ReEDS inputs/financials/deflator.csv to 2022 USD (output still NaN -- GA operations' Output column is unverified, see comment above)",1.0,,,"Public data-center industry benchmark: Minnesota LBO Data Center Equipment Exemption evaluation, Tables 3-4, and Georgia DOAA High-Tech Data Center Equipment Exemption evaluation, Tables 3-4; both report IMPLAN 2023 direct/indirect/induced Employment, Labor Income, and Value-Added; anchor=MN+GA pooled"
VA,datacenter_operations,2550.0,2130.0,2168.0,2.6854901960784314,298.2184264613337,141.3178020038966,121.68540566534784,,,,436.9961939800057,244.39329102389436,240.62146924427662,2023,"not applicable to job ratios; earnings/value_added deflated via ReEDS inputs/financials/deflator.csv to 2022 USD (output still NaN -- GA operations' Output column is unverified, see comment above)",1.0,,,"Public data-center industry benchmark: Minnesota LBO Data Center Equipment Exemption evaluation, Tables 3-4, and Georgia DOAA High-Tech Data Center Equipment Exemption evaluation, Tables 3-4; both report IMPLAN 2023 direct/indirect/induced Employment, Labor Income, and Value-Added; anchor=MN+GA pooled"
VT,datacenter_operations,2550.0,2130.0,2168.0,2.6854901960784314,298.2184264613337,141.3178020038966,121.68540566534784,,,,436.9961939800057,244.39329102389436,240.62146924427662,2023,"not applicable to job ratios; earnings/value_added deflated via ReEDS inputs/financials/deflator.csv to 2022 USD (output still NaN -- GA operations' Output column is unverified, see comment above)",1.0,,,"Public data-center industry benchmark: Minnesota LBO Data Center Equipment Exemption evaluation, Tables 3-4, and Georgia DOAA High-Tech Data Center Equipment Exemption evaluation, Tables 3-4; both report IMPLAN 2023 direct/indirect/induced Employment, Labor Income, and Value-Added; anchor=MN+GA pooled"
WA,datacenter_operations,2550.0,2130.0,2168.0,2.6854901960784314,298.2184264613337,141.3178020038966,121.68540566534784,,,,436.9961939800057,244.39329102389436,240.62146924427662,2023,"not applicable to job ratios; earnings/value_added deflated via ReEDS inputs/financials/deflator.csv to 2022 USD (output still NaN -- GA operations' Output column is unverified, see comment above)",1.0,,,"Public data-center industry benchmark: Minnesota LBO Data Center Equipment Exemption evaluation, Tables 3-4, and Georgia DOAA High-Tech Data Center Equipment Exemption evaluation, Tables 3-4; both report IMPLAN 2023 direct/indirect/induced Employment, Labor Income, and Value-Added; anchor=MN+GA pooled"
WI,datacenter_operations,2550.0,2130.0,2168.0,2.6854901960784314,298.2184264613337,141.3178020038966,121.68540566534784,,,,436.9961939800057,244.39329102389436,240.62146924427662,2023,"not applicable to job ratios; earnings/value_added deflated via ReEDS inputs/financials/deflator.csv to 2022 USD (output still NaN -- GA operations' Output column is unverified, see comment above)",1.0,,,"Public data-center industry benchmark: Minnesota LBO Data Center Equipment Exemption evaluation, Tables 3-4, and Georgia DOAA High-Tech Data Center Equipment Exemption evaluation, Tables 3-4; both report IMPLAN 2023 direct/indirect/induced Employment, Labor Income, and Value-Added; anchor=MN+GA pooled"
WV,datacenter_operations,2550.0,2130.0,2168.0,2.6854901960784314,298.2184264613337,141.3178020038966,121.68540566534784,,,,436.9961939800057,244.39329102389436,240.62146924427662,2023,"not applicable to job ratios; earnings/value_added deflated via ReEDS inputs/financials/deflator.csv to 2022 USD (output still NaN -- GA operations' Output column is unverified, see comment above)",1.0,,,"Public data-center industry benchmark: Minnesota LBO Data Center Equipment Exemption evaluation, Tables 3-4, and Georgia DOAA High-Tech Data Center Equipment Exemption evaluation, Tables 3-4; both report IMPLAN 2023 direct/indirect/induced Employment, Labor Income, and Value-Added; anchor=MN+GA pooled"
WY,datacenter_operations,2550.0,2130.0,2168.0,2.6854901960784314,298.2184264613337,141.3178020038966,121.68540566534784,,,,436.9961939800057,244.39329102389436,240.62146924427662,2023,"not applicable to job ratios; earnings/value_added deflated via ReEDS inputs/financials/deflator.csv to 2022 USD (output still NaN -- GA operations' Output column is unverified, see comment above)",1.0,,,"Public data-center industry benchmark: Minnesota LBO Data Center Equipment Exemption evaluation, Tables 3-4, and Georgia DOAA High-Tech Data Center Equipment Exemption evaluation, Tables 3-4; both report IMPLAN 2023 direct/indirect/induced Employment, Labor Income, and Value-Added; anchor=MN+GA pooled"
